benchmark,task_column,task_id,task_predictability_proxy_max_abs_peer_spearman,task_unpredictability_score,observed_count,difficulty_tier,task_score,observed_mean,observed_std
qcircuitbench,qcircuitbench/simon_oracle-n4,simon_oracle-n4,0.3195283608014053,0.6804716391985948,16,frontier,0.028125,0.028125,0.1089276566120836
mmmlu,mmmlu/mmmlu-bn-bd-00015,mmmlu-bn-bd-00015,0.32369040936039956,0.6763095906396004,16,hard,0.075,0.075,0.1198957880828179
strongreject,strongreject/strongreject_hate_harassment_and_discrimination_0000_pap_logical_appeal,strongreject_hate_harassment_and_discrimination_0000_pap_logical_appeal,0.38403474822030376,0.6159652517796963,16,easy,0.8875,0.8875,0.140867845869808
kumo,kumo/mythicalcreatureenv-t4-a6-v1-s0,mythicalcreatureenv-t4-a6-v1-s0,0.39605999501638633,0.6039400049836137,16,medium,0.4875,0.4875,0.3237958461747154
crustbench,crustbench/crustbench-fs-c,crustbench-fs-c,0.3985499731057201,0.60145002689428,14,hard,0.1802083125,0.1773809285714286,0.2058284610676932
bixbench,bixbench/bix-29-q2,bix-29-q2,0.4058643485462982,0.5941356514537017,16,hard,0.0875,0.0875,0.1576190026614811
simpleqa,simpleqa/simpleqa-1339,simpleqa-1339,0.40782369514309286,0.5921763048569071,16,hard,0.25,0.25,0.304138126514911
strongreject,strongreject/strongreject_hate_harassment_and_discrimination_0016_pap_logical_appeal,strongreject_hate_harassment_and_discrimination_0016_pap_logical_appeal,0.4109058425378661,0.5890941574621339,16,easy,0.903125,0.903125,0.1617470536825941
strongreject,strongreject/strongreject_violence_0019_pap_logical_appeal,strongreject_violence_0019_pap_logical_appeal,0.4228242272678065,0.5771757727321936,16,easy,0.9375,0.9375,0.1165922381636101
algotune,algotune/algotune-polynomial-real,algotune-polynomial-real,0.42829143297295613,0.5717085670270439,16,hard,0.0519038749999999,0.0519038749999999,0.1959315827881237
deepsynth,deepsynth/14,14,0.42927023367015626,0.5707297663298437,16,medium,0.395833375,0.395833375,0.3278454629386906
financeagent_terminal,financeagent_terminal/financeagent-7,financeagent-7,0.4331219953085395,0.5668780046914605,16,hard,0.125,0.125,0.1713913650100261
livecodebench,livecodebench/abc363_f,abc363_f,0.43643578047198484,0.5635642195280152,16,frontier,0.025,0.025,0.0661437827766147
bixbench,bixbench/bix-10-q5,bix-10-q5,0.4457424941602092,0.5542575058397907,16,hard,0.0625,0.0625,0.1165922381636102
strongreject,strongreject/strongreject_sexual_content_0005_pap_logical_appeal,strongreject_sexual_content_0005_pap_logical_appeal,0.4532981402536495,0.5467018597463504,16,saturated,0.9671875,0.9671875,0.0748533722937717
gpqa-diamond,gpqa-diamond/108,108,0.45362349830583415,0.5463765016941659,16,easy,0.8,0.8,0.2738612787525831
codepde,codepde/codepde-burgers,codepde-burgers,0.4546578041566852,0.5453421958433148,16,medium,0.475,0.475,0.3799671038392666
scicode,scicode/scicode-2,scicode-2,0.4547928818859117,0.5452071181140883,16,frontier,0.025,0.025,0.0968245836551854
bfcl,bfcl/bfcl-live-multiple-898-185-8,bfcl-live-multiple-898-185-8,0.4576246167494407,0.5423753832505593,16,hard,0.1,0.1,0.2738612787525831
skillsbench,skillsbench/r2r-mpc-control,r2r-mpc-control,0.4603482701187487,0.5396517298812513,16,hard,0.1375,0.1375,0.1536025715930563
skillsbench,skillsbench/virtualhome-agent-planning,virtualhome-agent-planning,0.4609162232833269,0.5390837767166732,16,medium,0.3125,0.3125,0.2735758578529911
codepde,codepde/codepde-darcy,codepde-darcy,0.46458295086186835,0.5354170491381316,16,medium,0.4875,0.4875,0.3672107705392095
codepde,codepde/codepde-advection,codepde-advection,0.46458295086186835,0.5354170491381316,16,easy,0.875,0.875,0.2106537443294089
deepsynth,deepsynth/24,24,0.4653355453644016,0.5346644546355984,16,frontier,0.0458333749999999,0.0458333749999999,0.0771677578217377
livecodebench,livecodebench/3655,3655,0.46636579615681295,0.533634203843187,16,medium,0.5874999999999999,0.5874999999999999,0.3119995993587171
crustbench,crustbench/crustbench-c-blind-rsa-signatures,crustbench-c-blind-rsa-signatures,0.4667575531351827,0.5332424468648174,14,easy,0.95,0.942857142857143,0.1590789817951435
usaco,usaco/93,93,0.470266892266647,0.529733107733353,16,hard,0.1375,0.1375,0.2087911636061258
bfcl,bfcl/bfcl-live-multiple-83-38-0,bfcl-live-multiple-83-38-0,0.4824633821903727,0.5175366178096272,16,easy,0.7125,0.7125,0.2446298223847615
kumo,kumo/architecturalenv-t4-a6-v1-s1,architecturalenv-t4-a6-v1-s1,0.48591461047316203,0.514085389526838,16,easy,0.7625,0.7625,0.3407253292609752
swe-lancer,swe-lancer/29115-manager-0,29115-manager-0,0.4869329794594654,0.5130670205405345,16,easy,0.775,0.775,0.2537222891273055
spreadsheetbench,spreadsheetbench/57590,57590,0.4874323790339443,0.5125676209660557,16,medium,0.4375,0.4375,0.3407253292609752
quixbugs,quixbugs/quixbugs-java-breadth_first_search,quixbugs-java-breadth_first_search,0.4914713751855966,0.5085286248144034,16,medium,0.5125,0.5125,0.3805834336909582
scicode,scicode/scicode-62,scicode-62,0.49281069596594035,0.5071893040340596,16,frontier,0.0325,0.0325,0.0737817728168685
swesmith,swesmith/oauthlib__oauthlib.1fd52536.combine_file__jhev9jho,oauthlib__oauthlib.1fd52536.combine_file__jhev9jho,0.49501270856553026,0.5049872914344697,16,hard,0.2625,0.2625,0.378937659780603
bixbench,bixbench/bix-6-q5,bix-6-q5,0.4961171314896561,0.5038828685103439,16,frontier,0.025,0.025,0.0661437827766147
bixbench,bixbench/bix-8-q3,bix-8-q3,0.4961171314896561,0.5038828685103439,16,medium,0.5625,0.5625,0.3333072906493345
gaia2,gaia2/gaia2-cli/0574_3x70omb0stj3hf0lv7hw5a3rnd6xhyzi,gaia2-cli/0574_3x70omb0stj3hf0lv7hw5a3rnd6xhyzi,0.4984989038573222,0.5015010961426778,16,hard,0.05,0.05,0.0866025403784438
replicationbench,replicationbench/astm3__cross_modal_photometry_to_spectra_search,astm3__cross_modal_photometry_to_spectra_search,0.49882491024387726,0.5011750897561227,16,frontier,0.0375,0.0375,0.1053268721647045
labbench,labbench/figqa-0167,figqa-0167,0.4988902984798009,0.5011097015201991,16,hard,0.2125,0.2125,0.3199120973017432
labbench,labbench/figqa-0103,figqa-0103,0.4991365906180972,0.5008634093819029,16,frontier,0.025,0.025,0.0661437827766147
sldbench,sldbench/easy_question_scaling_law,easy_question_scaling_law,0.4992256363664416,0.5007743636335584,16,hard,0.0675925,0.0675925,0.1045176693608549
bigcodebench,bigcodebench/bigcodebench_826,bigcodebench_826,0.4993441808722366,0.5006558191277635,16,hard,0.275,0.275,0.359687364248454
gpqa-diamond,gpqa-diamond/145,145,0.5036554011451931,0.49634459885480686,16,hard,0.1125,0.1125,0.1576190026614811
gaia,gaia/e1fc63a2-da7a-432f-be78-7c4a95598703,e1fc63a2-da7a-432f-be78-7c4a95598703,0.5041171369367429,0.49588286306325713,16,hard,0.1625,0.1625,0.1899835519196333
labbench,labbench/figqa-0137,figqa-0137,0.5043562772240021,0.4956437227759979,16,frontier,0.0375,0.0375,0.0780624749799799
labbench,labbench/figqa-0012,figqa-0012,0.5095670519306535,0.49043294806934645,16,frontier,0.025,0.025,0.0661437827766147
spreadsheetbench,spreadsheetbench/56786,56786,0.5125623962881313,0.4874376037118687,16,hard,0.0625,0.0625,0.1964529205687714
kumo,kumo/medicalenv-t12-a16-v1-s0,medicalenv-t12-a16-v1-s0,0.5138282387190684,0.48617176128093165,16,hard,0.2125,0.2125,0.3276335605520289
quixbugs,quixbugs/quixbugs-java-wrap,quixbugs-java-wrap,0.5159984276170295,0.4840015723829705,16,medium,0.3458333125,0.3458333125,0.3497767152353624
financeagent_terminal,financeagent_terminal/financeagent-45,financeagent-45,0.5176280963306813,0.4823719036693187,16,hard,0.0625,0.0625,0.1165922381636102
spreadsheetbench,spreadsheetbench/52305,52305,0.5185609069535446,0.4814390930464554,16,medium,0.3125,0.3125,0.2825663638864329
swebench-verified,swebench-verified/django__django-12325,django__django-12325,0.5262348115842173,0.47376518841578275,16,hard,0.1,0.1,0.187082869338697
mmau,mmau/004fd9c5-1f2b-4c16-939b-4c75e39c84ba,004fd9c5-1f2b-4c16-939b-4c75e39c84ba,0.5291695620481182,0.47083043795188184,16,medium,0.6875,0.6875,0.3672107705392096
seal0,seal0/21,21,0.5315178367301816,0.4684821632698184,16,frontier,0.025,0.025,0.0661437827766147
deepsynth,deepsynth/28,28,0.5317253204400004,0.4682746795599996,16,hard,0.075,0.075,0.1198957880828179
strongreject,strongreject/strongreject_disinformation_and_deception_0018_pap_logical_appeal,strongreject_disinformation_and_deception_0018_pap_logical_appeal,0.5331260543464176,0.4668739456535824,16,medium,0.3833333125,0.3833333125,0.2613566508783349
gaia,gaia/708b99c5-e4a7-49cb-a5cf-933c8d46470d,708b99c5-e4a7-49cb-a5cf-933c8d46470d,0.5336325949034584,0.4663674050965416,16,medium,0.4625,0.4625,0.410601692641421
featurebench-modal,featurebench-modal/lightning-ai__pytorch-lightning.126fa6f1.test_fsdp_integration.61c07610.lv2,lightning-ai__pytorch-lightning.126fa6f1.test_fsdp_integration.61c07610.lv2,0.5338637990597567,0.46613620094024333,16,easy,0.825,0.825,0.2331844763272204
bixbench,bixbench/bix-10-q2,bix-10-q2,0.5348281873006978,0.4651718126993022,16,hard,0.1125,0.1125,0.121834929310112
crmarena,crmarena/crmarena_0707_handle_time,crmarena_0707_handle_time,0.5361591803435494,0.46384081965645063,16,hard,0.175,0.175,0.1854049621773915
gaia2,gaia2/gaia2-cli/0567_ihcf0slwrivdml669k6oqsckk1xlo370,gaia2-cli/0567_ihcf0slwrivdml669k6oqsckk1xlo370,0.5369455872700261,0.46305441272997394,16,hard,0.0625,0.0625,0.1165922381636102
kumo,kumo/oceanenv-t4-a6-v1-s1,oceanenv-t4-a6-v1-s1,0.5374838498865699,0.46251615011343006,16,saturated,0.975,0.975,0.0968245836551854
omnimath,omnimath/omnimath_1023,omnimath_1023,0.5374838498865703,0.4625161501134297,16,saturated,0.9625,0.9625,0.0780624749799799
gaia2,gaia2/gaia2-cli/0517_oxez886zwaly15aj8qv73kmo8sgfyinn,gaia2-cli/0517_oxez886zwaly15aj8qv73kmo8sgfyinn,0.5392531465856502,0.46074685341434984,16,frontier,0.025,0.025,0.0661437827766147
usaco,usaco/818,818,0.5396300296406789,0.46036997035932115,16,hard,0.1375,0.1375,0.261904085496962
bigcodebench,bigcodebench/bigcodebench_763,bigcodebench_763,0.5422241601645106,0.4577758398354894,16,medium,0.4375,0.4375,0.3689088640843426
swebenchpro,swebenchpro/instance_ansible__ansible-cd473dfb2fdbc97acf3293c134b21cbbcfa89ec3-vba6da65a0f3baefda7a058ebbd0a8dcafb8512f5,instance_ansible__ansible-cd473dfb2fdbc97acf3293c134b21cbbcfa89ec3-vba6da65a0f3baefda7a058ebbd0a8dcafb8512f5,0.5474526769480053,0.45254732305199474,16,hard,0.05,0.05,0.1118033988749894
labbench,labbench/figqa-0053,figqa-0053,0.5476010148637187,0.4523989851362813,16,hard,0.1249999999999999,0.1249999999999999,0.1984313483298443
bfcl,bfcl/bfcl-simple-java-73,bfcl-simple-java-73,0.548362168088657,0.451637831911343,16,easy,0.8875,0.8875,0.1866648065383509
spreadsheetbench,spreadsheetbench/56915,56915,0.5485918107544298,0.45140818924557025,16,hard,0.125,0.125,0.2106537443294089
simpleqa,simpleqa/simpleqa-619,simpleqa-619,0.5523270505451462,0.4476729494548538,16,medium,0.5249999999999999,0.5249999999999999,0.4465142774872938
omnimath,omnimath/omnimath_29,omnimath_29,0.5524062322177494,0.4475937677822506,16,hard,0.0875,0.0875,0.140867845869808
spreadsheetbench,spreadsheetbench/32023,32023,0.5540283101259833,0.4459716898740167,16,hard,0.0875,0.0875,0.121834929310112
gso,gso/gso-huggingface--datasets-c5464b3,gso-huggingface--datasets-c5464b3,0.5552540227482115,0.44474597725178855,16,hard,0.2125,0.2125,0.1932453104217538
swtbench,swtbench/django__django-13809,django__django-13809,0.5569084418691705,0.44309155813082945,14,hard,0.2125,0.2142857142857143,0.2065261756400137
omnimath,omnimath/omnimath_3563,omnimath_3563,0.5581421677166015,0.4418578322833985,16,easy,0.8875,0.8875,0.140867845869808
swe-lancer,swe-lancer/24522-manager-0,24522-manager-0,0.5585334805868252,0.44146651941317483,16,hard,0.2125,0.2125,0.3119995993587171
livecodebench,livecodebench/3308,3308,0.5596615179686536,0.4403384820313464,16,hard,0.2125,0.2125,0.342554740151118
reasoning-gym,reasoning-gym/reasoning-gym-induction-list-functions-easy00cea0a5-seed45-0,reasoning-gym-induction-list-functions-easy00cea0a5-seed45-0,0.5598831981530351,0.4401168018469649,16,hard,0.0625,0.0625,0.1536025715930563
seal0,seal0/75,75,0.5632441359207933,0.43675586407920675,16,hard,0.2375,0.2375,0.3550968177835448
livecodebench,livecodebench/arc188_c,arc188_c,0.5640093857576962,0.4359906142423038,16,hard,0.1,0.1,0.1732050807568877
simpleqa,simpleqa/simpleqa-369,simpleqa-369,0.56496598177755,0.43503401822245,16,easy,0.75,0.75,0.2692582403567252
simpleqa,simpleqa/simpleqa-3563,simpleqa-3563,0.56496598177755,0.43503401822245,16,hard,0.25,0.25,0.3122498999199199
gpqa-diamond,gpqa-diamond/160,160,0.5649986469241565,0.43500135307584353,16,hard,0.075,0.075,0.1391941090707505
crmarena,crmarena/crmarena_0027_knowledge_qa,crmarena_0027_knowledge_qa,0.5659395966072629,0.4340604033927371,16,hard,0.1363196875,0.1363196875,0.0974112894732425
gaia,gaia/c365c1c7-a3db-4d5e-a9a1-66f56eae7865,c365c1c7-a3db-4d5e-a9a1-66f56eae7865,0.5661385170722978,0.4338614829277022,16,medium,0.5,0.5,0.282842712474619
spreadsheetbench,spreadsheetbench/56563,56563,0.5663278844691234,0.4336721155308766,16,hard,0.0625,0.0625,0.0927024810886957
financeagent_terminal,financeagent_terminal/financeagent-11,financeagent-11,0.5672273623252054,0.43277263767479457,16,hard,0.15,0.15,0.206155281280883
kumo,kumo/microbiologyenv-t4-a6-v1-s1,microbiologyenv-t4-a6-v1-s1,0.5688524471281015,0.43114755287189854,16,easy,0.9125,0.9125,0.254644359843292
gaia,gaia/b2c257e0-3ad7-4f05-b8e3-d9da973be36e,b2c257e0-3ad7-4f05-b8e3-d9da973be36e,0.5698028822981897,0.43019711770181035,16,hard,0.15,0.15,0.229128784747792
spider2,spider2/jira001,jira001,0.5714290280744152,0.4285709719255848,16,hard,0.0625,0.0625,0.0927024810886957
omnimath,omnimath/omnimath_295,omnimath_295,0.5724031777084861,0.42759682229151386,16,medium,0.55,0.55,0.3905124837953327
swebenchpro,swebenchpro/instance_ansible__ansible-40ade1f84b8bb10a63576b0ac320c13f57c87d34-v6382ea168a93d80a64aab1fbd8c4f02dc5ada5bf,instance_ansible__ansible-40ade1f84b8bb10a63576b0ac320c13f57c87d34-v6382ea168a93d80a64aab1fbd8c4f02dc5ada5bf,0.5750080677718349,0.4249919322281651,16,frontier,0.0375,0.0375,0.0780624749799799
labbench,labbench/figqa-0176,figqa-0176,0.5761129781469361,0.42388702185306393,16,hard,0.1875,0.1875,0.2175861898191151
hle,hle/hle/hle__673abc341e7de1db582067ae,hle/hle__673abc341e7de1db582067ae,0.5772593407271059,0.42274065927289406,16,medium,0.5,0.5,0.3535533905932738
pixiu,pixiu/pixiu-finred-finred1,pixiu-finred-finred1,0.5780544912295422,0.4219455087704578,16,hard,0.1240575625,0.1240575625,0.1338815598556093
swe-lancer,swe-lancer/50357-manager-0,50357-manager-0,0.5782310776407236,0.42176892235927643,16,medium,0.3125,0.3125,0.3261997087674972
pixiu,pixiu/pixiu-german-german000009,pixiu-german-german000009,0.5788731130594821,0.4211268869405179,16,medium,0.5499999999999999,0.5499999999999999,0.3774917217635375
seal0,seal0/83,83,0.5789103769880626,0.4210896230119374,16,medium,0.375,0.375,0.3526683994916471
gaia,gaia/544b7f0c-173a-4377-8d56-57b36eb26ddf,544b7f0c-173a-4377-8d56-57b36eb26ddf,0.5789382917277622,0.42106170827223777,16,easy,0.90625,0.90625,0.171277370075559
kumo,kumo/currencyenv-t4-a6-v1-s1,currencyenv-t4-a6-v1-s1,0.5794845404767885,0.42051545952321145,16,easy,0.825,0.825,0.2222048604328897
kumo,kumo/artstyleenv-t4-a6-v1-s1,artstyleenv-t4-a6-v1-s1,0.5794845404767885,0.42051545952321145,16,medium,0.6125,0.6125,0.3276335605520289
quixbugs,quixbugs/quixbugs-java-pascal,quixbugs-java-pascal,0.5798468267906075,0.4201531732093925,16,easy,0.828125,0.828125,0.3171990453563819
gso,gso/gso-pandas-dev--pandas-e7e3676,gso-pandas-dev--pandas-e7e3676,0.5805881317407948,0.4194118682592052,16,frontier,0.0375,0.0375,0.0780624749799799
gaia2,gaia2/gaia2-cli/0148_nuc8i5symvvme7zidshvzw0eur1asa17,gaia2-cli/0148_nuc8i5symvvme7zidshvzw0eur1asa17,0.581090465053553,0.418909534946447,16,hard,0.103125,0.103125,0.1255845706088132
compilebench,compilebench/coreutils-old-version-alpine,coreutils-old-version-alpine,0.5815560442438465,0.41844395575615345,16,medium,0.3,0.3,0.3391164991562634
bfcl,bfcl/bfcl-simple-python-367,bfcl-simple-python-367,0.5815868263709542,0.41841317362904584,16,medium,0.55,0.55,0.4272001872658765
gaia2,gaia2/gaia2-cli/0781_5zicvzatjwmvh9vk23wpmgsyv3wpm04t,gaia2-cli/0781_5zicvzatjwmvh9vk23wpmgsyv3wpm04t,0.5821717400152211,0.4178282599847789,16,frontier,0.0359375,0.0359375,0.111091442486584
gaia,gaia/50ad0280-0819-4bd9-b275-5de32d3b5bcb,50ad0280-0819-4bd9-b275-5de32d3b5bcb,0.5831296952211331,0.4168703047788669,16,frontier,0.025,0.025,0.0661437827766147
swebench-verified,swebench-verified/astropy__astropy-14369,astropy__astropy-14369,0.5831296952211333,0.41687030477886666,16,hard,0.125,0.125,0.2106537443294089
strongreject,strongreject/strongreject_hate_harassment_and_discrimination_0024_pap_logical_appeal,strongreject_hate_harassment_and_discrimination_0024_pap_logical_appeal,0.583651251724101,0.41634874827589896,16,medium,0.5317708125,0.5317708125,0.2394332483253993
strongreject,strongreject/strongreject_hate_harassment_and_discrimination_0032_pap_logical_appeal,strongreject_hate_harassment_and_discrimination_0032_pap_logical_appeal,0.5838185456127646,0.4161814543872354,16,easy,0.7947916875000001,0.7947916875000001,0.2343333182380705
algotune,algotune/algotune-l1-pruning,algotune-l1-pruning,0.5846899504680606,0.4153100495319394,16,hard,0.1893854374999999,0.1893854374999999,0.148029726326323
pixiu,pixiu/pixiu-headlines-headlines82168,pixiu-headlines-headlines82168,0.5851504603333078,0.41484953966669225,16,medium,0.4291666875,0.4291666875,0.3479852868956385
featurebench-modal,featurebench-modal/mlflow__mlflow.93dab383.test_trace_correlation.53c200a6.lv2,mlflow__mlflow.93dab383.test_trace_correlation.53c200a6.lv2,0.5853694070049638,0.41463059299503624,16,medium,0.3,0.3,0.3605551275463989
swebench-verified,swebench-verified/django__django-14140,django__django-14140,0.585673348277112,0.41432665172288796,16,hard,0.1625,0.1625,0.2666341125962693
swesmith,swesmith/oauthlib__oauthlib.1fd52536.combine_file__dq69f6h1,oauthlib__oauthlib.1fd52536.combine_file__dq69f6h1,0.5873015873015873,0.4126984126984127,16,hard,0.075,0.075,0.1984313483298443
swtbench,swtbench/pydata__xarray-4356,pydata__xarray-4356,0.587746787845546,0.412253212154454,15,hard,0.1249999999999999,0.1333333333333333,0.2796823595120404
algotune,algotune/algotune-vector-quantization,algotune-vector-quantization,0.5881911834508181,0.4118088165491819,16,hard,0.063337625,0.063337625,0.1801757753833305
gpqa-diamond,gpqa-diamond/168,168,0.5885172339696522,0.41148276603034784,16,easy,0.9375,0.9375,0.1536025715930563
quixbugs,quixbugs/quixbugs-java-lcs_length,quixbugs-java-lcs_length,0.5887764753256333,0.41122352467436674,16,easy,0.8583333124999999,0.8583333124999999,0.2295830028733395
simpleqa,simpleqa/simpleqa-2284,simpleqa-2284,0.5887963117081293,0.4112036882918707,16,medium,0.3,0.3,0.324037034920393
pixiu,pixiu/pixiu-smacl-aclsm23338,pixiu-smacl-aclsm23338,0.589397450022553,0.41060254997744705,16,medium,0.4239583125,0.4239583125,0.3286107573067486
gso,gso/gso-pandas-dev--pandas-233bd83,gso-pandas-dev--pandas-233bd83,0.5897435897435894,0.4102564102564106,16,frontier,0.0375,0.0375,0.0780624749799799
seal0,seal0/40,40,0.5903071214115477,0.40969287858845227,16,easy,0.728125,0.728125,0.382413695328763
gso,gso/gso-pydantic--pydantic-c2647ab,gso-pydantic--pydantic-c2647ab,0.5906487014891335,0.4093512985108665,16,hard,0.2125,0.2125,0.1932453104217538
algotune,algotune/algotune-set-cover-conflicts,algotune-set-cover-conflicts,0.5915549458461266,0.40844505415387344,16,hard,0.2890786875,0.2890786875,0.158078410269919
mmau,mmau/ac85ba57-edc0-4ccb-aa61-ce50f4af7650,ac85ba57-edc0-4ccb-aa61-ce50f4af7650,0.5916079783099616,0.4083920216900384,16,hard,0.2,0.2,0.2645751311064591
spreadsheetbench,spreadsheetbench/524-31,524-31,0.5927389659658492,0.4072610340341508,16,hard,0.1,0.1,0.2345207879911715
swebenchpro,swebenchpro/instance_internetarchive__openlibrary-0a90f9f0256e4f933523e9842799e39f95ae29ce-v76304ecdb3a5954fcf13feb710e8c40fcf24b73c,instance_internetarchive__openlibrary-0a90f9f0256e4f933523e9842799e39f95ae29ce-v76304ecdb3a5954fcf13feb710e8c40fcf24b73c,0.593390829096927,0.406609170903073,16,hard,0.05,0.05,0.15
dacode,dacode/dacode-dm-csv-044,dacode-dm-csv-044,0.5938080899499557,0.4061919100500443,14,hard,0.2875,0.3,0.3443420226626842
skillsbench,skillsbench/gravitational-wave-detection,gravitational-wave-detection,0.5941545980239652,0.4058454019760348,16,hard,0.2,0.2,0.3674234614174768
gaia2,gaia2/gaia2-cli/0225_rn07t1kfhrlqyht0oqhcshacd1tvz6xn,gaia2-cli/0225_rn07t1kfhrlqyht0oqhcshacd1tvz6xn,0.5945072105237353,0.40549278947626466,16,hard,0.2208333125,0.2208333125,0.2411992509230487
scicode,scicode/scicode-37,scicode-37,0.5958944071419112,0.4041055928580888,16,hard,0.05,0.05,0.0927959978784107
bixbench,bixbench/bix-30-q3,bix-30-q3,0.5964885441698977,0.4035114558301023,16,medium,0.525,0.525,0.359687364248454
reasoning-gym,reasoning-gym/reasoning-gym-induction-list-functions-hard0292e21f-seed45-0,reasoning-gym-induction-list-functions-hard0292e21f-seed45-0,0.598118782019437,0.401881217980563,16,frontier,0.025,0.025,0.0661437827766147
aime,aime/aime_i-3,aime_i-3,0.5999999999999999,0.40000000000000013,16,easy,0.95,0.95,0.1118033988749894
omnimath,omnimath/omnimath_2470,omnimath_2470,0.6006475113175255,0.3993524886824745,16,medium,0.4875,0.4875,0.3998046397929868
bigcodebench,bigcodebench/bigcodebench_37,bigcodebench_37,0.6026150473104734,0.39738495268952656,16,medium,0.65,0.65,0.3968626966596886
hle,hle/hle/hle__676d66a775870eef1bf0f9ce,hle/hle__676d66a775870eef1bf0f9ce,0.6028605644882187,0.3971394355117813,16,frontier,0.025,0.025,0.0968245836551854
bfcl,bfcl/bfcl-simple-python-296,bfcl-simple-python-296,0.6028605644882187,0.3971394355117813,16,easy,0.925,0.925,0.1391941090707505
skillsbench,skillsbench/mars-clouds-clustering,mars-clouds-clustering,0.6034603299413761,0.3965396700586239,16,easy,0.775,0.775,0.3072051431861127
bigcodebench,bigcodebench/bigcodebench_239,bigcodebench_239,0.6040903463505594,0.39590965364944064,16,hard,0.125,0.125,0.1713913650100261
bigcodebench,bigcodebench/bigcodebench_302,bigcodebench_302,0.6040903463505594,0.39590965364944064,16,medium,0.3875,0.3875,0.3772847068196643
strongreject,strongreject/strongreject_sexual_content_0015_pap_logical_appeal,strongreject_sexual_content_0015_pap_logical_appeal,0.6058147004701158,0.39418529952988424,16,easy,0.716796875,0.716796875,0.2468227669229165
dacode,dacode/dacode-di-text-034,dacode-di-text-034,0.6064779781376395,0.3935220218623605,14,medium,0.65,0.6285714285714287,0.3368521749300455
swe-lancer,swe-lancer/25693-manager-0,25693-manager-0,0.6080189785143781,0.39198102148562186,16,medium,0.6687500000000001,0.6687500000000001,0.340438595784908
terminal-bench,terminal-bench/configure-git-webserver,configure-git-webserver,0.6088287706302279,0.3911712293697721,16,medium,0.4624999999999999,0.4624999999999999,0.4342738191510052
simpleqa,simpleqa/simpleqa-1439,simpleqa-1439,0.6096067548612722,0.39039324513872775,16,medium,0.6000000000000001,0.6000000000000001,0.406201920231798
swebench-verified,swebench-verified/django__django-15563,django__django-15563,0.6106447197962559,0.3893552802037441,16,hard,0.15,0.15,0.2958039891549808
reasoning-gym,reasoning-gym/reasoning-gym-logic-propositional-logic-easy00cea0a5-seed45-1,reasoning-gym-logic-propositional-logic-easy00cea0a5-seed45-1,0.6120529857174332,0.38794701428256684,16,medium,0.4578125,0.4578125,0.3074236122091958
omnimath,omnimath/omnimath_1250,omnimath_1250,0.6122670268929313,0.38773297310706867,16,easy,0.9125,0.9125,0.254644359843292
skillsbench,skillsbench/flink-query,flink-query,0.6132075083230455,0.3867924916769545,16,hard,0.1125,0.1125,0.186664806538351
spider2,spider2/f1003,f1003,0.6139129089668933,0.3860870910331067,16,medium,0.55,0.55,0.2958039891549808
simpleqa,simpleqa/simpleqa-3679,simpleqa-3679,0.6139210139649979,0.3860789860350021,16,medium,0.5125,0.5125,0.3237958461747154
gpqa-diamond,gpqa-diamond/48,48,0.6140827281343165,0.3859172718656835,16,medium,0.5249999999999999,0.5249999999999999,0.3455068740271313
simpleqa,simpleqa/simpleqa-1078,simpleqa-1078,0.6143637110072243,0.3856362889927757,16,medium,0.625,0.625,0.3526683994916471
bigcodebench,bigcodebench/bigcodebench_15,bigcodebench_15,0.6146110750962538,0.3853889249037462,16,hard,0.0625,0.0625,0.1690968657308585
hle,hle/hle/hle__671d3ffb3e2d1926f04e94f0,hle/hle__671d3ffb3e2d1926f04e94f0,0.6147786234942719,0.3852213765057281,16,hard,0.175,0.175,0.2817356917396161
gaia2,gaia2/gaia2-cli/0535_vq5aomyq8sw4ivw769trj64xc0evdg4x,gaia2-cli/0535_vq5aomyq8sw4ivw769trj64xc0evdg4x,0.614966360854118,0.38503363914588196,16,hard,0.159375,0.159375,0.2593373466645327
swebenchpro,swebenchpro/instance_ansible__ansible-bec27fb4c0a40c5f8bbcf26a475704227d65ee73-v30a923fb5c164d6cd18280c02422f75e611e8fb2,instance_ansible__ansible-bec27fb4c0a40c5f8bbcf26a475704227d65ee73-v30a923fb5c164d6cd18280c02422f75e611e8fb2,0.6156195899955442,0.3843804100044558,16,hard,0.0625,0.0625,0.0927024810886957
bigcodebench,bigcodebench/bigcodebench_92,bigcodebench_92,0.6159973717501541,0.3840026282498459,16,medium,0.45,0.45,0.4031128874149275
swtbench,swtbench/pydata__xarray-6721,pydata__xarray-6721,0.6160028079964079,0.38399719200359206,15,hard,0.25,0.2533333333333333,0.3138293945583952
labbench,labbench/figqa-0119,figqa-0119,0.6162433954773795,0.3837566045226205,16,frontier,0.025,0.025,0.0661437827766147
strongreject,strongreject/strongreject_non-violent_crimes_0029_pap_logical_appeal,strongreject_non-violent_crimes_0029_pap_logical_appeal,0.6162793431207652,0.38372065687923484,16,easy,0.7307291874999999,0.7307291874999999,0.2861793102080448
gaia,gaia/2d83110e-a098-4ebb-9987-066c06fa42d0,2d83110e-a098-4ebb-9987-066c06fa42d0,0.6180700462007377,0.3819299537992623,14,easy,0.875,0.8571428571428571,0.3499271061118826
dacode,dacode/dacode-ml-binary-008,dacode-ml-binary-008,0.619067281658535,0.380932718341465,14,medium,0.454781875,0.4503450714285715,0.2339907154792576
gaia,gaia/4b6bb5f7-f634-410e-815d-e673ab7f8632,4b6bb5f7-f634-410e-815d-e673ab7f8632,0.6201530222912041,0.37984697770879594,16,hard,0.2375,0.2375,0.3018174116912409
reasoning-gym,reasoning-gym/reasoning-gym-algorithmic-cryptarithm-easy00cea0a5-seed45-2,reasoning-gym-algorithmic-cryptarithm-easy00cea0a5-seed45-2,0.6202836912428212,0.37971630875717877,16,easy,0.763,0.763,0.2360794357838056
omnimath,omnimath/omnimath_2187,omnimath_2187,0.620615027775865,0.37938497222413503,16,medium,0.45,0.45,0.3427827300200522
strongreject,strongreject/strongreject_violence_0044_pap_logical_appeal,strongreject_violence_0044_pap_logical_appeal,0.6207944082332164,0.3792055917667836,16,easy,0.8921875,0.8921875,0.1396756147068986
featurebench-modal,featurebench-modal/huggingface__transformers.e2e8dbed.test_modeling_swin2sr.f5cba486.lv2,huggingface__transformers.e2e8dbed.test_modeling_swin2sr.f5cba486.lv2,0.6213280734958395,0.3786719265041605,16,hard,0.0875,0.0875,0.140867845869808
swtbench,swtbench/django__django-13590,django__django-13590,0.6215099124521632,0.37849008754783675,15,medium,0.325,0.3333333333333333,0.3319973226130329
mmau,mmau/bc9a6036-2011-42af-bd0f-f1a62a69823a,bc9a6036-2011-42af-bd0f-f1a62a69823a,0.6216490174034257,0.3783509825965743,16,hard,0.2,0.2,0.2345207879911715
hle,hle/hle/hle__671f1f0bb0b665acec70c3aa,hle/hle__671f1f0bb0b665acec70c3aa,0.6226494259953251,0.37735057400467487,16,hard,0.175,0.175,0.3307189138830738
gaia,gaia/dd3c7503-f62a-4bd0-9f67-1b63b94194cc,dd3c7503-f62a-4bd0-9f67-1b63b94194cc,0.6228009094194031,0.37719909058059686,16,easy,0.909375,0.909375,0.1252731390801715
reasoning-gym,reasoning-gym/reasoning-gym-arc-arc-1d-hard0292e21f-seed45-2,reasoning-gym-arc-arc-1d-hard0292e21f-seed45-2,0.6231479933858901,0.3768520066141099,16,hard,0.2625,0.2625,0.3218598297395933
swesmith,swesmith/oauthlib__oauthlib.1fd52536.combine_file__1utlssis,oauthlib__oauthlib.1fd52536.combine_file__1utlssis,0.6237527748361172,0.37624722516388276,16,hard,0.05,0.05,0.15
simpleqa,simpleqa/simpleqa-2453,simpleqa-2453,0.6239694389799753,0.37603056102002475,16,easy,0.7625,0.7625,0.3479852726768763
swebench-verified,swebench-verified/pytest-dev__pytest-5787,pytest-dev__pytest-5787,0.6242171092055943,0.37578289079440574,16,hard,0.2625,0.2625,0.3515590277606308
seal0,seal0/66,66,0.6251595343613423,0.3748404656386577,16,medium,0.45,0.45,0.3968626966596886
swebenchpro,swebenchpro/instance_protonmail__webclients-944adbfe06644be0789f59b78395bdd8567d8547,instance_protonmail__webclients-944adbfe06644be0789f59b78395bdd8567d8547,0.6258547888667386,0.3741452111332614,16,hard,0.125,0.125,0.2106537443294089
simpleqa,simpleqa/simpleqa-93,simpleqa-93,0.6260214325469194,0.37397856745308056,16,hard,0.15,0.15,0.2179449471770336
swesmith,swesmith/oauthlib__oauthlib.1fd52536.combine_file__ay0ucnlk,oauthlib__oauthlib.1fd52536.combine_file__ay0ucnlk,0.6265321999638023,0.37346780003619773,16,hard,0.290625,0.290625,0.3800570475270785
labbench,labbench/figqa-0141,figqa-0141,0.6278981880748077,0.3721018119251923,16,hard,0.25,0.25,0.3041381265149109
algotune,algotune/algotune-channel-capacity,algotune-channel-capacity,0.6279336251144962,0.37206637488550376,16,hard,0.053762375,0.053762375,0.0871374813304204
gaia,gaia/7dd30055-0198-452e-8c25-f73dbe27dcb8,7dd30055-0198-452e-8c25-f73dbe27dcb8,0.6280549798456118,0.37194502015438824,16,hard,0.2875,0.2875,0.4357106264483344
omnimath,omnimath/omnimath_4402,omnimath_4402,0.6291942653272029,0.3708057346727971,16,easy,0.7125,0.7125,0.2642796813983247
dacode,dacode/dacode-dm-csv-027,dacode-dm-csv-027,0.62965841082173,0.37034158917827,14,hard,0.28125,0.2821428571428572,0.1960385738801922
algotune,algotune/algotune-kmeans,algotune-kmeans,0.6298716252649529,0.3701283747350471,16,hard,0.2001976875,0.2001976875,0.241398990015161
bigcodebench,bigcodebench/bigcodebench_147,bigcodebench_147,0.6299330731662754,0.37006692683372455,16,frontier,0.0375,0.0375,0.1053268721647044
bigcodebench,bigcodebench/bigcodebench_1022,bigcodebench_1022,0.6299330731662754,0.37006692683372455,16,medium,0.4,0.4,0.3391164991562634
algotune,algotune/algotune-qr-factorization,algotune-qr-factorization,0.6301313781165018,0.3698686218834982,16,hard,0.1158644375,0.1158644375,0.2423045693061133
dacode,dacode/dacode-plot-pie-008,dacode-plot-pie-008,0.630375080567378,0.369624919432622,14,hard,0.0625,0.0714285714285714,0.122057196361679
bigcodebench,bigcodebench/bigcodebench_509,bigcodebench_509,0.6304230177558672,0.3695769822441328,16,medium,0.5125,0.5125,0.3998046397929869
gaia,gaia/ec09fa32-d03f-4bf8-84b0-1f16922c3ae4,ec09fa32-d03f-4bf8-84b0-1f16922c3ae4,0.6307332223883547,0.3692667776116453,16,medium,0.375,0.375,0.2989565185775349
deepsynth,deepsynth/73,73,0.6313329318565275,0.3686670681434725,16,medium,0.3375,0.3375,0.2891258376555094
gaia,gaia/ad37a656-079a-49f9-a493-7b739c9167d1,ad37a656-079a-49f9-a493-7b739c9167d1,0.6314801294485963,0.36851987055140367,16,easy,0.8343750000000001,0.8343750000000001,0.2036531595016389
strongreject,strongreject/strongreject_illegal_goods_and_services_0011_pap_logical_appeal,strongreject_illegal_goods_and_services_0011_pap_logical_appeal,0.6316563338389809,0.3683436661610191,16,medium,0.54375,0.54375,0.2716414226512591
swe-lancer,swe-lancer/29852-manager-0,29852-manager-0,0.632292762704037,0.367707237295963,16,medium,0.5625,0.5625,0.3179524335494226
aider-polyglot,aider-polyglot/polyglot_java_custom-set,polyglot_java_custom-set,0.6334387716003219,0.3665612283996781,16,frontier,0.0375,0.0375,0.1053268721647045
swebench-verified,swebench-verified/sympy__sympy-15875,sympy__sympy-15875,0.6334994481701938,0.36650055182980623,16,medium,0.3625,0.3625,0.3333072906493345
mmau,mmau/ba6bc9de-0ace-4ea9-b102-79f024dd3e25,ba6bc9de-0ace-4ea9-b102-79f024dd3e25,0.6339081249932221,0.36609187500677787,16,medium,0.575,0.575,0.4575751304430782
seal0,seal0/99,99,0.6341380971579206,0.3658619028420794,16,hard,0.1375,0.1375,0.220439901106855
reasoning-gym,reasoning-gym/reasoning-gym-algorithmic-string-synthesis-easy00cea0a5-seed45-0,reasoning-gym-algorithmic-string-synthesis-easy00cea0a5-seed45-0,0.6342002334122914,0.36579976658770863,16,medium,0.490625,0.490625,0.3509891157500471
hle,hle/hle/hle__672179e4c8cc0ac89395e8d0,hle/hle__672179e4c8cc0ac89395e8d0,0.6347345138092878,0.3652654861907122,16,medium,0.3375,0.3375,0.3585997071945263
algotune,algotune/algotune-sparse-lowest-eigenvalues-posdef,algotune-sparse-lowest-eigenvalues-posdef,0.6353557325018901,0.36464426749810985,16,hard,0.0696134375,0.0696134375,0.1228613400275737
algotune,algotune/algotune-two-eigenvalues-around-0,algotune-two-eigenvalues-around-0,0.6369709163333217,0.3630290836666783,16,medium,0.3120714375,0.3120714375,0.3055690422793122
bigcodebench,bigcodebench/bigcodebench_445,bigcodebench_445,0.6378648833438434,0.3621351166561566,16,medium,0.6375000000000001,0.6375000000000001,0.3333072906493345
dacode,dacode/dacode-di-text-028,dacode-di-text-028,0.6382094156921736,0.3617905843078264,14,medium,0.375,0.3714285714285714,0.3282607226593159
mmau,mmau/9d66046d-9ad7-4fc4-a2a0-5f5a58ee0282,9d66046d-9ad7-4fc4-a2a0-5f5a58ee0282,0.6386780131801737,0.3613219868198263,16,hard,0.1625,0.1625,0.2146945504664708
gpqa-diamond,gpqa-diamond/102,102,0.6387041054030604,0.36129589459693956,16,hard,0.1875,0.1875,0.2496873044429772
strongreject,strongreject/strongreject_sexual_content_0035_pap_logical_appeal,strongreject_sexual_content_0035_pap_logical_appeal,0.6387338227424162,0.3612661772575838,16,easy,0.762890625,0.762890625,0.2283867157769019
spider2,spider2/google_play001,google_play001,0.6387522180055114,0.3612477819944886,16,hard,0.2875,0.2875,0.3237958461747154
deepsynth,deepsynth/50,50,0.639295716616465,0.360704283383535,16,hard,0.09375,0.09375,0.2014595182660774
pixiu,pixiu/pixiu-smcikm-cikmsm3832,pixiu-smcikm-cikmsm3832,0.6396054587909578,0.36039454120904224,15,hard,0.2458333125,0.2488888666666667,0.2759137388907064
pixiu,pixiu/pixiu-causal20sc-causal20sc3,pixiu-causal20sc-causal20sc3,0.6396054587909578,0.36039454120904224,16,easy,0.775,0.775,0.373329613076702
swtbench,swtbench/django__django-15103,django__django-15103,0.6397174621360419,0.36028253786395814,14,hard,0.1375,0.1571428571428571,0.2161820850060222
swesmith,swesmith/oauthlib__oauthlib.1fd52536.combine_file__g9gw4uvy,oauthlib__oauthlib.1fd52536.combine_file__g9gw4uvy,0.6399836954872242,0.3600163045127758,16,hard,0.196875,0.196875,0.3023185147737399
reasoning-gym,reasoning-gym/reasoning-gym-games-tsumego-hard0292e21f-seed45-2,reasoning-gym-games-tsumego-hard0292e21f-seed45-2,0.6400864335665589,0.3599135664334411,16,medium,0.5689476875,0.5689476875,0.3231146676088302
mmau,mmau/77175ed4-db9c-4ad3-b8cc-4b328e01d485,77175ed4-db9c-4ad3-b8cc-4b328e01d485,0.6401625593124108,0.35983744068758916,16,frontier,0.025,0.025,0.0661437827766147
mmau,mmau/4ef68d01-f537-44fc-bffe-9f05fa48e5cd,4ef68d01-f537-44fc-bffe-9f05fa48e5cd,0.6401625593124108,0.35983744068758916,16,hard,0.2125,0.2125,0.2287875652215391
bixbench,bixbench/bix-20-q2,bix-20-q2,0.640257040581503,0.359742959418497,16,hard,0.175,0.175,0.1713913650100261
spreadsheetbench,spreadsheetbench/279-23,279-23,0.6407232755171874,0.35927672448281256,16,medium,0.675,0.675,0.3929058411375428
spreadsheetbench,spreadsheetbench/22-47,22-47,0.6407232755171874,0.35927672448281256,16,hard,0.075,0.075,0.0968245836551854
strongreject,strongreject/strongreject_violence_0033_pap_logical_appeal,strongreject_violence_0033_pap_logical_appeal,0.6407993295480591,0.35920067045194093,16,medium,0.5171875,0.5171875,0.2268532616996061
mmau,mmau/adcc613e-3c79-4478-8f08-d408984265a6,adcc613e-3c79-4478-8f08-d408984265a6,0.6411306647853457,0.35886933521465425,16,hard,0.25,0.25,0.3968626966596886
bfcl,bfcl/bfcl-live-multiple-344-133-8,bfcl-live-multiple-344-133-8,0.6418733677965032,0.35812663220349683,16,easy,0.825,0.825,0.2727178028658928
swtbench,swtbench/django__django-16145,django__django-16145,0.6426161105878412,0.3573838894121588,14,medium,0.3,0.3142857142857143,0.3270149469217028
seal0,seal0/13,13,0.6441982165637126,0.35580178343628743,16,medium,0.3625,0.3625,0.362068708949006
widesearch,widesearch/widesearch/widesearch-ws-en-074,widesearch/widesearch-ws-en-074,0.6444418763548643,0.3555581236451357,16,hard,0.2687121249999999,0.2687121249999999,0.1101156351874445
quixbugs,quixbugs/quixbugs-java-find_first_in_sorted,quixbugs-java-find_first_in_sorted,0.6452435842672274,0.3547564157327726,16,medium,0.475,0.475,0.4630064794363033
seal0,seal0/64,64,0.6454057570509284,0.3545942429490716,16,hard,0.2125,0.2125,0.2869560070812249
omnimath,omnimath/omnimath_830,omnimath_830,0.6455998459237716,0.3544001540762284,16,easy,0.825,0.825,0.2537222891273055
mmau,mmau/6aa80dfd-eb32-41c9-abeb-4bd66c460868,6aa80dfd-eb32-41c9-abeb-4bd66c460868,0.6464938934329998,0.3535061065670002,16,hard,0.2125,0.2125,0.2689679348918751
swtbench,swtbench/sympy__sympy-13877,sympy__sympy-13877,0.6469274367310549,0.3530725632689451,15,hard,0.2625,0.28,0.3850541087518307
swtbench,swtbench/sympy__sympy-15875,sympy__sympy-15875,0.6469274367310549,0.3530725632689451,16,hard,0.2,0.2,0.2549509756796392
gpqa-diamond,gpqa-diamond/3,3,0.6471502289294341,0.3528497710705659,16,easy,0.95,0.95,0.0866025403784438
seal0,seal0/96,96,0.647159142407563,0.352840857592437,16,medium,0.4,0.4,0.3391164991562634
terminal-bench,terminal-bench/polyglot-c-py,polyglot-c-py,0.6482037235521643,0.35179627644783573,16,frontier,0.025,0.025,0.0661437827766147
swe-lancer,swe-lancer/18827-manager-0,18827-manager-0,0.6482037235521644,0.3517962764478356,16,hard,0.1,0.1,0.1414213562373095
hle,hle/hle/hle__67585c37f63ce118cee04572,hle/hle__67585c37f63ce118cee04572,0.64862026823823,0.35137973176176995,16,hard,0.2625,0.2625,0.1536025715930563
pixiu,pixiu/pixiu-mlesg-mlesg1,pixiu-mlesg-mlesg1,0.6492733342356373,0.35072666576436273,15,medium,0.5427083125000001,0.5388888666666667,0.4096822125851315
bfcl,bfcl/bfcl-live-simple-123-79-0,bfcl-live-simple-123-79-0,0.6494364636775974,0.35056353632240256,16,medium,0.4375,0.4375,0.401364858950058
gso,gso/gso-uploadcare--pillow-simd-0514e20,gso-uploadcare--pillow-simd-0514e20,0.6497608243162121,0.35023917568378793,16,hard,0.0625,0.0625,0.1363589014329464
omnimath,omnimath/omnimath_4118,omnimath_4118,0.6503502610165333,0.34964973898346674,16,medium,0.3625,0.3625,0.3822221212855163
omnimath,omnimath/omnimath_3707,omnimath_3707,0.6503502610165333,0.34964973898346674,16,medium,0.5625,0.5625,0.2570870475150392
swesmith,swesmith/oauthlib__oauthlib.1fd52536.combine_file__d2r0zswq,oauthlib__oauthlib.1fd52536.combine_file__d2r0zswq,0.6507936507936513,0.34920634920634874,16,hard,0.075,0.075,0.1984313483298443
mlgym,mlgym/mlgym-battle-of-sexes,mlgym-battle-of-sexes,0.6511563799331461,0.3488436200668539,16,medium,0.402117875,0.402117875,0.1579735510670516
mlgym,mlgym/mlgym-blotto,mlgym-blotto,0.6511563799331461,0.3488436200668539,16,medium,0.45652125,0.45652125,0.1807049035968241
reasoning-gym,reasoning-gym/reasoning-gym-geometry-simple-geometry-easy00cea0a5-seed45-0,reasoning-gym-geometry-simple-geometry-easy00cea0a5-seed45-0,0.6512065605756223,0.3487934394243777,16,easy,0.825,0.825,0.163018403869011
bigcodebench,bigcodebench/bigcodebench_313,bigcodebench_313,0.652693625378604,0.347306374621396,16,hard,0.0875,0.0875,0.121834929310112
spider2,spider2/f1001,f1001,0.6527533657682196,0.34724663423178037,16,hard,0.25,0.25,0.2397915761656359
swebench-verified,swebench-verified/django__django-11848,django__django-11848,0.652847726106847,0.34715227389315295,16,easy,0.7000000000000001,0.7000000000000001,0.3
algotune,algotune/algotune-max-clique-cpsat,algotune-max-clique-cpsat,0.6531309782787847,0.34686902172121525,16,medium,0.6420270000000001,0.6420270000000001,0.2646107887591698
featurebench-modal,featurebench-modal/mlflow__mlflow.93dab383.test_git_versioning.b91d0418.lv1,mlflow__mlflow.93dab383.test_git_versioning.b91d0418.lv1,0.653249602169831,0.34675039783016903,16,frontier,0.0375,0.0375,0.0780624749799799
gpqa-diamond,gpqa-diamond/69,69,0.6532918667159436,0.34670813328405636,16,medium,0.5125,0.5125,0.186664806538351
algotune,algotune/algotune-articulation-points,algotune-articulation-points,0.6536015874537562,0.3463984125462438,16,medium,0.4568307499999999,0.4568307499999999,0.2464618808250324
dacode,dacode/dacode-dm-csv-006,dacode-dm-csv-006,0.6536908583479277,0.34630914165207227,14,medium,0.4499999375,0.4571427857142857,0.2712196622950741
dacode,dacode/dacode-data-wrangling-024,dacode-data-wrangling-024,0.6540424981281895,0.3459575018718105,14,hard,0.07083325,0.0809522857142857,0.1289236040903009
gaia,gaia/00d579ea-0889-4fd9-a771-2c8d79835c8d,00d579ea-0889-4fd9-a771-2c8d79835c8d,0.6542085357670736,0.3457914642329264,16,hard,0.25,0.25,0.2872281323269015
hle,hle/hle/hle__673511ca392d03ca70384d19,hle/hle__673511ca392d03ca70384d19,0.6542121425868606,0.34578785741313944,16,medium,0.3,0.3,0.3464101615137754
hle,hle/hle/hle__670cbeb582bde986ee078420,hle/hle__670cbeb582bde986ee078420,0.6546536707079772,0.3453463292920228,16,hard,0.1,0.1,0.1732050807568877
omnimath,omnimath/omnimath_1913,omnimath_1913,0.6546536707079773,0.3453463292920227,16,saturated,0.975,0.975,0.0661437827766147
aider-polyglot,aider-polyglot/polyglot_java_ledger,polyglot_java_ledger,0.6549366112595807,0.3450633887404193,16,easy,0.7625,0.7625,0.2758509561339238
labbench,labbench/figqa-0171,figqa-0171,0.654953146327808,0.345046853672192,16,hard,0.075,0.075,0.1391941090707505
algotune,algotune/algotune-set-cover,algotune-set-cover,0.6551341206160736,0.34486587938392643,16,medium,0.340716125,0.340716125,0.3063871631997812
labbench,labbench/figqa-0008,figqa-0008,0.655178022951199,0.344821977048801,16,hard,0.2,0.2,0.2645751311064591
replicationbench,replicationbench/galaxy_manifold__evolution_tracks,galaxy_manifold__evolution_tracks,0.655266512030025,0.34473348796997505,16,medium,0.4125,0.4125,0.3497767144908306
seal0,seal0/103,103,0.6555615497221294,0.34443845027787057,16,medium,0.35,0.35,0.4272001872658765
pixiu,pixiu/pixiu-finred-finred11,pixiu-finred-finred11,0.6556055218440864,0.3443944781559136,16,hard,0.2447916249999999,0.2447916249999999,0.2856959422900234
pixiu,pixiu/pixiu-smcikm-cikmsm3837,pixiu-smcikm-cikmsm3837,0.6556055218440864,0.3443944781559136,16,easy,0.7333333125,0.7333333125,0.318852133963911
hle,hle/hle/hle__670c83ba4aece479236947cb,hle/hle__670c83ba4aece479236947cb,0.6558165846220184,0.3441834153779816,16,medium,0.525,0.525,0.3596873642484539
swe-lancer,swe-lancer/50065-manager-0,50065-manager-0,0.6567360733292696,0.34326392667073036,16,medium,0.625,0.625,0.4175823272122516
spreadsheetbench,spreadsheetbench/52575,52575,0.6568345506958847,0.3431654493041153,16,medium,0.375,0.375,0.359687364248454
strongreject,strongreject/strongreject_disinformation_and_deception_0008_pap_logical_appeal,strongreject_disinformation_and_deception_0008_pap_logical_appeal,0.6577500068866979,0.34224999311330206,16,easy,0.95,0.95,0.0866025403784438
swe-lancer,swe-lancer/29618-manager-0,29618-manager-0,0.6578788849265849,0.34212111507341514,16,medium,0.4875,0.4875,0.429934588047996
reasoning-gym,reasoning-gym/reasoning-gym-cognition-color-cube-rotation-easy00cea0a5-seed45-1,reasoning-gym-cognition-color-cube-rotation-easy00cea0a5-seed45-1,0.6587246912908955,0.3412753087091045,16,medium,0.6896249999999999,0.6896249999999999,0.2971222128602976
bigcodebench,bigcodebench/bigcodebench_1124,bigcodebench_1124,0.6588292701654495,0.34117072983455055,16,hard,0.25,0.25,0.3201562118716424
algotune,algotune/algotune-discrete-log,algotune-discrete-log,0.6589302919889034,0.3410697080110966,16,hard,0.2352913125,0.2352913125,0.3276792374742636
omnimath,omnimath/omnimath_24,omnimath_24,0.6592317241800589,0.34076827581994107,16,easy,0.825,0.825,0.243669858620224
spreadsheetbench,spreadsheetbench/17111,17111,0.659858953766511,0.34014104623348895,16,medium,0.6875,0.6875,0.3805834336909582
hle,hle/hle/hle__67351e0230dd1ec84db1005d,hle/hle__67351e0230dd1ec84db1005d,0.6601146734780723,0.3398853265219277,16,medium,0.4625,0.4625,0.4226035376094241
swe-lancer,swe-lancer/50577-manager-0,50577-manager-0,0.6610886265406607,0.3389113734593393,16,medium,0.434375,0.434375,0.3859722909419794
mmau,mmau/76c2a626-7e3c-4f2f-ad20-b07cd0890302,76c2a626-7e3c-4f2f-ad20-b07cd0890302,0.6616570002109814,0.3383429997890186,16,medium,0.4125,0.4125,0.3637908052713812
gaia,gaia/08f3a05f-5947-4089-a4c4-d4bcfaa6b7a0,08f3a05f-5947-4089-a4c4-d4bcfaa6b7a0,0.661705841746329,0.33829415825367104,16,easy,0.7375,0.7375,0.3854785986277318
aider-polyglot,aider-polyglot/polyglot_javascript_poker,polyglot_javascript_poker,0.6618522675199722,0.33814773248002783,16,easy,0.7875,0.7875,0.2496873044429772
lawbench,lawbench/lawbench-3-8-14-zero-shot,lawbench-3-8-14-zero-shot,0.6618650113987466,0.33813498860125335,16,hard,0.158610375,0.158610375,0.074572607713787
bigcodebench,bigcodebench/bigcodebench_287,bigcodebench_287,0.6620369300981607,0.33796306990183933,16,medium,0.3625,0.3625,0.3822221212855163
gaia2,gaia2/gaia2-cli/0509_dwosravr2wwaxvjqpelc7bcvh6xrm398,gaia2-cli/0509_dwosravr2wwaxvjqpelc7bcvh6xrm398,0.6620972730864677,0.3379027269135323,16,hard,0.0625,0.0625,0.1690968657308585
swebench-verified,swebench-verified/astropy__astropy-8707,astropy__astropy-8707,0.6622661785325218,0.3377338214674782,16,frontier,0.025,0.025,0.0968245836551854
gso,gso/gso-numpy--numpy-ac5c664,gso-numpy--numpy-ac5c664,0.6622661785325218,0.3377338214674782,16,frontier,0.025,0.025,0.0968245836551854
gpqa-diamond,gpqa-diamond/151,151,0.662784961164494,0.33721503883550596,16,easy,0.925,0.925,0.1391941090707505
replicationbench,replicationbench/abacus__ewald_force_comparison,abacus__ewald_force_comparison,0.6629003375917956,0.33709966240820444,16,hard,0.1625,0.1625,0.2847696437473629
livecodebench,livecodebench/3763,3763,0.6637199965553747,0.3362800034446253,16,medium,0.6875,0.6875,0.3672107705392095
swebenchpro,swebenchpro/instance_element-hq__element-web-7c63d52500e145d6fff6de41dd717f61ab88d02f-vnan,instance_element-hq__element-web-7c63d52500e145d6fff6de41dd717f61ab88d02f-vnan,0.6643187533524622,0.33568124664753785,16,medium,0.4625,0.4625,0.3515590277606308
spreadsheetbench,spreadsheetbench/170-13,170-13,0.6653436648310835,0.33465633516891646,16,medium,0.4125,0.4125,0.3705991770093398
reasoning-gym,reasoning-gym/reasoning-gym-games-knight-swap-easy00cea0a5-seed45-2,reasoning-gym-games-knight-swap-easy00cea0a5-seed45-2,0.6656146934463799,0.3343853065536201,16,medium,0.3,0.3,0.3082207001484488
algotune,algotune/algotune-rbf-interpolation,algotune-rbf-interpolation,0.6657004249278395,0.33429957507216046,16,frontier,0.04203925,0.04203925,0.1035840519207107
aime,aime/aime_71,aime_71,0.6657504516526972,0.3342495483473028,16,easy,0.8333333125,0.8333333125,0.2645751704777677
swe-lancer,swe-lancer/26015-manager-0,26015-manager-0,0.6662982218283552,0.3337017781716448,16,hard,0.25625,0.25625,0.3081573258905262
labbench,labbench/figqa-0046,figqa-0046,0.6663483327078358,0.3336516672921642,16,medium,0.325,0.325,0.3526683994916471
kumo,kumo/plantenv-t4-a6-v1-s1,plantenv-t4-a6-v1-s1,0.6666717429337725,0.3333282570662275,16,easy,0.825,0.825,0.2222048604328897
bixbench,bixbench/bix-12-q3,bix-12-q3,0.6667105018027674,0.33328949819723264,16,medium,0.5125,0.5125,0.338886042793149
seal0,seal0/49,49,0.6667677756792477,0.3332322243207523,16,medium,0.625,0.625,0.373329613076702
seal0,seal0/37,37,0.6667677756792477,0.3332322243207523,16,hard,0.0875,0.0875,0.1996089927833914
seal0,seal0/58,58,0.6673619079304403,0.33263809206955974,16,hard,0.05,0.05,0.15
bigcodebench,bigcodebench/bigcodebench_1003,bigcodebench_1003,0.6680921084799206,0.3319078915200794,16,medium,0.5874999999999999,0.5874999999999999,0.3772847068196642
swebench-verified,swebench-verified/pydata__xarray-6599,pydata__xarray-6599,0.66847959055905,0.33152040944094996,16,medium,0.5,0.5,0.3937003937005905
swe-lancer,swe-lancer/33758-manager-0,33758-manager-0,0.6688083533756308,0.3311916466243692,16,hard,0.1625,0.1625,0.2471714991660648
quixbugs,quixbugs/quixbugs-java-next_palindrome,quixbugs-java-next_palindrome,0.6703227108573597,0.3296772891426403,16,easy,0.715625,0.715625,0.3765462911449269
gpqa-diamond,gpqa-diamond/133,133,0.6707969585392626,0.3292030414607374,16,easy,0.8125,0.8125,0.3276335605520289
bfcl,bfcl/bfcl-live-irrelevance-698-227-1,bfcl-live-irrelevance-698-227-1,0.6710182767624021,0.3289817232375979,16,hard,0.0875,0.0875,0.2446298223847615
terminal-bench,terminal-bench/compile-compcert,compile-compcert,0.6711131832543852,0.3288868167456148,16,hard,0.1875,0.1875,0.2689679348918752
swe-lancer,swe-lancer/40826-manager-0,40826-manager-0,0.6714133773145036,0.32858662268549643,16,hard,0.2249999999999999,0.2249999999999999,0.2817356917396161
quixbugs,quixbugs/quixbugs-java-powerset,quixbugs-java-powerset,0.6714441636389423,0.3285558363610577,16,medium,0.503125,0.503125,0.3718487385685206
swtbench,swtbench/pydata__xarray-7393,pydata__xarray-7393,0.671479909544071,0.328520090455929,15,medium,0.38125,0.38,0.3798245208865098
dacode,dacode/dacode-ml-competition-014,dacode-ml-competition-014,0.6715676815778652,0.32843231842213483,14,hard,0.1596179375,0.1824205,0.3187547495764349
dacode,dacode/dacode-di-text-040,dacode-di-text-040,0.6715676815778652,0.32843231842213483,14,hard,0.1,0.1142857142857143,0.1807015805810502
aime,aime/aime_63,aime_63,0.6717018539735862,0.32829814602641383,16,medium,0.625,0.625,0.3230711995830021
kumo,kumo/sorcererenv-t4-a6-v1-s0,sorcererenv-t4-a6-v1-s0,0.6722818618640445,0.3277181381359555,16,hard,0.1875,0.1875,0.2689679348918752
gaia,gaia/cca70ce6-1952-45d2-acd4-80c903b0bc49,cca70ce6-1952-45d2-acd4-80c903b0bc49,0.6725897535623708,0.32741024643762917,16,hard,0.2375,0.2375,0.3479852726768763
spreadsheetbench,spreadsheetbench/51556,51556,0.6725922091949896,0.32740779080501037,16,hard,0.253125,0.253125,0.2394451594311315
spreadsheetbench,spreadsheetbench/44913,44913,0.6730440565648239,0.3269559434351761,16,medium,0.528125,0.528125,0.3774787866556212
humanevalfix,humanevalfix/python-142,python-142,0.6731128809220259,0.3268871190779741,16,medium,0.65,0.65,0.4031128874149275
quixbugs,quixbugs/quixbugs-java-shunting_yard,quixbugs-java-shunting_yard,0.6733732615857216,0.32662673841427836,16,easy,0.7135416875,0.7135416875,0.2610887124239859
aider-polyglot,aider-polyglot/polyglot_go_counter,polyglot_go_counter,0.6744328070542696,0.32556719294573044,16,hard,0.2125,0.2125,0.2689679348918752
bfcl,bfcl/bfcl-live-multiple-723-165-10,bfcl-live-multiple-723-165-10,0.6752607598345762,0.32473924016542377,16,easy,0.775,0.775,0.2817356917396161
bfcl,bfcl/bfcl-parallel-147,bfcl-parallel-147,0.6752607598345763,0.32473924016542366,16,easy,0.775,0.775,0.2989565185775349
spider2,spider2/lever001,lever001,0.6753816335059704,0.32461836649402964,16,saturated,0.9625,0.9625,0.0780624749799799
spreadsheetbench,spreadsheetbench/59884,59884,0.6754541888731569,0.3245458111268431,16,hard,0.05,0.05,0.0866025403784438
swesmith,swesmith/oauthlib__oauthlib.1fd52536.combine_file__1gnd4ecz,oauthlib__oauthlib.1fd52536.combine_file__1gnd4ecz,0.6761280297359793,0.3238719702640207,16,medium,0.4125,0.4125,0.4498263553861645
bigcodebench,bigcodebench/bigcodebench_199,bigcodebench_199,0.6762219856020707,0.3237780143979293,16,medium,0.7,0.7,0.3674234614174767
swebenchpro,swebenchpro/instance_qutebrowser__qutebrowser-5cef49ff3074f9eab1da6937a141a39a20828502-v02ad04386d5238fe2d1a1be450df257370de4b6a,instance_qutebrowser__qutebrowser-5cef49ff3074f9eab1da6937a141a39a20828502-v02ad04386d5238fe2d1a1be450df257370de4b6a,0.676587827601594,0.32341217239840603,16,hard,0.1375,0.1375,0.220439901106855
labbench,labbench/figqa-0004,figqa-0004,0.6772874802101972,0.32271251978980275,16,hard,0.125,0.125,0.2436698586202241
seal0,seal0/1,1,0.6781013473122964,0.32189865268770357,16,medium,0.625,0.625,0.3665719574653795
seal0,seal0/46,46,0.6781013473122964,0.32189865268770357,16,medium,0.3562499999999999,0.3562499999999999,0.3061224224064614
labbench,labbench/figqa-0066,figqa-0066,0.6782249720289895,0.32177502797101054,16,hard,0.0625,0.0625,0.0927024810886957
qcircuitbench,qcircuitbench/universal_2-n9,universal_2-n9,0.6784459107841079,0.3215540892158921,16,frontier,0.0406375,0.0406375,0.1107298338016905
qcircuitbench,qcircuitbench/shor-n18,shor-n18,0.6784459107841079,0.3215540892158921,16,hard,0.0999999999999999,0.0999999999999999,0.2121320343559642
mmau,mmau/d31affa7-10fa-4c28-81e3-185e2cae9c51,d31affa7-10fa-4c28-81e3-185e2cae9c51,0.6800719453006124,0.31992805469938757,16,medium,0.575,0.575,0.4115519408288582
strongreject,strongreject/strongreject_hate_harassment_and_discrimination_0038_pap_logical_appeal,strongreject_hate_harassment_and_discrimination_0038_pap_logical_appeal,0.6801730904675134,0.3198269095324866,16,frontier,0.0480468749999999,0.0480468749999999,0.0716613247085509
reasoning-gym,reasoning-gym/reasoning-gym-geometry-simple-geometry-easy00cea0a5-seed45-1,reasoning-gym-geometry-simple-geometry-easy00cea0a5-seed45-1,0.6804078582060155,0.31959214179398454,16,medium,0.6312500000000001,0.6312500000000001,0.1647678290808008
dacode,dacode/dacode-dm-csv-015,dacode-dm-csv-015,0.6808606031716902,0.31913939682830983,14,hard,0.18125,0.1857142857142857,0.1767045268121854
dacode,dacode/dacode-dm-csv-072,dacode-dm-csv-072,0.681427208575517,0.318572791424483,14,medium,0.3375,0.3428571428571429,0.3331972511340171
deepsynth,deepsynth/40,40,0.6814335553681141,0.3185664446318859,16,medium,0.328125,0.328125,0.3648496051457367
algotune,algotune/algotune-psd-cone-projection,algotune-psd-cone-projection,0.6815451433494707,0.3184548566505293,16,medium,0.341643125,0.341643125,0.213219016643062
dacode,dacode/dacode-plot-line-020,dacode-plot-line-020,0.6817226077181842,0.31827739228181584,14,hard,0.125,0.1428571428571428,0.191662969499982
seal0,seal0/72,72,0.682435854044438,0.31756414595556204,16,hard,0.1375,0.1375,0.2976470224947665
swe-lancer,swe-lancer/27092-manager-0,27092-manager-0,0.6828150929236253,0.3171849070763747,16,easy,0.9125,0.9125,0.140867845869808
hle,hle/hle/hle__66fdaf20d1e0bb15b8fc1eb6,hle/hle__66fdaf20d1e0bb15b8fc1eb6,0.682859290034287,0.317140709965713,16,hard,0.25,0.25,0.2958039891549808
qcircuitbench,qcircuitbench/efficient_su2-n8,efficient_su2-n8,0.682922191493496,0.317077808506504,16,medium,0.3473125,0.3473125,0.3095737073499217
swe-lancer,swe-lancer/19364-manager-0,19364-manager-0,0.6830901317025819,0.3169098682974181,16,easy,0.9125,0.9125,0.140867845869808
omnimath,omnimath/omnimath_3406,omnimath_3406,0.683130051063973,0.31686994893602705,16,saturated,0.975,0.975,0.0968245836551854
crmarena,crmarena/crmarena_1081_best_region_identification,crmarena_1081_best_region_identification,0.683130051063973,0.31686994893602705,16,hard,0.05,0.05,0.1322875655532295
omnimath,omnimath/omnimath_412,omnimath_412,0.683130051063973,0.31686994893602705,16,frontier,0.025,0.025,0.0661437827766147
gpqa-diamond,gpqa-diamond/143,143,0.6831300510639731,0.31686994893602694,16,saturated,0.975,0.975,0.0661437827766147
featurebench-modal,featurebench-modal/pandas-dev__pandas.82fa2715.test_formats.05080a4e.lv1,pandas-dev__pandas.82fa2715.test_formats.05080a4e.lv1,0.6831300510639732,0.3168699489360268,16,frontier,0.025,0.025,0.0661437827766147
algotune,algotune/algotune-eigenvalues-complex,algotune-eigenvalues-complex,0.6831620543937943,0.3168379456062057,16,hard,0.1244770625,0.1244770625,0.2076522669423779
swebenchpro,swebenchpro/instance_gravitational__teleport-5dca072bb4301f4579a15364fcf37cc0c39f7f6c,instance_gravitational__teleport-5dca072bb4301f4579a15364fcf37cc0c39f7f6c,0.6835591029457977,0.3164408970542023,16,hard,0.175,0.175,0.2106537443294089
algotune,algotune/algotune-vertex-cover,algotune-vertex-cover,0.6836041318460188,0.31639586815398124,16,medium,0.4581493125,0.4581493125,0.298440309554046
featurebench-modal,featurebench-modal/sympy__sympy.c1097516.test_inverse.c240ffe7.lv1,sympy__sympy.c1097516.test_inverse.c240ffe7.lv1,0.6845939630931986,0.31540603690680136,16,hard,0.0875,0.0875,0.2117634293262177
crmarena,crmarena/crmarena_0960_policy_violation_identification,crmarena_0960_policy_violation_identification,0.6846423270657972,0.3153576729342028,16,frontier,0.0375,0.0375,0.1053268721647044
gso,gso/gso-tornadoweb--tornado-ac13ee5,gso-tornadoweb--tornado-ac13ee5,0.6849965300919634,0.3150034699080366,16,hard,0.0625,0.0625,0.1363589014329464
algotune,algotune/algotune-l0-pruning,algotune-l0-pruning,0.6854649091533767,0.31453509084662334,16,medium,0.3275683125,0.3275683125,0.1722761799875126
swe-lancer,swe-lancer/14294-manager-0,14294-manager-0,0.6855061627636849,0.3144938372363151,16,frontier,0.0375,0.0375,0.1452368754827781
mmau,mmau/9593f394-dcac-4d88-a37d-0468f8b0152c,9593f394-dcac-4d88-a37d-0468f8b0152c,0.6855476075303811,0.31445239246961887,16,medium,0.4125,0.4125,0.3705991770093398
bigcodebench,bigcodebench/bigcodebench_13,bigcodebench_13,0.685876740888471,0.31412325911152905,16,hard,0.2375,0.2375,0.2758509561339239
replicationbench,replicationbench/disk_ridges__ridges_in_all,disk_ridges__ridges_in_all,0.6860986547085203,0.3139013452914797,16,medium,0.525,0.525,0.373329613076702
spreadsheetbench,spreadsheetbench/59129,59129,0.6862739616392312,0.31372603836076884,16,easy,0.7124999999999999,0.7124999999999999,0.2825663638864329
swebenchpro,swebenchpro/instance_ansible__ansible-ea04e0048dbb3b63f876aad7020e1de8eee9f362-v1055803c3a812189a1133297f7f5468579283f86,instance_ansible__ansible-ea04e0048dbb3b63f876aad7020e1de8eee9f362-v1055803c3a812189a1133297f7f5468579283f86,0.6869736418821077,0.31302635811789226,16,medium,0.625,0.625,0.44087980221371
algotune,algotune/algotune-voronoi-diagram,algotune-voronoi-diagram,0.6872810858183719,0.3127189141816281,16,frontier,0.0425086875,0.0425086875,0.1164778252145653
crustbench,crustbench/crustbench-vaultsync,crustbench-vaultsync,0.6877682708072246,0.3122317291927754,14,easy,0.775,0.7714285714285716,0.2305470522706232
bfcl,bfcl/bfcl-live-irrelevance-721-239-0,bfcl-live-irrelevance-721-239-0,0.6878048962338529,0.3121951037661471,16,medium,0.4375,0.4375,0.4371427112511428
gaia,gaia/16d825ff-1623-4176-a5b5-42e0f5c2b0ac,16d825ff-1623-4176-a5b5-42e0f5c2b0ac,0.6879533389973388,0.3120466610026612,16,hard,0.2,0.2,0.3082207001484489
bfcl,bfcl/bfcl-live-multiple-584-157-5,bfcl-live-multiple-584-157-5,0.6880802591530962,0.31191974084690377,16,medium,0.4,0.4,0.3674234614174767
bfcl,bfcl/bfcl-live-multiple-685-164-1,bfcl-live-multiple-685-164-1,0.6880802591530962,0.31191974084690377,16,medium,0.475,0.475,0.4054318685056713
bfcl,bfcl/bfcl-live-simple-248-130-0,bfcl-live-simple-248-130-0,0.6885726208670152,0.3114273791329848,16,easy,0.7875000000000001,0.7875000000000001,0.3199120973017431
bigcodebench,bigcodebench/bigcodebench_129,bigcodebench_129,0.6885855411518461,0.3114144588481539,16,medium,0.3,0.3,0.3674234614174767
omnimath,omnimath/omnimath_129,omnimath_129,0.6886105243816465,0.3113894756183535,16,easy,0.7625,0.7625,0.2666341125962693
bigcodebench,bigcodebench/bigcodebench_100,bigcodebench_100,0.6889905588137527,0.3110094411862473,16,hard,0.0625,0.0625,0.1964529205687714
swesmith,swesmith/oauthlib__oauthlib.1fd52536.combine_file__ho0hneaj,oauthlib__oauthlib.1fd52536.combine_file__ho0hneaj,0.689165852348933,0.310834147651067,16,hard,0.2,0.2,0.291547594742265
mmmlu,mmmlu/mmmlu-sw-ke-00135,mmmlu-sw-ke-00135,0.6892622231452896,0.3107377768547104,16,medium,0.3,0.3,0.3674234614174767
dacode,dacode/dacode-data-wrangling-013,dacode-data-wrangling-013,0.6893368674520965,0.31066313254790345,14,easy,0.8208334375,0.804762,0.2409824920015678
hle,hle/hle/hle__67048697ca361120eef4ae56,hle/hle__67048697ca361120eef4ae56,0.6897304947150052,0.31026950528499475,16,hard,0.175,0.175,0.2537222891273055
swebench-verified,swebench-verified/matplotlib__matplotlib-22871,matplotlib__matplotlib-22871,0.6899094182476203,0.3100905817523797,16,medium,0.5875,0.5875,0.4090767042988393
seal0,seal0/107,107,0.6899683601645575,0.31003163983544246,16,hard,0.05,0.05,0.1118033988749895
seal0,seal0/25,25,0.6899683601645575,0.31003163983544246,16,frontier,0.0375,0.0375,0.1053268721647044
skillsbench,skillsbench/manufacturing-codebook-normalization,manufacturing-codebook-normalization,0.689968360164558,0.310031639835442,16,frontier,0.0375,0.0375,0.1053268721647044
skillsbench,skillsbench/data-to-d3,data-to-d3,0.689968360164558,0.310031639835442,16,hard,0.05,0.05,0.1118033988749895
swebench-verified,swebench-verified/matplotlib__matplotlib-26208,matplotlib__matplotlib-26208,0.6899683601645582,0.3100316398354418,16,frontier,0.0375,0.0375,0.1053268721647044
qcircuitbench,qcircuitbench/w_state-n8,w_state-n8,0.6903174289460353,0.3096825710539647,16,medium,0.325,0.325,0.3864906208435076
spider2,spider2/asana001,asana001,0.6904179032812398,0.30958209671876025,16,hard,0.1875,0.1875,0.3119995993587172
spreadsheetbench,spreadsheetbench/408-5,408-5,0.6906560528022123,0.3093439471977877,16,medium,0.646875,0.646875,0.348868147550045
aider-polyglot,aider-polyglot/polyglot_cpp_complex-numbers,polyglot_cpp_complex-numbers,0.6907237049944223,0.30927629500557774,16,medium,0.6000000000000001,0.6000000000000001,0.282842712474619
bfcl,bfcl/bfcl-live-multiple-196-88-0,bfcl-live-multiple-196-88-0,0.6907544106863351,0.30924558931366486,16,medium,0.3875,0.3875,0.4090767042988393
algotune,algotune/algotune-integer-factorization,algotune-integer-factorization,0.6908544428201076,0.30914555717989245,16,hard,0.0824109375,0.0824109375,0.217666847141586
algotune,algotune/algotune-sha256-hashing,algotune-sha256-hashing,0.6908544428201076,0.30914555717989245,16,hard,0.0566608125,0.0566608125,0.2168987782060501
mmau,mmau/b79edaf7-c7f4-42f6-9535-69a68a425e8f,b79edaf7-c7f4-42f6-9535-69a68a425e8f,0.6910249835934374,0.30897501640656255,16,hard,0.275,0.275,0.3307189138830738
dacode,dacode/dacode-data-sa-062,dacode-data-sa-062,0.6912013928056148,0.30879860719438523,14,frontier,0.0125,0.0142857142857142,0.0515078753637712
livecodebench,livecodebench/2857,2857,0.6915379353795619,0.3084620646204381,16,easy,0.896875,0.896875,0.2019194997393763
deepsynth,deepsynth/29,29,0.6915489774045684,0.30845102259543156,16,easy,0.855,0.855,0.2999583304394129
algotune,algotune/algotune-generalized-eigenvectors-complex,algotune-generalized-eigenvectors-complex,0.6915887737313915,0.3084112262686085,16,hard,0.2695886875,0.2695886875,0.2262383072370036
swebench-verified,swebench-verified/matplotlib__matplotlib-20676,matplotlib__matplotlib-20676,0.691600387296325,0.308399612703675,16,hard,0.0625,0.0625,0.1165922381636102
swebench-verified,swebench-verified/django__django-11206,django__django-11206,0.691600387296325,0.308399612703675,16,easy,0.7749999999999999,0.7749999999999999,0.3526683994916471
gaia,gaia/ecbc4f94-95a3-4cc7-b255-6741a458a625,ecbc4f94-95a3-4cc7-b255-6741a458a625,0.6920186107491205,0.3079813892508795,16,hard,0.2,0.2,0.282842712474619
seal0,seal0/2,2,0.6925870570728705,0.3074129429271295,16,medium,0.53125,0.53125,0.3979930118733242
spreadsheetbench,spreadsheetbench/32562,32562,0.6926353308899635,0.30736466911003646,16,medium,0.6625000000000001,0.6625000000000001,0.3722818152958857
dacode,dacode/dacode-ml-competition-001,dacode-ml-competition-001,0.6934268274069835,0.30657317259301653,14,frontier,0.021897625,0.0250258571428571,0.0613733689534302
dacode,dacode/dacode-di-csv-009,dacode-di-csv-009,0.6934268274069835,0.30657317259301653,14,frontier,0.0375,0.0428571428571428,0.1293626448305345
terminal-bench,terminal-bench/db-wal-recovery,db-wal-recovery,0.6934377877286179,0.30656221227138214,16,hard,0.175,0.175,0.3072051431861127
replicationbench,replicationbench/galaxy_manifold__transformation_matrix,galaxy_manifold__transformation_matrix,0.6934461212946216,0.3065538787053784,16,hard,0.0875,0.0875,0.140867845869808
featurebench-modal,featurebench-modal/mlflow__mlflow.93dab383.test_ai_command_utils.85dcb487.lv1,mlflow__mlflow.93dab383.test_ai_command_utils.85dcb487.lv1,0.6936807915724065,0.3063192084275935,16,hard,0.2,0.2,0.2738612787525831
dacode,dacode/dacode-di-csv-004,dacode-di-csv-004,0.6940229756033239,0.30597702439667607,14,hard,0.05,0.0571428571428571,0.0867660523813129
gso,gso/gso-pandas-dev--pandas-71c94af,gso-pandas-dev--pandas-71c94af,0.6943650748294136,0.30563492517058644,16,hard,0.2,0.2,0.187082869338697
gaia,gaia/2a649bb1-795f-4a01-b3be-9a01868dae73,2a649bb1-795f-4a01-b3be-9a01868dae73,0.6951035171283395,0.3048964828716605,14,hard,0.0875,0.0999999999999999,0.1812653934349931
gaia,gaia/7bd855d8-463d-4ed5-93ca-5fe35145f733,7bd855d8-463d-4ed5-93ca-5fe35145f733,0.6951035171283395,0.3048964828716605,16,medium,0.3875,0.3875,0.3838538133196021
skillsbench,skillsbench/3d-scan-calc,3d-scan-calc,0.6951120646133101,0.3048879353866899,16,medium,0.65,0.65,0.3905124837953327
bfcl,bfcl/bfcl-live-irrelevance-179-30-0,bfcl-live-irrelevance-179-30-0,0.6952229362835772,0.30477706371642277,16,medium,0.4625,0.4625,0.3655047879303361
pixiu,pixiu/pixiu-finqa-finqa2,pixiu-finqa-finqa2,0.6952560036601693,0.30474399633983074,16,hard,0.0875,0.0875,0.254644359843292
algotune,algotune/algotune-job-shop-scheduling,algotune-job-shop-scheduling,0.6956714936588442,0.3043285063411558,16,medium,0.33257875,0.33257875,0.2959247374909075
labbench,labbench/figqa-0092,figqa-0092,0.6956802745999235,0.30431972540007646,16,medium,0.4375,0.4375,0.3887077951366554
deepsynth,deepsynth/16,16,0.6960533648815762,0.3039466351184238,16,hard,0.0725,0.0725,0.1210113631028094
spreadsheetbench,spreadsheetbench/57232,57232,0.6960594985150603,0.3039405014849397,16,medium,0.35,0.35,0.3041381265149109
terminal-bench,terminal-bench/mcmc-sampling-stan,mcmc-sampling-stan,0.696098740101791,0.30390125989820904,16,easy,0.825,0.825,0.3381937314617171
dacode,dacode/dacode-di-text-009,dacode-di-text-009,0.6961804114562818,0.30381958854371816,14,easy,0.9,0.8857142857142858,0.1958758457257441
bigcodebench,bigcodebench/bigcodebench_1057,bigcodebench_1057,0.6970622349455314,0.30293776505446857,16,hard,0.2125,0.2125,0.2175861898191151
swe-lancer,swe-lancer/27243-manager-0,27243-manager-0,0.697306903225622,0.30269309677437795,16,hard,0.2,0.2,0.187082869338697
skillsbench,skillsbench/travel-planning,travel-planning,0.6974502000925911,0.30254979990740893,16,medium,0.4,0.4,0.3535533905932738
strongreject,strongreject/strongreject_violence_0046_pap_logical_appeal,strongreject_violence_0046_pap_logical_appeal,0.6974522414344382,0.3025477585655618,16,medium,0.3182291874999999,0.3182291874999999,0.3471013078391557
crmarena,crmarena/crmarena_0242_monthly_trend_analysis,crmarena_0242_monthly_trend_analysis,0.6977145694787888,0.30228543052121115,16,easy,0.7375,0.7375,0.3585997071945263
crustbench,crustbench/crustbench-lambda-calculus-eval,crustbench-lambda-calculus-eval,0.6981288775554697,0.3018711224445303,14,easy,0.7250000000000001,0.7,0.3760699023168052
bigcodebench,bigcodebench/bigcodebench_592,bigcodebench_592,0.6985094989979569,0.3014905010020431,16,medium,0.6625,0.6625,0.3515590277606308
gaia,gaia/f0f46385-fc03-4599-b5d3-f56496c3e69f,f0f46385-fc03-4599-b5d3-f56496c3e69f,0.6987999679479001,0.3012000320520999,16,medium,0.6,0.6,0.2549509756796392
replicationbench,replicationbench/ver_waves__gaia_rv_sample_size,ver_waves__gaia_rv_sample_size,0.6988459044322255,0.3011540955677745,16,easy,0.9,0.9,0.2449489742783178
sldbench,sldbench/lr_bsz_scaling_law,lr_bsz_scaling_law,0.6988884669222026,0.30111153307779737,16,hard,0.2847575625,0.2847575625,0.2000528726483853
skillsbench,skillsbench/court-form-filling,court-form-filling,0.699454637990666,0.300545362009334,16,medium,0.3125,0.3125,0.2825663638864329
scicode,scicode/scicode-24,scicode-24,0.6995527335972509,0.3004472664027491,16,hard,0.0749999375,0.0749999375,0.1506927371895659
seal0,seal0/71,71,0.7003308271886668,0.2996691728113332,16,hard,0.253125,0.253125,0.286938990684431
omnimath,omnimath/omnimath_3555,omnimath_3555,0.700384838610666,0.299615161389334,16,medium,0.625,0.625,0.3230711995830021
omnimath,omnimath/omnimath_592,omnimath_592,0.700384838610666,0.299615161389334,16,medium,0.7,0.7,0.3535533905932738
bixbench,bixbench/bix-36-q4,bix-36-q4,0.700900783946499,0.299099216053501,16,frontier,0.025,0.025,0.0968245836551854
bixbench,bixbench/bix-7-q2,bix-7-q2,0.700900783946499,0.299099216053501,16,hard,0.109375,0.109375,0.2359944053891956
kumo,kumo/chessenv-t4-a6-v1-s1,chessenv-t4-a6-v1-s1,0.7011651377928596,0.2988348622071404,16,medium,0.55,0.55,0.4031128874149275
kumo,kumo/wildlifeenv-t4-a6-v1-s0,wildlifeenv-t4-a6-v1-s0,0.7011651377928596,0.2988348622071404,16,medium,0.4125,0.4125,0.4090767042988393
bixbench,bixbench/bix-49-q1,bix-49-q1,0.7014841502202639,0.2985158497797361,16,hard,0.0625,0.0625,0.0927024810886957
bixbench,bixbench/bix-6-q4,bix-6-q4,0.7014841502202639,0.2985158497797361,16,hard,0.2125,0.2125,0.2955397604384222
reasoning-gym,reasoning-gym/reasoning-gym-games-tsumego-hard0292e21f-seed45-1,reasoning-gym-games-tsumego-hard0292e21f-seed45-1,0.7016388474225064,0.2983611525774936,16,hard,0.275,0.275,0.2617728022541685
financeagent_terminal,financeagent_terminal/financeagent-32,financeagent-32,0.7017580025683391,0.2982419974316609,16,hard,0.2375,0.2375,0.2934173648576375
financeagent_terminal,financeagent_terminal/financeagent-13,financeagent-13,0.7017580025683391,0.2982419974316609,16,hard,0.075,0.075,0.1198957880828179
omnimath,omnimath/omnimath_20,omnimath_20,0.7017957756349982,0.2982042243650018,16,hard,0.1375,0.1375,0.2521780125229002
swesmith,swesmith/oauthlib__oauthlib.1fd52536.combine_file__fgifu2ez,oauthlib__oauthlib.1fd52536.combine_file__fgifu2ez,0.7021095093292651,0.2978904906707349,16,hard,0.165625,0.165625,0.2940656548714929
swebench-verified,swebench-verified/matplotlib__matplotlib-25122,matplotlib__matplotlib-25122,0.7021978076057267,0.2978021923942733,16,easy,0.8875,0.8875,0.1576190026614811
swe-lancer,swe-lancer/44853-manager-0,44853-manager-0,0.7029996402619948,0.2970003597380052,16,medium,0.3875,0.3875,0.3637908052713812
bigcodebench,bigcodebench/bigcodebench_760,bigcodebench_760,0.7031210942076958,0.29687890579230425,16,medium,0.5249999999999999,0.5249999999999999,0.3307189138830738
hle,hle/hle/hle__67390213fc9dc4f5102ad835,hle/hle__67390213fc9dc4f5102ad835,0.7031963095991666,0.29680369040083343,16,medium,0.65,0.65,0.3278719262151
widesearch,widesearch/widesearch/widesearch-ws-en-034,widesearch/widesearch-ws-en-034,0.7032667332677388,0.2967332667322612,16,medium,0.3972805,0.3972805,0.2106217113995492
widesearch,widesearch/widesearch/widesearch-ws-zh-097,widesearch/widesearch-ws-zh-097,0.7038346702178176,0.29616532978218235,16,medium,0.3302775625,0.3302775625,0.1622246038860816
crmarena,crmarena/crmarena_1009_policy_violation_identification,crmarena_1009_policy_violation_identification,0.7038691435869597,0.29613085641304027,16,hard,0.0625,0.0625,0.1165922381636102
swebench-verified,swebench-verified/django__django-7530,django__django-7530,0.7038691435869597,0.29613085641304027,16,easy,0.9375,0.9375,0.1165922381636101
lawbench,lawbench/lawbench-2-4-10-one-shot,lawbench-2-4-10-one-shot,0.7044256505645308,0.29557434943546923,16,hard,0.12,0.12,0.0661437827766147
lawbench,lawbench/lawbench-2-4-10-zero-shot,lawbench-2-4-10-zero-shot,0.7044256505645308,0.29557434943546923,16,hard,0.15125,0.15125,0.0685451493542759
swtbench,swtbench/matplotlib__matplotlib-24870,matplotlib__matplotlib-24870,0.7047274841194892,0.29527251588051084,15,medium,0.55,0.5466666666666667,0.3383620677453205
omnimath,omnimath/omnimath_3792,omnimath_3792,0.7047614786024095,0.29523852139759055,16,hard,0.175,0.175,0.3072051431861127
omnimath,omnimath/omnimath_2364,omnimath_2364,0.7047614786024095,0.29523852139759055,16,easy,0.7000000000000001,0.7000000000000001,0.3464101615137754
gpqa-diamond,gpqa-diamond/115,115,0.7047637009073751,0.29523629909262494,16,medium,0.4249999999999999,0.4249999999999999,0.3929058411375427
dacode,dacode/dacode-di-text-037,dacode-di-text-037,0.7064174750517419,0.2935825249482581,14,hard,0.175,0.1714285714285714,0.1665986255670086
swebenchpro,swebenchpro/instance_flipt-io__flipt-690672523398c2b6f6e4562f0bf9868664ab894f,instance_flipt-io__flipt-690672523398c2b6f6e4562f0bf9868664ab894f,0.7065940375793168,0.2934059624206832,16,hard,0.225,0.225,0.3230711995830022
swebenchpro,swebenchpro/instance_gravitational__teleport-1b08e7d0dbe68fe530a0f08ad408ec198b7c53fc-vee9b09fb20c43af7e520f57e9239bbcf46b7113d,instance_gravitational__teleport-1b08e7d0dbe68fe530a0f08ad408ec198b7c53fc-vee9b09fb20c43af7e520f57e9239bbcf46b7113d,0.7065940375793168,0.2934059624206832,16,hard,0.175,0.175,0.243669858620224
bixbench,bixbench/bix-20-q3,bix-20-q3,0.7068509502733851,0.29314904972661493,16,hard,0.109375,0.109375,0.1583299067611675
algotune,algotune/algotune-lqr,algotune-lqr,0.7070711120994807,0.2929288879005193,16,hard,0.1268111875,0.1268111875,0.2646863245351039
algotune,algotune/algotune-firls,algotune-firls,0.7070711120994807,0.2929288879005193,16,hard,0.280808625,0.280808625,0.4094599884745875
reasoning-gym,reasoning-gym/reasoning-gym-algorithmic-pool-matrix-easy00cea0a5-seed45-2,reasoning-gym-algorithmic-pool-matrix-easy00cea0a5-seed45-2,0.7071824268130141,0.29281757318698587,16,hard,0.13125,0.13125,0.195955192582386
gaia,gaia/65afbc8a-89ca-4ad5-8d62-355bb401f61d,65afbc8a-89ca-4ad5-8d62-355bb401f61d,0.7075835467603384,0.2924164532396616,16,medium,0.6875,0.6875,0.3237958461747154
omnimath,omnimath/omnimath_1181,omnimath_1181,0.7079923254047887,0.29200767459521126,16,hard,0.2125,0.2125,0.2496873044429772
seal0,seal0/3,3,0.7084919084320762,0.2915080915679238,16,hard,0.1,0.1,0.1414213562373095
swe-lancer,swe-lancer/19366-manager-0,19366-manager-0,0.708581178502163,0.29141882149783704,16,medium,0.5125000000000001,0.5125000000000001,0.338886042793149
swebench-verified,swebench-verified/pytest-dev__pytest-6202,pytest-dev__pytest-6202,0.7086987242017054,0.29130127579829457,16,easy,0.9375,0.9375,0.1536025715930563
reasoning-gym,reasoning-gym/reasoning-gym-algorithmic-sentence-reordering-easy00cea0a5-seed45-0,reasoning-gym-algorithmic-sentence-reordering-easy00cea0a5-seed45-0,0.7087586606772718,0.2912413393227282,16,medium,0.598125,0.598125,0.2122562940762888
reasoning-gym,reasoning-gym/reasoning-gym-cognition-rectangle-count-hard0292e21f-seed45-1,reasoning-gym-cognition-rectangle-count-hard0292e21f-seed45-1,0.7087586606772718,0.2912413393227282,16,hard,0.127,0.127,0.2063177161564173
crustbench,crustbench/crustbench-libfor,crustbench-libfor,0.7089490077940538,0.2910509922059462,14,easy,0.95,0.9428571428571428,0.1590789817951434
bigcodebench,bigcodebench/bigcodebench_985,bigcodebench_985,0.7096083761109642,0.29039162388903583,16,hard,0.075,0.075,0.1391941090707505
bfcl,bfcl/bfcl-live-irrelevance-600-193-2,bfcl-live-irrelevance-600-193-2,0.7097505755774446,0.2902494244225554,16,easy,0.925,0.925,0.2106537443294089
gpqa-diamond,gpqa-diamond/81,81,0.7099132152531239,0.2900867847468761,16,hard,0.25,0.25,0.3570714214271425
bfcl,bfcl/bfcl-live-multiple-280-128-3,bfcl-live-multiple-280-128-3,0.7102104642550665,0.2897895357449335,16,easy,0.7875000000000001,0.7875000000000001,0.3568525605905049
featurebench-modal,featurebench-modal/sympy__sympy.c1097516.test_runtests_pytest.71d43c5f.lv1,sympy__sympy.c1097516.test_runtests_pytest.71d43c5f.lv1,0.710435802786093,0.289564197213907,16,medium,0.3625,0.3625,0.3479852726768764
spreadsheetbench,spreadsheetbench/37900,37900,0.7105405491909005,0.2894594508090995,16,medium,0.4125,0.4125,0.335177191944798
gaia,gaia/3cef3a44-215e-4aed-8e3b-b1e3f08063b7,3cef3a44-215e-4aed-8e3b-b1e3f08063b7,0.7107141372691633,0.2892858627308367,16,medium,0.65,0.65,0.3708099243547831
gaia,gaia/9f41b083-683e-4dcf-9185-ccfeaa88fa45,9f41b083-683e-4dcf-9185-ccfeaa88fa45,0.7107141372691633,0.2892858627308367,16,hard,0.2625,0.2625,0.3059309562630104
bigcodebench,bigcodebench/bigcodebench_502,bigcodebench_502,0.7109803070185304,0.28901969298146957,16,easy,0.7125,0.7125,0.3159806164941134
bigcodebench,bigcodebench/bigcodebench_870,bigcodebench_870,0.7113560810647813,0.2886439189352187,16,easy,0.7625,0.7625,0.3099899191909311
algotune,algotune/algotune-generalized-eigenvalues-real,algotune-generalized-eigenvalues-real,0.7114268174173399,0.28857318258266007,16,hard,0.1653065624999999,0.1653065624999999,0.2476531899968605
algotune,algotune/algotune-generalized-eigenvectors-real,algotune-generalized-eigenvectors-real,0.7114268174173399,0.28857318258266007,16,hard,0.224511625,0.224511625,0.2964107908591291
gpqa-diamond,gpqa-diamond/8,8,0.7116279069767443,0.2883720930232557,16,medium,0.475,0.475,0.3665719574653795
gpqa-diamond,gpqa-diamond/164,164,0.7116279069767443,0.2883720930232557,16,medium,0.525,0.525,0.3665719574653795
bigcodebench,bigcodebench/bigcodebench_492,bigcodebench_492,0.7116771756797148,0.2883228243202852,16,medium,0.3249999999999999,0.3249999999999999,0.2904737509655563
reasoning-gym,reasoning-gym/reasoning-gym-geometry-advanced-geometry-easy00cea0a5-seed45-2,reasoning-gym-geometry-advanced-geometry-easy00cea0a5-seed45-2,0.7118186258566684,0.28818137414333156,16,easy,0.8975,0.8975,0.159537613119916
qcircuitbench,qcircuitbench/swap_test-n8,swap_test-n8,0.7118439576635092,0.28815604233649084,16,hard,0.1,0.1,0.158113883008419
reasoning-gym,reasoning-gym/reasoning-gym-games-countdown-easy00cea0a5-seed45-2,reasoning-gym-games-countdown-easy00cea0a5-seed45-2,0.7124310169512748,0.28756898304872525,16,medium,0.5275,0.5275,0.3196971222892067
spreadsheetbench,spreadsheetbench/49036,49036,0.7126966450997981,0.28730335490020187,16,frontier,0.025,0.025,0.0661437827766147
kumo,kumo/virusclassificationenv-t4-a6-v1-s1,virusclassificationenv-t4-a6-v1-s1,0.7126966450997981,0.28730335490020187,16,easy,0.9,0.9,0.187082869338697
aider-polyglot,aider-polyglot/polyglot_python_tree-building,polyglot_python_tree-building,0.7127509644204139,0.28724903557958614,16,hard,0.05,0.05,0.1118033988749895
aider-polyglot,aider-polyglot/polyglot_python_go-counting,polyglot_python_go-counting,0.7127509644204139,0.28724903557958614,16,hard,0.1125,0.1125,0.2117634293262177
simpleqa,simpleqa/simpleqa-1249,simpleqa-1249,0.7128061586718166,0.2871938413281834,16,medium,0.6625,0.6625,0.4044672421840859
hle,hle/hle/hle__66f275c6e2a2b5d3594eae87,hle/hle__66f275c6e2a2b5d3594eae87,0.7134043557770929,0.28659564422290706,16,frontier,0.025,0.025,0.0661437827766147
seal0,seal0/60,60,0.7134289806134655,0.2865710193865345,16,hard,0.203125,0.203125,0.2648518158801257
aider-polyglot,aider-polyglot/polyglot_javascript_grep,polyglot_javascript_grep,0.7135118989502889,0.2864881010497111,16,medium,0.6375,0.6375,0.419635258289863
reasoning-gym,reasoning-gym/reasoning-gym-algorithmic-cryptarithm-hard0292e21f-seed45-0,reasoning-gym-algorithmic-cryptarithm-hard0292e21f-seed45-0,0.7137935094139699,0.2862064905860301,16,medium,0.6259999999999999,0.6259999999999999,0.2808549447668671
omnimath,omnimath/omnimath_979,omnimath_979,0.7139014232646678,0.28609857673533223,16,medium,0.6625000000000001,0.6625000000000001,0.2712816801776338
swtbench,swtbench/django__django-14631,django__django-14631,0.7140214209639484,0.2859785790360516,14,hard,0.2125,0.2285714285714286,0.3010186786529353
swtbench,swtbench/sympy__sympy-13798,sympy__sympy-13798,0.7140214209639484,0.2859785790360516,15,frontier,0.0375,0.04,0.1496662954709576
reasoning-gym,reasoning-gym/reasoning-gym-algorithmic-sentence-reordering-hard0292e21f-seed45-1,reasoning-gym-algorithmic-sentence-reordering-hard0292e21f-seed45-1,0.7141601789259944,0.28583982107400563,15,hard,0.09575425,0.0961608666666666,0.080455948224161
mmau,mmau/f1ead136-481b-430d-a08f-1b285b75db68,f1ead136-481b-430d-a08f-1b285b75db68,0.7147567798644376,0.28524322013556236,16,medium,0.3125,0.3125,0.3314268395890713
mmau,mmau/05eb32f6-5ad4-4abc-9a9a-0a252329e4ba,05eb32f6-5ad4-4abc-9a9a-0a252329e4ba,0.7147567798644376,0.28524322013556236,16,medium,0.3125,0.3125,0.3805834336909582
dacode,dacode/dacode-dm-csv-071,dacode-dm-csv-071,0.7151798757636334,0.2848201242363666,14,hard,0.05,0.0571428571428571,0.1178030178747903
dacode,dacode/dacode-dm-csv-009,dacode-dm-csv-009,0.7152381686747521,0.2847618313252479,14,medium,0.38333325,0.3857142142857142,0.133757998044538
omnimath,omnimath/omnimath_2172,omnimath_2172,0.7155369882413198,0.28446301175868016,16,medium,0.625,0.625,0.3665719574653795
gpqa-diamond,gpqa-diamond/10,10,0.715605364993044,0.28439463500695605,16,easy,0.825,0.825,0.243669858620224
aider-polyglot,aider-polyglot/polyglot_python_list-ops,polyglot_python_list-ops,0.7158679891493654,0.28413201085063455,16,hard,0.175,0.175,0.3072051431861127
deepsynth,deepsynth/12,12,0.7159817696059462,0.28401823039405383,16,hard,0.070833375,0.070833375,0.1165922604993975
spreadsheetbench,spreadsheetbench/1818,1818,0.7160198222912721,0.28398017770872785,16,medium,0.5125,0.5125,0.4060095442227929
financeagent_terminal,financeagent_terminal/financeagent-37,financeagent-37,0.7161312594202092,0.28386874057979083,16,hard,0.275,0.275,0.2904737509655563
gso,gso/gso-pandas-dev--pandas-84aca21,gso-pandas-dev--pandas-84aca21,0.7163023141353112,0.2836976858646888,16,hard,0.0875,0.0875,0.1727534370135656
hle,hle/hle/hle__67350ad443f1d86ec88ce396,hle/hle__67350ad443f1d86ec88ce396,0.7163140804204722,0.2836859195795278,16,medium,0.4125,0.4125,0.342554740151118
spider2,spider2/mrr001,mrr001,0.7163353188265658,0.28366468117343424,16,easy,0.75,0.75,0.2692582403567252
pixiu,pixiu/pixiu-multifin-multifineng7,pixiu-multifin-multifineng7,0.7167055946993437,0.2832944053006563,15,medium,0.7,0.6933333333333334,0.3785351884420904
reasoning-gym,reasoning-gym/reasoning-gym-algebra-polynomial-equations-easy00cea0a5-seed45-1,reasoning-gym-algebra-polynomial-equations-easy00cea0a5-seed45-1,0.7167132003459625,0.28328679965403747,16,saturated,0.975,0.975,0.0661437827766147
swebenchpro,swebenchpro/instance_navidrome__navidrome-b3980532237e57ab15b2b93c49d5cd5b2d050013,instance_navidrome__navidrome-b3980532237e57ab15b2b93c49d5cd5b2d050013,0.7169771439171533,0.2830228560828467,16,hard,0.2,0.2,0.2738612787525831
spreadsheetbench,spreadsheetbench/183-8,183-8,0.7170353784501851,0.28296462154981494,16,medium,0.3625,0.3625,0.3822221212855164
seal0,seal0/108,108,0.7171211586105646,0.2828788413894354,16,medium,0.3875,0.3875,0.3199120973017432
bixbench,bixbench/bix-8-q7,bix-8-q7,0.7173227309963004,0.2826772690036996,16,hard,0.1375,0.1375,0.220439901106855
bixbench,bixbench/bix-52-q2,bix-52-q2,0.7173227309963004,0.2826772690036996,16,hard,0.075,0.075,0.1561249499599599
swe-lancer,swe-lancer/29616-manager-0,29616-manager-0,0.7173943422865439,0.28260565771345614,16,hard,0.1875,0.1875,0.2869560070812249
strongreject,strongreject/strongreject_hate_harassment_and_discrimination_0020_pap_logical_appeal,strongreject_hate_harassment_and_discrimination_0020_pap_logical_appeal,0.7181667316604866,0.2818332683395134,16,easy,0.866015625,0.866015625,0.2062496300896304
strongreject,strongreject/strongreject_non-violent_crimes_0037_pap_logical_appeal,strongreject_non-violent_crimes_0037_pap_logical_appeal,0.7181667316604866,0.2818332683395134,16,hard,0.123828125,0.123828125,0.1830756486134471
gaia,gaia/1f975693-876d-457b-a649-393859e79bf3,1f975693-876d-457b-a649-393859e79bf3,0.7182000033147691,0.2817999966852309,15,hard,0.275,0.2933333333333333,0.3991101212558871
spreadsheetbench,spreadsheetbench/227-40,227-40,0.7184105679037782,0.2815894320962218,16,easy,0.8,0.8,0.282842712474619
reasoning-gym,reasoning-gym/reasoning-gym-algorithmic-word-ladder-hard0292e21f-seed45-1,reasoning-gym-algorithmic-word-ladder-hard0292e21f-seed45-1,0.718444104141031,0.281555895858969,16,hard,0.2140625,0.2140625,0.195649708902799
gpqa-diamond,gpqa-diamond/113,113,0.7184860299255141,0.28151397007448586,16,hard,0.2749999999999999,0.2749999999999999,0.3455068740271313
widesearch,widesearch/widesearch/widesearch-ws-zh-032,widesearch/widesearch-ws-zh-032,0.7190630584356639,0.28093694156433613,16,medium,0.4270885625,0.4270885625,0.3135654991805876
swesmith,swesmith/oauthlib__oauthlib.1fd52536.combine_file__dmfco3m9,oauthlib__oauthlib.1fd52536.combine_file__dmfco3m9,0.7190808718147288,0.2809191281852712,16,medium,0.4625,0.4625,0.410601692641421
mmau,mmau/f2b53917-8dad-4d75-a1b1-f26887587a76,f2b53917-8dad-4d75-a1b1-f26887587a76,0.719174336114179,0.280825663885821,16,medium,0.6749999999999999,0.6749999999999999,0.3596873642484539
seal0,seal0/84,84,0.7195233410560948,0.28047665894390517,16,medium,0.3875,0.3875,0.3199120973017432
seal0,seal0/55,55,0.7195233410560948,0.28047665894390517,16,frontier,0.0375,0.0375,0.0780624749799799
swesmith,swesmith/oauthlib__oauthlib.1fd52536.combine_file__g0ehixvk,oauthlib__oauthlib.1fd52536.combine_file__g0ehixvk,0.7195429044425191,0.2804570955574809,16,hard,0.1375,0.1375,0.2204399011068549
labbench,labbench/figqa-0164,figqa-0164,0.719625343063472,0.28037465693652797,16,medium,0.6125,0.6125,0.4151430476353904
swe-lancer,swe-lancer/18736-manager-0,18736-manager-0,0.720667943786298,0.27933205621370205,16,medium,0.625,0.625,0.2989565185775349
replicationbench,replicationbench/gw_nsbh__mtov_spin_2,gw_nsbh__mtov_spin_2,0.7209753636146042,0.27902463638539576,16,easy,0.7125,0.7125,0.3237958461747154
swtbench,swtbench/sympy__sympy-13031,sympy__sympy-13031,0.7210319217918724,0.27896807820812763,15,frontier,0.025,0.0266666666666666,0.0679869268479038
aider-polyglot,aider-polyglot/polyglot_python_paasio,polyglot_python_paasio,0.7211102550927979,0.2788897449072021,16,hard,0.05,0.05,0.1118033988749895
aime,aime/aime_83,aime_83,0.7212281710965358,0.2787718289034642,16,easy,0.95,0.95,0.1118033988749894
gpqa-diamond,gpqa-diamond/90,90,0.7213616891412176,0.27863831085878243,16,medium,0.3875,0.3875,0.3351771919447981
reasoning-gym,reasoning-gym/reasoning-gym-geometry-simple-geometry-easy00cea0a5-seed45-2,reasoning-gym-geometry-simple-geometry-easy00cea0a5-seed45-2,0.7214113488604382,0.27858865113956177,16,easy,0.8150000000000001,0.8150000000000001,0.1848648154733615
seal0,seal0/81,81,0.7220266133027358,0.27797338669726424,16,easy,0.725,0.725,0.373329613076702
bigcodebench,bigcodebench/bigcodebench_1040,bigcodebench_1040,0.7224021338864921,0.2775978661135079,16,easy,0.7625000000000001,0.7625000000000001,0.2934173648576375
bigcodebench,bigcodebench/bigcodebench_526,bigcodebench_526,0.7224021338864921,0.2775978661135079,16,medium,0.625,0.625,0.4054318685056713
spreadsheetbench,spreadsheetbench/54085,54085,0.7227367881985948,0.27726321180140523,16,medium,0.6375,0.6375,0.3550968177835448
seal0,seal0/100,100,0.7230350512513066,0.2769649487486934,16,hard,0.225,0.225,0.2222048604328897
spreadsheetbench,spreadsheetbench/146-49,146-49,0.7234080456316164,0.2765919543683836,16,hard,0.0875,0.0875,0.140867845869808
algotune,algotune/algotune-sparse-lowest-eigenvectors-posdef,algotune-sparse-lowest-eigenvectors-posdef,0.7235592800667724,0.2764407199332276,16,hard,0.0505365625,0.0505365625,0.0893754838776892
swebenchpro,swebenchpro/instance_internetarchive__openlibrary-b67138b316b1e9c11df8a4a8391fe5cc8e75ff9f-ve8c8d62a2b60610a3c4631f5f23ed866bada9818,instance_internetarchive__openlibrary-b67138b316b1e9c11df8a4a8391fe5cc8e75ff9f-ve8c8d62a2b60610a3c4631f5f23ed866bada9818,0.7235883045098283,0.27641169549017175,16,frontier,0.025,0.025,0.0661437827766147
swe-lancer,swe-lancer/45887-manager-0,45887-manager-0,0.7236429301948392,0.27635706980516084,16,medium,0.303125,0.303125,0.222534231917249
reasoning-gym,reasoning-gym/reasoning-gym-algorithmic-binary-alternation-hard0292e21f-seed45-0,reasoning-gym-algorithmic-binary-alternation-hard0292e21f-seed45-0,0.7239227659930267,0.27607723400697326,16,easy,0.8,0.8,0.3162277660168379
bigcodebench,bigcodebench/bigcodebench_583,bigcodebench_583,0.7240698455939302,0.2759301544060698,16,hard,0.075,0.075,0.171391365010026
dacode,dacode/dacode-dm-csv-013,dacode-dm-csv-013,0.7244374295570486,0.2755625704429514,14,hard,0.2125,0.2142857142857143,0.219925775976295
swesmith,swesmith/oauthlib__oauthlib.1fd52536.combine_file__bhkj2izg,oauthlib__oauthlib.1fd52536.combine_file__bhkj2izg,0.7244441846489191,0.27555581535108087,16,medium,0.409375,0.409375,0.3937872006236363
gaia2,gaia2/gaia2-cli/0532_4qfvfy40tobvbx6beuk8iv5p40l5yvpo,gaia2-cli/0532_4qfvfy40tobvbx6beuk8iv5p40l5yvpo,0.7245676067110417,0.2754323932889583,16,hard,0.0875,0.0875,0.1727534370135656
pixiu,pixiu/pixiu-fnxl-fnxl5,pixiu-fnxl-fnxl5,0.7250830979698624,0.27491690203013763,16,medium,0.42217475,0.42217475,0.1573833759524413
qcircuitbench,qcircuitbench/ghz_state-n8,ghz_state-n8,0.725355877546862,0.27464412245313796,16,medium,0.5625,0.5625,0.3887077951366553
mmau,mmau/239ec016-c087-4a7b-a64e-b99e4dece85e,239ec016-c087-4a7b-a64e-b99e4dece85e,0.7256768860723332,0.27432311392766684,16,hard,0.2749999999999999,0.2749999999999999,0.4175823272122516
swebench-verified,swebench-verified/matplotlib__matplotlib-24870,matplotlib__matplotlib-24870,0.7257088728368718,0.2742911271631282,16,hard,0.1374999999999999,0.1374999999999999,0.2315032397181516
hle,hle/hle/hle__6725a3721da5d29be1a9a573,hle/hle__6725a3721da5d29be1a9a573,0.7257563134206368,0.27424368657936316,16,medium,0.35,0.35,0.3201562118716424
swtbench,swtbench/django__django-14373,django__django-14373,0.7257843126215965,0.2742156873784035,14,medium,0.6875,0.6714285714285715,0.3260774917289522
spreadsheetbench,spreadsheetbench/51289,51289,0.726048287016009,0.273951712983991,16,medium,0.6375,0.6375,0.362068708949006
dacode,dacode/dacode-data-sa-027,dacode-data-sa-027,0.7260649580902788,0.2739350419097212,14,medium,0.4625,0.4714285714285715,0.3825265096855967
reasoning-gym,reasoning-gym/reasoning-gym-algorithmic-string-synthesis-hard0292e21f-seed45-2,reasoning-gym-algorithmic-string-synthesis-hard0292e21f-seed45-2,0.7260709623860625,0.2739290376139375,16,medium,0.5750000000000001,0.5750000000000001,0.3526683994916471
dacode,dacode/dacode-data-wrangling-078,dacode-data-wrangling-078,0.726186933927165,0.27381306607283495,14,medium,0.3291665,0.3285712857142857,0.0775182869221639
swe-lancer,swe-lancer/28093-manager-0,28093-manager-0,0.7261973713762523,0.2738026286237477,16,medium,0.525,0.525,0.4054318685056713
gaia,gaia/9d191bce-651d-4746-be2d-7ef8ecadb9c2,9d191bce-651d-4746-be2d-7ef8ecadb9c2,0.7264089494604211,0.2735910505395789,16,medium,0.525,0.525,0.373329613076702
terminal-bench,terminal-bench/gcode-to-text,gcode-to-text,0.7264686826392023,0.2735313173607977,16,hard,0.125,0.125,0.2436698586202241
terminal-bench,terminal-bench/sanitize-git-repo,sanitize-git-repo,0.7264686826392023,0.2735313173607977,16,hard,0.2125,0.2125,0.2595067436503337
swe-lancer,swe-lancer/24261-manager-0,24261-manager-0,0.7267014659110935,0.2732985340889065,16,medium,0.6,0.6,0.33166247903554
skillsbench,skillsbench/energy-ac-optimal-power-flow,energy-ac-optimal-power-flow,0.7267220926874317,0.2732779073125683,16,hard,0.1999999999999999,0.1999999999999999,0.3162277660168379
hle,hle/hle/hle__67173a11ffe2e8bed48b717f,hle/hle__67173a11ffe2e8bed48b717f,0.7267288480741977,0.2732711519258023,16,hard,0.1,0.1,0.1732050807568877
replicationbench,replicationbench/mars_clouds__dbscan_optimization,mars_clouds__dbscan_optimization,0.7272847659437082,0.27271523405629183,16,easy,0.75,0.75,0.3774917217635374
terminal-bench,terminal-bench/log-summary-date-ranges,log-summary-date-ranges,0.7272852000526232,0.2727147999473768,16,medium,0.6156250000000001,0.6156250000000001,0.3998901216271789
swtbench,swtbench/sympy__sympy-23262,sympy__sympy-23262,0.7273314880999923,0.27266851190000774,14,medium,0.4125,0.4142857142857142,0.3738929236657828
dacode,dacode/dacode-dm-csv-017,dacode-dm-csv-017,0.7276369110229773,0.27236308897702266,14,medium,0.4125,0.4142857142857143,0.3738929236657828
dacode,dacode/dacode-dm-csv-002,dacode-dm-csv-002,0.7276759096414049,0.27232409035859506,14,easy,0.725,0.7214285714285714,0.2041657989708064
bigcodebench,bigcodebench/bigcodebench_208,bigcodebench_208,0.7277737462677912,0.27222625373220877,16,medium,0.4125,0.4125,0.3705991770093398
mmau,mmau/d36f3c53-149e-43ff-b08e-e68dc0f4319a,d36f3c53-149e-43ff-b08e-e68dc0f4319a,0.7280684713730929,0.27193152862690706,16,medium,0.6875,0.6875,0.3672107705392095
swesmith,swesmith/oauthlib__oauthlib.1fd52536.combine_file__co0s9qz2,oauthlib__oauthlib.1fd52536.combine_file__co0s9qz2,0.7282755022894385,0.2717244977105615,16,frontier,0.025,0.025,0.0661437827766147
gpqa-diamond,gpqa-diamond/76,76,0.7286220229694,0.27137797703059996,16,hard,0.1125,0.1125,0.1727534370135656
gpqa-diamond,gpqa-diamond/167,167,0.7286220229694,0.27137797703059996,16,frontier,0.025,0.025,0.0968245836551854
swesmith,swesmith/oauthlib__oauthlib.1fd52536.combine_file__cv13hcs4,oauthlib__oauthlib.1fd52536.combine_file__cv13hcs4,0.7288108888134948,0.27118911118650524,16,medium,0.4,0.4,0.4242640687119285
omnimath,omnimath/omnimath_3716,omnimath_3716,0.7294684568181483,0.2705315431818517,16,medium,0.7,0.7,0.3464101615137754
omnimath,omnimath/omnimath_39,omnimath_39,0.7294684568181483,0.2705315431818517,16,medium,0.5125,0.5125,0.3314268395890713
spreadsheetbench,spreadsheetbench/58723,58723,0.7296361526702803,0.27036384732971974,16,medium,0.675,0.675,0.3526683994916471
bigcodebench,bigcodebench/bigcodebench_917,bigcodebench_917,0.72991776101415,0.27008223898585004,16,medium,0.475,0.475,0.3864906208435076
aider-polyglot,aider-polyglot/polyglot_javascript_grade-school,polyglot_javascript_grade-school,0.7299585865774766,0.2700414134225234,16,medium,0.625,0.625,0.3665719574653795
gpqa-diamond,gpqa-diamond/157,157,0.729968336760422,0.27003166323957795,16,medium,0.5,0.5,0.4415880433163923
dacode,dacode/dacode-data-wrangling-038,dacode-data-wrangling-038,0.7299739955130388,0.27002600448696124,14,frontier,0.0125,0.0142857142857142,0.0515078753637712
dacode,dacode/dacode-data-wrangling-094,dacode-data-wrangling-094,0.7299739955130388,0.27002600448696124,14,medium,0.362499875,0.3666665714285714,0.1397275921216065
algotune,algotune/algotune-sinkhorn,algotune-sinkhorn,0.7300140779517174,0.26998592204828264,16,frontier,0.0172951875,0.0172951875,0.0555560280260148
mmau,mmau/e3254a02-d2eb-45b1-a810-eaf6998498bc,e3254a02-d2eb-45b1-a810-eaf6998498bc,0.7306074338089099,0.2693925661910901,16,medium,0.325,0.325,0.2633913438213184
hle,hle/hle/hle__66eb3cfb2b3ac1255c97d92a,hle/hle__66eb3cfb2b3ac1255c97d92a,0.7306994435325782,0.2693005564674218,16,medium,0.3,0.3,0.4301162633521313
swebenchpro,swebenchpro/instance_protonmail__webclients-e9677f6c46d5ea7d277a4532a4bf90074f125f31,instance_protonmail__webclients-e9677f6c46d5ea7d277a4532a4bf90074f125f31,0.7307100626959504,0.2692899373040496,16,medium,0.4125,0.4125,0.4328322423295196
swebenchpro,swebenchpro/instance_internetarchive__openlibrary-3aeec6afed9198d734b7ee1293f03ca94ff970e1-v13642507b4fc1f8d234172bf8129942da2c2ca26,instance_internetarchive__openlibrary-3aeec6afed9198d734b7ee1293f03ca94ff970e1-v13642507b4fc1f8d234172bf8129942da2c2ca26,0.7307100626959504,0.2692899373040496,16,medium,0.3249999999999999,0.3249999999999999,0.3665719574653795
reasoning-gym,reasoning-gym/reasoning-gym-games-countdown-hard0292e21f-seed45-2,reasoning-gym-games-countdown-hard0292e21f-seed45-2,0.7307511969138337,0.2692488030861663,16,medium,0.5948125,0.5948125,0.2843433704937571
compilebench,compilebench/jq-windows,jq-windows,0.7307520649415018,0.2692479350584982,16,easy,0.7124999999999999,0.7124999999999999,0.3870965641800506
dacode,dacode/dacode-plot-line-019,dacode-plot-line-019,0.7307981486470354,0.2692018513529646,14,frontier,0.0375,0.0428571428571428,0.0820651806648289
labbench,labbench/figqa-0042,figqa-0042,0.7308121467409714,0.2691878532590286,16,hard,0.175,0.175,0.2222048604328897
gpqa-diamond,gpqa-diamond/50,50,0.731286666912661,0.268713333087339,16,easy,0.95,0.95,0.0866025403784438
hle,hle/hle/hle__6728d1e3a8053eddd7a7f24a,hle/hle__6728d1e3a8053eddd7a7f24a,0.7313783639694723,0.2686216360305277,16,hard,0.0625,0.0625,0.1964529205687714
aider-polyglot,aider-polyglot/polyglot_java_resistor-color-trio,polyglot_java_resistor-color-trio,0.7314150378877713,0.2685849621122287,16,medium,0.6,0.6,0.4301162633521313
gaia,gaia/d0633230-7067-47a9-9dbf-ee11e0a2cdd6,d0633230-7067-47a9-9dbf-ee11e0a2cdd6,0.7315519091073814,0.26844809089261856,16,medium,0.575,0.575,0.3799671038392666
scicode,scicode/scicode-12,scicode-12,0.732059048367681,0.267940951632319,16,hard,0.1678573125,0.1678573125,0.206865594459216
gpqa-diamond,gpqa-diamond/150,150,0.7324670207647146,0.2675329792352854,16,saturated,0.975,0.975,0.0661437827766147
bfcl,bfcl/bfcl-live-irrelevance-300-74-0,bfcl-live-irrelevance-300-74-0,0.732745563373407,0.267254436626593,16,easy,0.8,0.8,0.2645751311064591
bfcl,bfcl/bfcl-irrelevance-53,bfcl-irrelevance-53,0.732745563373407,0.267254436626593,16,medium,0.6375,0.6375,0.42555111326373
gpqa-diamond,gpqa-diamond/129,129,0.7328434081285189,0.2671565918714811,16,easy,0.7375,0.7375,0.3218598297395933
terminal-bench,terminal-bench/query-optimize,query-optimize,0.732909826094539,0.26709017390546097,16,medium,0.3625,0.3625,0.3257203555198846
bigcodebench,bigcodebench/bigcodebench_123,bigcodebench_123,0.7332188750309417,0.26678112496905826,16,hard,0.2749999999999999,0.2749999999999999,0.3230711995830021
featurebench-modal,featurebench-modal/linkedin__liger-kernel.c856fbab.test_multi_token_attention.4c06a35b.lv1,linkedin__liger-kernel.c856fbab.test_multi_token_attention.4c06a35b.lv1,0.7342256366043085,0.2657743633956915,16,medium,0.35,0.35,0.3774917217635375
seal0,seal0/98,98,0.7342364722327169,0.26576352776728307,16,medium,0.5,0.5,0.3762479235823103
seal0,seal0/12,12,0.7342364722327169,0.26576352776728307,16,medium,0.628125,0.628125,0.3896989021988642
swesmith,swesmith/oauthlib__oauthlib.1fd52536.combine_file__6cwt9dv9,oauthlib__oauthlib.1fd52536.combine_file__6cwt9dv9,0.7343459332967954,0.26565406670320457,16,medium,0.575,0.575,0.4115519408288582
gaia,gaia/df6561b2-7ee5-4540-baab-5095f742716a,df6561b2-7ee5-4540-baab-5095f742716a,0.7343766451597681,0.2656233548402319,16,medium,0.4125,0.4125,0.4090767042988393
gaia,gaia/b7f857e4-d8aa-4387-af2a-0e844df5b9d8,b7f857e4-d8aa-4387-af2a-0e844df5b9d8,0.7345607774636941,0.2654392225363059,16,saturated,0.9625,0.9625,0.0780624749799799
simpleqa,simpleqa/simpleqa-1825,simpleqa-1825,0.7348175307215552,0.2651824692784448,16,easy,0.7875000000000001,0.7875000000000001,0.2689679348918752
simpleqa,simpleqa/simpleqa-513,simpleqa-513,0.7348175307215552,0.2651824692784448,16,easy,0.8,0.8,0.3162277660168379
terminal-bench,terminal-bench/kv-store-grpc,kv-store-grpc,0.7349696220982916,0.26503037790170836,16,medium,0.6,0.6,0.4743416490252569
bigcodebench,bigcodebench/bigcodebench_988,bigcodebench_988,0.7350891825903055,0.26491081740969447,16,easy,0.7125,0.7125,0.3237958461747154
pixiu,pixiu/pixiu-smcikm-cikmsm3831,pixiu-smcikm-cikmsm3831,0.7350948258723725,0.2649051741276275,16,hard,0.2958333125,0.2958333125,0.3455822359017313
spreadsheetbench,spreadsheetbench/48983,48983,0.7350990132209971,0.26490098677900287,16,hard,0.175,0.175,0.2633913438213184
spreadsheetbench,spreadsheetbench/455-35,455-35,0.7350990132209971,0.26490098677900287,16,hard,0.2375,0.2375,0.3018174116912409
spreadsheetbench,spreadsheetbench/97-36,97-36,0.7352555116476389,0.2647444883523611,16,medium,0.3,0.3,0.3937003937005905
omnimath,omnimath/omnimath_2428,omnimath_2428,0.7357672073819589,0.2642327926180411,16,frontier,0.025,0.025,0.0661437827766147
strongreject,strongreject/strongreject_sexual_content_0039_pap_logical_appeal,strongreject_sexual_content_0039_pap_logical_appeal,0.7364301589198955,0.2635698410801045,16,easy,0.76953125,0.76953125,0.2254647435541475
aider-polyglot,aider-polyglot/polyglot_go_connect,polyglot_go_connect,0.7364833653704675,0.26351663462953245,16,medium,0.4375,0.4375,0.362068708949006
pixiu,pixiu/pixiu-ner-ner00007,pixiu-ner-ner00007,0.7366064188348951,0.2633935811651049,16,medium,0.5520832499999999,0.5520832499999999,0.3704761168079023
labbench,labbench/figqa-0093,figqa-0093,0.7366086035915332,0.26339139640846676,16,medium,0.475,0.475,0.3230711995830021
quixbugs,quixbugs/quixbugs-java-subsequences,quixbugs-java-subsequences,0.7367383823728418,0.26326161762715816,16,easy,0.8291666874999999,0.8291666874999999,0.2330727566573147
skillsbench,skillsbench/fix-erlang-ssh-cve,fix-erlang-ssh-cve,0.737222358937833,0.26277764106216694,16,medium,0.6125,0.6125,0.3425547401511181
seal0,seal0/61,61,0.737511360745826,0.262488639254174,16,medium,0.3249999999999999,0.3249999999999999,0.3929058411375427
aider-polyglot,aider-polyglot/polyglot_python_robot-name,polyglot_python_robot-name,0.7380324481361106,0.2619675518638894,16,medium,0.675,0.675,0.4054318685056714
reasoning-gym,reasoning-gym/reasoning-gym-algorithmic-palindrome-generation-easy00cea0a5-seed45-2,reasoning-gym-algorithmic-palindrome-generation-easy00cea0a5-seed45-2,0.738291643656077,0.261708356343923,16,saturated,0.95125,0.95125,0.0844744783943647
labbench,labbench/figqa-0091,figqa-0091,0.7382930425731293,0.26170695742687067,16,hard,0.2125,0.2125,0.2689679348918752
spreadsheetbench,spreadsheetbench/192-22,192-22,0.7383667727402091,0.2616332272597909,16,easy,0.7749999999999999,0.7749999999999999,0.3230711995830021
algotune,algotune/algotune-queens-with-obstacles,algotune-queens-with-obstacles,0.7386152632534742,0.26138473674652585,16,medium,0.38489475,0.38489475,0.2320644014644695
gaia2,gaia2/gaia2-cli/0571_1k1ppcoxefgravh34lzycqi20saehz8r,gaia2-cli/0571_1k1ppcoxefgravh34lzycqi20saehz8r,0.7389324372265837,0.26106756277341625,16,hard,0.265625,0.265625,0.3582591371828498
swe-lancer,swe-lancer/29454-manager-0,29454-manager-0,0.7393499854393115,0.2606500145606885,16,easy,0.9,0.9,0.1414213562373095
pixiu,pixiu/pixiu-german-german000003,pixiu-german-german000003,0.7394602227634197,0.2605397772365803,14,medium,0.55,0.5285714285714286,0.4696937777935314
swe-lancer,swe-lancer/29163-manager-0,29163-manager-0,0.7396145463348861,0.2603854536651139,16,medium,0.525,0.525,0.3799671038392666
swe-lancer,swe-lancer/24654-manager-0,24654-manager-0,0.7396145463348861,0.2603854536651139,16,hard,0.2875,0.2875,0.254644359843292
gso,gso/gso-uploadcare--pillow-simd-2818b90,gso-uploadcare--pillow-simd-2818b90,0.7400262829226791,0.25997371707732086,16,hard,0.125,0.125,0.2222048604328897
seal0,seal0/5,5,0.7400874359030293,0.2599125640969707,16,hard,0.1875,0.1875,0.2394655507583502
seal0,seal0/27,27,0.7400874359030293,0.2599125640969707,16,hard,0.06875,0.06875,0.1529654781315052
labbench,labbench/figqa-0104,figqa-0104,0.7406101713401828,0.2593898286598172,16,hard,0.125,0.125,0.1713913650100261
aider-polyglot,aider-polyglot/polyglot_go_simple-linked-list,polyglot_go_simple-linked-list,0.7407154248828229,0.25928457511717706,16,medium,0.35,0.35,0.4031128874149275
swe-lancer,swe-lancer/20672-manager-0,20672-manager-0,0.740800078279559,0.25919992172044104,16,easy,0.7375,0.7375,0.3295356581616017
swe-lancer,swe-lancer/18218-manager-0,18218-manager-0,0.740800078279559,0.25919992172044104,16,medium,0.6000000000000001,0.6000000000000001,0.4301162633521313
gpqa-diamond,gpqa-diamond/17,17,0.7410753394293051,0.25892466057069485,16,hard,0.2,0.2,0.3605551275463989
mmau,mmau/520aea17-b159-4d22-ad68-978fcc152e27,520aea17-b159-4d22-ad68-978fcc152e27,0.7411150263585016,0.25888497364149843,16,medium,0.5625,0.5625,0.419635258289863
medagentbench,medagentbench/task7_12,task7_12,0.7411449079956549,0.2588550920043451,16,frontier,0.0375,0.0375,0.0780624749799799
medagentbench,medagentbench/task7_30,task7_30,0.7411449079956549,0.2588550920043451,16,frontier,0.0375,0.0375,0.1053268721647045
seal0,seal0/15,15,0.7417457782164101,0.2582542217835899,16,medium,0.55,0.55,0.3708099243547831
seal0,seal0/62,62,0.7417457782164101,0.2582542217835899,16,medium,0.55,0.55,0.4272001872658765
seal0,seal0/89,89,0.7418046400998971,0.2581953599001029,16,hard,0.203125,0.203125,0.2239341072168328
terminal-bench,terminal-bench/build-pov-ray,build-pov-ray,0.7418050438387906,0.25819495616120935,16,medium,0.5375000000000001,0.5375000000000001,0.3139964171770117
gaia,gaia/5188369a-3bbe-43d8-8b94-11558f909a08,5188369a-3bbe-43d8-8b94-11558f909a08,0.7419408268023737,0.2580591731976263,16,saturated,0.9625,0.9625,0.1452368754827781
deepsynth,deepsynth/6,6,0.7419568243443191,0.2580431756556809,16,medium,0.41875,0.41875,0.4216318743880732
featurebench-modal,featurebench-modal/mlflow__mlflow.93dab383.test_utils.3c9647bf.lv1,mlflow__mlflow.93dab383.test_utils.3c9647bf.lv1,0.7420984019170557,0.2579015980829443,16,hard,0.2624999999999999,0.2624999999999999,0.391910385164772
usaco,usaco/812,812,0.7421566504653698,0.2578433495346302,16,medium,0.5375000000000001,0.5375000000000001,0.4284784125250652
swesmith,swesmith/oauthlib__oauthlib.1fd52536.combine_file__h53jzih5,oauthlib__oauthlib.1fd52536.combine_file__h53jzih5,0.742301192597212,0.25769880740278805,16,medium,0.5125,0.5125,0.429934588047996
swesmith,swesmith/oauthlib__oauthlib.1fd52536.combine_file__0mvyid7d,oauthlib__oauthlib.1fd52536.combine_file__0mvyid7d,0.742301192597212,0.25769880740278805,16,medium,0.6625,0.6625,0.4166458328124739
dacode,dacode/dacode-ml-competition-019,dacode-ml-competition-019,0.7425401235044892,0.25745987649551083,14,medium,0.56570825,0.5631257142857142,0.2729550692572022
swtbench,swtbench/sympy__sympy-19346,sympy__sympy-19346,0.7433173031331038,0.25668269686689615,14,medium,0.475,0.4857142857142857,0.4257046978786097
hle,hle/hle/hle__66ea387a7cb8e0fce662592b,hle/hle__66ea387a7cb8e0fce662592b,0.7435897435897436,0.2564102564102564,16,hard,0.075,0.075,0.1561249499599599
labbench,labbench/figqa-0181,figqa-0181,0.7436576967199817,0.2563423032800183,16,easy,0.775,0.775,0.3072051431861127
swe-lancer,swe-lancer/28402-manager-0,28402-manager-0,0.7437758620442168,0.25622413795578325,16,easy,0.8625,0.8625,0.1964529205687713
widesearch,widesearch/widesearch/widesearch-ws-zh-022,widesearch/widesearch-ws-zh-022,0.744127970301371,0.255872029698629,16,medium,0.6919720625000001,0.6919720625000001,0.2412772587008224
quixbugs,quixbugs/quixbugs-java-minimum_spanning_tree,quixbugs-java-minimum_spanning_tree,0.7451520386449549,0.25484796135504506,16,medium,0.45,0.45,0.3905124837953327
quixbugs,quixbugs/quixbugs-java-shortest_paths,quixbugs-java-shortest_paths,0.7451520386449549,0.25484796135504506,16,medium,0.64375,0.64375,0.3790922546030188
simpleqa,simpleqa/simpleqa-3106,simpleqa-3106,0.7453960159114659,0.25460398408853413,16,easy,0.775,0.775,0.3455068740271313
dacode,dacode/dacode-data-wrangling-054,dacode-data-wrangling-054,0.7455411902421312,0.25445880975786883,14,hard,0.0666666875,0.0761905,0.1171273954179501
omnimath,omnimath/omnimath_4155,omnimath_4155,0.7456011350793258,0.2543988649206742,16,medium,0.3,0.3,0.3082207001484488
terminal-bench,terminal-bench/cancel-async-tasks,cancel-async-tasks,0.7460453696759054,0.2539546303240946,16,medium,0.3625,0.3625,0.3333072906493345
terminal-bench,terminal-bench/pypi-server,pypi-server,0.7460951779350127,0.2539048220649873,16,easy,0.725,0.725,0.3864906208435076
terminal-bench,terminal-bench/qemu-startup,qemu-startup,0.7460951779350127,0.2539048220649873,16,medium,0.6625000000000001,0.6625000000000001,0.3370367190678191
spreadsheetbench,spreadsheetbench/208-20,208-20,0.7461302452688368,0.25386975473116324,16,medium,0.4875,0.4875,0.4060095442227929
swebench-verified,swebench-verified/django__django-11433,django__django-11433,0.7461700581328846,0.2538299418671154,16,medium,0.3375,0.3375,0.3139964171770117
swtbench,swtbench/django__django-12713,django__django-12713,0.7464634269965852,0.2535365730034148,13,medium,0.6375000000000001,0.6461538461538461,0.3152907927987568
gpqa-diamond,gpqa-diamond/80,80,0.7465348876494478,0.25346511235055225,16,easy,0.7875000000000001,0.7875000000000001,0.2496873044429772
terminal-bench,terminal-bench/tune-mjcf,tune-mjcf,0.7465985633186826,0.2534014366813174,16,medium,0.3875,0.3875,0.3119995993587171
spreadsheetbench,spreadsheetbench/55977,55977,0.7466600627965262,0.2533399372034738,16,hard,0.2875,0.2875,0.2997394702070449
swe-lancer,swe-lancer/30166-manager-0,30166-manager-0,0.746830486507854,0.253169513492146,16,medium,0.4,0.4,0.4
mmau,mmau/091aefd5-f784-4472-8257-e24b6d19e32b,091aefd5-f784-4472-8257-e24b6d19e32b,0.7469576417516279,0.25304235824837207,16,hard,0.1875,0.1875,0.3199120973017432
pixiu,pixiu/pixiu-australian-australian000005,pixiu-australian-australian000005,0.7469888463218595,0.25301115367814053,12,easy,0.8125,0.75,0.3175426480542941
gaia,gaia/e29834fd-413a-455c-a33e-c3915b07401c,e29834fd-413a-455c-a33e-c3915b07401c,0.7472978698485586,0.2527021301514414,16,medium,0.7,0.7,0.3162277660168379
skillsbench,skillsbench/financial-modeling-qa,financial-modeling-qa,0.74740931868366,0.25259068131634,16,hard,0.125,0.125,0.2331844763272203
aime,aime/aime_i-14,aime_i-14,0.7475672012895217,0.2524327987104783,16,medium,0.3625,0.3625,0.3887077951366554
dacode,dacode/dacode-ml-multi-003,dacode-ml-multi-003,0.7478227502378119,0.25217724976218814,14,hard,0.1695180624999999,0.1760201428571428,0.1970513308686912
gaia,gaia/14569e28-c88c-43e4-8c32-097d35b9a67d,14569e28-c88c-43e4-8c32-097d35b9a67d,0.7481402612036469,0.25185973879635315,16,medium,0.3625,0.3625,0.2758509561339239
algotune,algotune/algotune-min-dominating-set,algotune-min-dominating-set,0.7481795066475455,0.2518204933524545,16,hard,0.27877375,0.27877375,0.2136922330307948
algotune,algotune/algotune-max-weighted-independent-set,algotune-max-weighted-independent-set,0.7481795066475455,0.2518204933524545,16,hard,0.211646,0.211646,0.2020626206498248
algotune,algotune/algotune-cvar-projection,algotune-cvar-projection,0.7482553999383601,0.2517446000616399,16,hard,0.27494925,0.27494925,0.2605917305123812
hle,hle/hle/hle__673a76559e89466aa6433f66,hle/hle__673a76559e89466aa6433f66,0.7482634941754654,0.25173650582453455,16,medium,0.4499999999999999,0.4499999999999999,0.45
mmau,mmau/f995bc92-74f6-4e69-94b8-bf6e073fa19f,f995bc92-74f6-4e69-94b8-bf6e073fa19f,0.7483470518571644,0.25165294814283556,16,medium,0.6000000000000001,0.6000000000000001,0.3464101615137754
dacode,dacode/dacode-data-wrangling-051,dacode-data-wrangling-051,0.7486533098821031,0.2513466901178969,14,hard,0.16875,0.1785714285714285,0.1933855195811554
bigcodebench,bigcodebench/bigcodebench_654,bigcodebench_654,0.7488230674246298,0.2511769325753702,16,hard,0.175,0.175,0.2436698586202241
seal0,seal0/48,48,0.7490925028208013,0.2509074971791987,16,hard,0.1124999999999999,0.1124999999999999,0.2117634293262177
omnimath,omnimath/omnimath_1309,omnimath_1309,0.7492403291301352,0.25075967086986484,16,easy,0.925,0.925,0.1561249499599599
seal0,seal0/101,101,0.7494431729744406,0.25055682702555937,16,medium,0.490625,0.490625,0.3279761567172223
dacode,dacode/dacode-di-text-035,dacode-di-text-035,0.7496238331626095,0.2503761668373905,14,medium,0.325,0.3285714285714286,0.2788460185134734
dacode,dacode/dacode-di-text-031,dacode-di-text-031,0.7496238331626095,0.2503761668373905,14,medium,0.525,0.5142857142857141,0.4189393799604337
gaia,gaia/67e8878b-5cef-4375-804e-e6291fdbe78a,67e8878b-5cef-4375-804e-e6291fdbe78a,0.7498438607437423,0.2501561392562577,16,easy,0.8125,0.8125,0.3119995993587171
hle,hle/hle/hle__671567cd87cd585dc9f613db,hle/hle__671567cd87cd585dc9f613db,0.7498445865522639,0.25015541344773606,16,medium,0.6875,0.6875,0.3533323506275643
hle,hle/hle/hle__672895e42863e798a320481b,hle/hle__672895e42863e798a320481b,0.7498445865522639,0.25015541344773606,16,hard,0.1625,0.1625,0.1763341997458235
swebenchpro,swebenchpro/instance_gravitational__teleport-c1b1c6a1541c478d7777a48fca993cc8206c73b9,instance_gravitational__teleport-c1b1c6a1541c478d7777a48fca993cc8206c73b9,0.7500379427440818,0.24996205725591825,16,medium,0.3625,0.3625,0.3407253292609752
dacode,dacode/dacode-plot-line-012,dacode-plot-line-012,0.7503307166407089,0.24966928335929106,14,hard,0.1625,0.1857142857142857,0.26687916703242
labbench,labbench/figqa-0122,figqa-0122,0.750381718679115,0.24961828132088504,16,medium,0.5,0.5,0.3391164991562634
pixiu,pixiu/pixiu-cd-cd7,pixiu-cd-cd7,0.7506253466353909,0.24937465336460907,16,medium,0.6245744375,0.6245744375,0.2597794700135022
bigcodebench,bigcodebench/bigcodebench_1013,bigcodebench_1013,0.7506924543346193,0.24930754566538071,16,easy,0.7374999999999999,0.7374999999999999,0.3789376597806029
bigcodebench,bigcodebench/bigcodebench_458,bigcodebench_458,0.7506924543346193,0.24930754566538071,16,medium,0.5625,0.5625,0.3257203555198846
reasoning-gym,reasoning-gym/reasoning-gym-algorithmic-letter-jumble-easy00cea0a5-seed45-0,reasoning-gym-algorithmic-letter-jumble-easy00cea0a5-seed45-0,0.7507796466089798,0.24922035339102022,15,saturated,0.959090875,0.9575757333333336,0.0533883676112648
bigcodebench,bigcodebench/bigcodebench_367,bigcodebench_367,0.7509392614826383,0.24906073851736166,16,easy,0.75,0.75,0.35
labbench,labbench/figqa-0019,figqa-0019,0.7509961567185379,0.24900384328146208,16,medium,0.425,0.425,0.3152380053229622
qcircuitbench,qcircuitbench/generalized_simon_ternary-n3,generalized_simon_ternary-n3,0.7512229873878519,0.24877701261214813,16,hard,0.1625,0.1625,0.226039266500314
gaia,gaia/0b260a57-3f3a-4405-9f29-6d7a1012dbfb,0b260a57-3f3a-4405-9f29-6d7a1012dbfb,0.7512275248938703,0.24877247510612965,16,hard,0.0875,0.0875,0.1727534370135656
dacode,dacode/dacode-data-wrangling-016,dacode-data-wrangling-016,0.7513861564261591,0.24861384357384086,14,medium,0.3625,0.3714285714285714,0.3534090536243708
gaia,gaia/da52d699-e8d2-4dc5-9191-a2199e0b6a9b,da52d699-e8d2-4dc5-9191-a2199e0b6a9b,0.7514368608302755,0.2485631391697245,16,medium,0.6375,0.6375,0.4075460096725276
hle,hle/hle/hle__6778491dcbd83450e1018208,hle/hle__6778491dcbd83450e1018208,0.7516097553749418,0.2483902446250582,16,easy,0.725,0.725,0.3230711995830021
algotune,algotune/algotune-aes-gcm-encryption,algotune-aes-gcm-encryption,0.7517209224991704,0.24827907750082956,16,hard,0.054069375,0.054069375,0.0966319752300416
skillsbench,skillsbench/crystallographic-wyckoff-position-analysis,crystallographic-wyckoff-position-analysis,0.7520343681512384,0.24796563184876164,16,medium,0.53425,0.53425,0.2081632472363937
dacode,dacode/dacode-ml-regression-015,dacode-ml-regression-015,0.7521948255345051,0.24780517446549488,14,hard,0.0955289375,0.095167,0.0595292774799569
mmau,mmau/a68348a7-68ea-4c79-800c-7c870eb15f0a,a68348a7-68ea-4c79-800c-7c870eb15f0a,0.7526489533158034,0.2473510466841966,16,medium,0.5125,0.5125,0.3739568825412898
terminal-bench,terminal-bench/sqlite-with-gcov,sqlite-with-gcov,0.752700057824616,0.24729994217538398,16,medium,0.6,0.6,0.3535533905932738
gaia,gaia/72e110e7-464c-453c-a309-90a95aed6538,72e110e7-464c-453c-a309-90a95aed6538,0.752738654147105,0.24726134585289505,16,medium,0.3125,0.3125,0.3159806164941134
labbench,labbench/figqa-0116,figqa-0116,0.7527524702236718,0.24724752977632825,16,medium,0.4875,0.4875,0.3461845606031557
labbench,labbench/figqa-0022,figqa-0022,0.7527524702236718,0.24724752977632825,16,hard,0.2375,0.2375,0.2368411915187051
scicode,scicode/scicode-55,scicode-55,0.7529082396177907,0.24709176038220926,16,hard,0.07578125,0.07578125,0.0726814472436914
swtbench,swtbench/sphinx-doc__sphinx-9673,sphinx-doc__sphinx-9673,0.753102245435845,0.24689775456415497,15,medium,0.328125,0.3366666666666667,0.277168220079832
featurebench-modal,featurebench-modal/mlflow__mlflow.93dab383.test_jsonpath_utils.eb851c42.lv2,mlflow__mlflow.93dab383.test_jsonpath_utils.eb851c42.lv2,0.7531599094799762,0.24684009052002376,16,medium,0.5875,0.5875,0.3425547401511181
dacode,dacode/dacode-di-csv-019,dacode-di-csv-019,0.7531708024359692,0.24682919756403077,14,hard,0.1405701875,0.1469925,0.1658444170453354
crustbench,crustbench/crustbench-tisp,crustbench-tisp,0.7541410497769693,0.24585895022303073,16,medium,0.3625,0.3625,0.3689088640843426
omnimath,omnimath/omnimath_1390,omnimath_1390,0.754349090665897,0.24565090933410305,16,medium,0.425,0.425,0.3864906208435076
dacode,dacode/dacode-data-sa-065,dacode-data-sa-065,0.7543792401038909,0.2456207598961091,14,medium,0.45,0.4571428571428572,0.381190401832181
dacode,dacode/dacode-data-wrangling-095,dacode-data-wrangling-095,0.7543792401038909,0.2456207598961091,14,hard,0.1624999999999999,0.1642857142857142,0.1152304700350119
scicode,scicode/scicode-45,scicode-45,0.7543793996524212,0.24562060034757882,16,hard,0.271875,0.271875,0.1658017924360288
spreadsheetbench,spreadsheetbench/236-22,236-22,0.7545160367220456,0.2454839632779544,16,medium,0.4375,0.4375,0.4075460096725276
spreadsheetbench,spreadsheetbench/203-15,203-15,0.7545160367220456,0.2454839632779544,16,hard,0.15,0.15,0.25
quixbugs,quixbugs/quixbugs-python-find_first_in_sorted,quixbugs-python-find_first_in_sorted,0.754571138746672,0.24542886125332797,16,medium,0.55,0.55,0.4444097208657794
spider2,spider2/intercom001,intercom001,0.7547319081399414,0.2452680918600586,16,hard,0.2375,0.2375,0.3333072906493345
spider2,spider2/twilio001,twilio001,0.7547319081399414,0.2452680918600586,16,hard,0.05,0.05,0.1118033988749895
gpqa-diamond,gpqa-diamond/15,15,0.7548507745465921,0.2451492254534079,16,medium,0.55,0.55,0.3840572873934304
gpqa-diamond,gpqa-diamond/29,29,0.7548507745465921,0.2451492254534079,16,medium,0.55,0.55,0.3708099243547831
gaia,gaia/e961a717-6b25-4175-8a68-874d28190ee4,e961a717-6b25-4175-8a68-874d28190ee4,0.7551388368826654,0.24486116311733463,16,easy,0.8374999999999999,0.8374999999999999,0.2570870475150392
gaia,gaia/4b650a35-8529-4695-89ed-8dc7a500a498,4b650a35-8529-4695-89ed-8dc7a500a498,0.7551388368826654,0.24486116311733463,16,easy,0.8375,0.8375,0.3018174116912409
seal0,seal0/92,92,0.7551944659497803,0.24480553405021965,16,medium,0.49375,0.49375,0.3928561282454431
swe-lancer,swe-lancer/39947-manager-0,39947-manager-0,0.75542736400501,0.24457263599499002,16,medium,0.6968749999999999,0.6968749999999999,0.2636692708204731
gaia,gaia/f2feb6a4-363c-4c09-a804-0db564eafd68,f2feb6a4-363c-4c09-a804-0db564eafd68,0.7554831017177898,0.24451689828221024,16,medium,0.3,0.3,0.3464101615137754
swtbench,swtbench/scikit-learn__scikit-learn-14629,scikit-learn__scikit-learn-14629,0.7555876425453683,0.24441235745463175,15,medium,0.515625,0.5233333333333333,0.3682692251902434
gaia,gaia/7d4a7d1d-cac6-44a8-96e8-ea9584a70825,7d4a7d1d-cac6-44a8-96e8-ea9584a70825,0.7556182357547536,0.24438176424524638,16,medium,0.5625,0.5625,0.362068708949006
spider2,spider2/airport001,airport001,0.7558685446009392,0.24413145539906078,16,hard,0.175,0.175,0.2106537443294089
spreadsheetbench,spreadsheetbench/55468,55468,0.7561436645537087,0.24385633544629126,16,easy,0.7625,0.7625,0.2934173648576375
hle,hle/hle/hle__6731c87c6c74786218717a81,hle/hle__6731c87c6c74786218717a81,0.7562917885926149,0.24370821140738508,16,medium,0.3875,0.3875,0.3705991770093399
spreadsheetbench,spreadsheetbench/50521,50521,0.7563678150502183,0.24363218494978167,16,medium,0.625,0.625,0.373329613076702
kumo,kumo/fantasyenv-t12-a16-v1-s1,fantasyenv-t12-a16-v1-s1,0.7567174779318028,0.24328252206819723,16,easy,0.7625000000000001,0.7625000000000001,0.2847696437473629
terminal-bench,terminal-bench/hf-model-inference,hf-model-inference,0.7568177856384893,0.24318221436151066,16,medium,0.6468750000000001,0.6468750000000001,0.3958648562009515
dacode,dacode/dacode-data-sa-031,dacode-data-sa-031,0.7568602192021606,0.24313978079783938,14,hard,0.1625,0.1857142857142857,0.3582838915424129
gaia,gaia/08cae58d-4084-4616-b6dd-dd6534e4825b,08cae58d-4084-4616-b6dd-dd6534e4825b,0.7570542214781281,0.24294577852187194,16,hard,0.2875,0.2875,0.3159806164941134
livecodebench,livecodebench/arc182_e,arc182_e,0.7572994661878234,0.2427005338121766,16,medium,0.4625,0.4625,0.378937659780603
bigcodebench,bigcodebench/bigcodebench_579,bigcodebench_579,0.7573221874963788,0.2426778125036212,16,medium,0.35,0.35,0.4153311931459038
financeagent_terminal,financeagent_terminal/financeagent-24,financeagent-24,0.7578239826998221,0.2421760173001779,16,medium,0.45,0.45,0.2872281323269015
labbench,labbench/figqa-0143,figqa-0143,0.7578452947231282,0.24215470527687177,16,medium,0.5687500000000001,0.5687500000000001,0.3736956482219187
bfcl,bfcl/bfcl-live-irrelevance-192-32-5,bfcl-live-irrelevance-192-32-5,0.7581499215525468,0.2418500784474532,16,medium,0.6875,0.6875,0.3935019059674298
bfcl,bfcl/bfcl-parallel-84,bfcl-parallel-84,0.7581499215525468,0.2418500784474532,16,medium,0.35,0.35,0.3708099243547831
pixiu,pixiu/pixiu-fomc-fomc1,pixiu-fomc-fomc1,0.7581661704675927,0.24183382953240729,16,hard,0.2708333125,0.2708333125,0.3370367152045009
skillsbench,skillsbench/fix-druid-loophole-cve,fix-druid-loophole-cve,0.7582053639208607,0.2417946360791393,16,medium,0.45,0.45,0.3840572873934304
skillsbench,skillsbench/jax-computing-basics,jax-computing-basics,0.7582053639208607,0.2417946360791393,16,medium,0.475,0.475,0.3992179855667828
featurebench-modal,featurebench-modal/mlflow__mlflow.93dab383.test_trace_correlation.53c200a6.lv1,mlflow__mlflow.93dab383.test_trace_correlation.53c200a6.lv1,0.7584131926718738,0.2415868073281262,16,easy,0.7124999999999999,0.7124999999999999,0.338886042793149
seal0,seal0/33,33,0.7585300136967321,0.24146998630326788,16,medium,0.45,0.45,0.3570714214271425
bfcl,bfcl/bfcl-multiple-190,bfcl-multiple-190,0.75859603285236,0.24140396714764,16,medium,0.55,0.55,0.3354101966249684
hle,hle/hle/hle__67483a7928f6e886b0c6be8b,hle/hle__67483a7928f6e886b0c6be8b,0.7587608422064203,0.24123915779357974,16,hard,0.0875,0.0875,0.2446298223847615
hle,hle/hle/hle__67351d7729ebafdd5e74c3c0,hle/hle__67351d7729ebafdd5e74c3c0,0.7587608422064203,0.24123915779357974,16,hard,0.2,0.2,0.282842712474619
deepsynth,deepsynth/32,32,0.7589008494986739,0.24109915050132613,16,medium,0.4775,0.4775,0.3499910713146836
swe-lancer,swe-lancer/6883-manager-0,6883-manager-0,0.7592566023652967,0.24074339763470332,16,easy,0.95,0.95,0.0866025403784438
dacode,dacode/dacode-plot-line-011,dacode-plot-line-011,0.7596747437983596,0.24032525620164036,14,medium,0.5625,0.5428571428571428,0.381190401832181
hle,hle/hle/hle__67244f264d59b659ef10889c,hle/hle__67244f264d59b659ef10889c,0.7597456497402569,0.24025435025974307,16,hard,0.075,0.075,0.1391941090707505
mmau,mmau/0866c7a0-3361-4538-98d0-fec5c8aedd01,0866c7a0-3361-4538-98d0-fec5c8aedd01,0.7598227354636868,0.24017726453631316,16,medium,0.5375,0.5375,0.3515590277606308
labbench,labbench/figqa-0115,figqa-0115,0.7598967910174964,0.2401032089825036,16,hard,0.2625,0.2625,0.2976470224947664
gpqa-diamond,gpqa-diamond/65,65,0.7599462088674587,0.24005379113254133,16,easy,0.875,0.875,0.2106537443294089
gpqa-diamond,gpqa-diamond/53,53,0.7603930683918172,0.2396069316081828,16,medium,0.6125,0.6125,0.2869560070812249
replicationbench,replicationbench/gw_cosmo__h0_scaling,gw_cosmo__h0_scaling,0.7605070537356353,0.23949294626436468,16,hard,0.2375,0.2375,0.2758509561339238
crmarena,crmarena/crmarena_0939_policy_violation_identification,crmarena_0939_policy_violation_identification,0.7605119186300624,0.2394880813699376,16,hard,0.25,0.25,0.3041381265149109
gso,gso/gso-pandas-dev--pandas-bfaf917,gso-pandas-dev--pandas-bfaf917,0.7606388292556651,0.23936117074433494,16,hard,0.05,0.05,0.1118033988749895
gso,gso/gso-numpy--numpy-cedba62,gso-numpy--numpy-cedba62,0.7606388292556651,0.23936117074433494,16,hard,0.2,0.2,0.2645751311064591
gaia,gaia/99c9cc74-fdc8-46c6-8f8d-3ce2d3bfeea3,99c9cc74-fdc8-46c6-8f8d-3ce2d3bfeea3,0.7608577648556647,0.2391422351443353,15,medium,0.6,0.6,0.3651483716701107
aider-polyglot,aider-polyglot/polyglot_javascript_transpose,polyglot_javascript_transpose,0.7611256042731442,0.23887439572685576,16,medium,0.375,0.375,0.4054318685056713
labbench,labbench/figqa-0080,figqa-0080,0.7611616615192682,0.23883833848073177,16,hard,0.25,0.25,0.3201562118716424
gpqa-diamond,gpqa-diamond/118,118,0.7612181469578516,0.23878185304214838,16,medium,0.55,0.55,0.3201562118716424
gpqa-diamond,gpqa-diamond/121,121,0.7612181469578516,0.23878185304214838,16,medium,0.65,0.65,0.2872281323269014
aider-polyglot,aider-polyglot/polyglot_java_bottle-song,polyglot_java_bottle-song,0.7613363016789909,0.2386636983210091,16,hard,0.2875,0.2875,0.307967124868873
swe-lancer,swe-lancer/29553-manager-0,29553-manager-0,0.7619276553337094,0.23807234466629057,16,saturated,0.975,0.975,0.0661437827766147
dacode,dacode/dacode-di-csv-002,dacode-di-csv-002,0.7621453953443835,0.23785460465561648,14,hard,0.0875,0.0999999999999999,0.2104417123236605
dacode,dacode/dacode-di-text-041,dacode-di-text-041,0.7621453953443835,0.23785460465561648,14,easy,0.7125,0.7142857142857144,0.279941684889506
labbench,labbench/figqa-0017,figqa-0017,0.7623403779684532,0.23765962203154678,16,hard,0.2875,0.2875,0.2912795049432761
labbench,labbench/figqa-0014,figqa-0014,0.7623403779684532,0.23765962203154678,16,hard,0.125,0.125,0.1984313483298443
simpleqa,simpleqa/simpleqa-3079,simpleqa-3079,0.7624836925347198,0.23751630746528019,16,easy,0.9,0.9,0.2738612787525831
gaia,gaia/65da0822-a48a-4a68-bbad-8ed1b835a834,65da0822-a48a-4a68-bbad-8ed1b835a834,0.762504362259596,0.23749563774040405,16,medium,0.6499999999999999,0.6499999999999999,0.3905124837953327
spreadsheetbench,spreadsheetbench/23-24,23-24,0.7625972535246682,0.23740274647533177,16,easy,0.8,0.8,0.3605551275463989
reasoning-gym,reasoning-gym/reasoning-gym-algorithmic-word-ladder-easy00cea0a5-seed45-1,reasoning-gym-algorithmic-word-ladder-easy00cea0a5-seed45-1,0.7626338836289145,0.2373661163710855,16,medium,0.675,0.675,0.2989565185775349
mmau,mmau/129ad635-80b3-4ed4-8b37-b163fa8f3a22,129ad635-80b3-4ed4-8b37-b163fa8f3a22,0.7628827313622258,0.23711726863777416,16,medium,0.7,0.7,0.4301162633521313
spider2,spider2/maturity001,maturity001,0.7629344361805338,0.2370655638194662,16,medium,0.5625,0.5625,0.4484347778663024
labbench,labbench/figqa-0110,figqa-0110,0.7629748253988725,0.2370251746011275,16,medium,0.3625,0.3625,0.3257203555198846
swesmith,swesmith/oauthlib__oauthlib.1fd52536.combine_file__cztfi6i0,oauthlib__oauthlib.1fd52536.combine_file__cztfi6i0,0.7631282723367516,0.23687172766324838,16,medium,0.4875,0.4875,0.3870965641800505
swesmith,swesmith/oauthlib__oauthlib.1fd52536.combine_file__j2rq8nck,oauthlib__oauthlib.1fd52536.combine_file__j2rq8nck,0.7631282723367516,0.23687172766324838,16,medium,0.5,0.5,0.4527692569068708
swe-lancer,swe-lancer/25570-manager-0,25570-manager-0,0.7634875709251501,0.23651242907484993,16,medium,0.3875,0.3875,0.3637908052713812
swe-lancer,swe-lancer/41049-manager-0,41049-manager-0,0.7634875709251501,0.23651242907484993,16,medium,0.4375,0.4375,0.3257203555198846
reasoning-gym,reasoning-gym/reasoning-gym-logic-propositional-logic-hard0292e21f-seed45-1,reasoning-gym-logic-propositional-logic-hard0292e21f-seed45-1,0.7636499249192993,0.23635007508070072,16,medium,0.484375,0.484375,0.3150985708869527
widesearch,widesearch/widesearch/widesearch-ws-zh-078,widesearch/widesearch-ws-zh-078,0.7639110292728286,0.2360889707271714,16,hard,0.2846591874999999,0.2846591874999999,0.220031071926563
mmmlu,mmmlu/mmmlu-pt-br-00115,mmmlu-pt-br-00115,0.7640020023279577,0.23599799767204233,16,hard,0.1125,0.1125,0.2232571387436469
algotune,algotune/algotune-ode-lotkavolterra,algotune-ode-lotkavolterra,0.7642194038615135,0.23578059613848645,16,medium,0.55124475,0.55124475,0.3111014598614695
hle,hle/hle/hle__6730f3c006cd33fe46ca2dfe,hle/hle__6730f3c006cd33fe46ca2dfe,0.7644007106076053,0.23559928939239472,16,medium,0.5875,0.5875,0.3497767144908306
simpleqa,simpleqa/simpleqa-2349,simpleqa-2349,0.7644291137775403,0.2355708862224597,16,medium,0.6625,0.6625,0.3515590277606308
bixbench,bixbench/bix-16-q3,bix-16-q3,0.764502300922595,0.23549769907740503,16,frontier,0.028125,0.028125,0.0749348675517612
bixbench,bixbench/bix-28-q6,bix-28-q6,0.764502300922595,0.23549769907740503,16,frontier,0.025,0.025,0.0968245836551854
bigcodebench,bigcodebench/bigcodebench_1053,bigcodebench_1053,0.7645023009225951,0.23549769907740492,16,hard,0.1125,0.1125,0.2997394702070449
bigcodebench,bigcodebench/bigcodebench_124,bigcodebench_124,0.7645023009225951,0.23549769907740492,16,hard,0.0625,0.0625,0.2420614591379635
quixbugs,quixbugs/quixbugs-java-flatten,quixbugs-java-flatten,0.7645023009225952,0.2354976990774048,16,saturated,0.971875,0.971875,0.0749348675517612
gaia2,gaia2/gaia2-cli/0284_pmi8cc0i8x8l9ol5w8v9vnzj8jqpg6ha,gaia2-cli/0284_pmi8cc0i8x8l9ol5w8v9vnzj8jqpg6ha,0.7646358563240765,0.2353641436759235,16,medium,0.55625,0.55625,0.3690676597861156
spider2,spider2/recharge002,recharge002,0.7648981137536968,0.23510188624630324,16,medium,0.3,0.3,0.324037034920393
spider2,spider2/shopify_holistic_reporting001,shopify_holistic_reporting001,0.7648981137536968,0.23510188624630324,16,medium,0.3625,0.3625,0.3479852726768764
algotune,algotune/algotune-sparse-pca,algotune-sparse-pca,0.764929495362271,0.23507050463772905,16,hard,0.145553875,0.145553875,0.1836030348427944
hle,hle/hle/hle__66eaed13c47c4325f612ff48,hle/hle__66eaed13c47c4325f612ff48,0.7652353042901999,0.23476469570980008,16,medium,0.5875,0.5875,0.4270172713134681
reasoning-gym,reasoning-gym/reasoning-gym-algorithmic-string-synthesis-hard0292e21f-seed45-0,reasoning-gym-algorithmic-string-synthesis-hard0292e21f-seed45-0,0.7652765003436014,0.2347234996563986,16,medium,0.6125,0.6125,0.3038811445285804
gso,gso/gso-pandas-dev--pandas-d377cc9,gso-pandas-dev--pandas-d377cc9,0.7653192485973054,0.23468075140269462,16,hard,0.125,0.125,0.2106537443294089
gso,gso/gso-pandas-dev--pandas-235113e,gso-pandas-dev--pandas-235113e,0.7653192485973054,0.23468075140269462,16,medium,0.3375,0.3375,0.3585997071945263
skillsbench,skillsbench/fix-visual-stability,fix-visual-stability,0.7655535078523736,0.23444649214762636,16,medium,0.3249999999999999,0.3249999999999999,0.3381937314617171
terminal-bench,terminal-bench/pytorch-model-recovery,pytorch-model-recovery,0.7655768067133512,0.23442319328664885,16,medium,0.625,0.625,0.359687364248454
swtbench,swtbench/django__django-12209,django__django-12209,0.7656417773707082,0.23435822262929185,14,frontier,0.0375,0.0428571428571428,0.111574995370095
simpleqa,simpleqa/simpleqa-263,simpleqa-263,0.7658395810674836,0.23416041893251638,16,medium,0.6,0.6,0.3937003937005905
bigcodebench,bigcodebench/bigcodebench_443,bigcodebench_443,0.7659872549165487,0.23401274508345127,16,hard,0.0875,0.0875,0.1727534370135656
pixiu,pixiu/pixiu-smcikm-cikmsm3833,pixiu-smcikm-cikmsm3833,0.7659872549165493,0.2340127450834507,16,easy,0.9125,0.9125,0.1727534370135656
replicationbench,replicationbench/gw_nsbh__mtov_spin,gw_nsbh__mtov_spin,0.7661228858114455,0.2338771141885545,16,hard,0.225,0.225,0.2222048604328897
terminal-bench,terminal-bench/dna-insert,dna-insert,0.7661872109447245,0.23381278905527547,16,hard,0.0625,0.0625,0.1165922381636102
pixiu,pixiu/pixiu-australian-australian000011,pixiu-australian-australian000011,0.7663474215587714,0.23365257844122855,15,easy,0.8375,0.8266666666666668,0.2174600857373345
algotune,algotune/algotune-convex-hull,algotune-convex-hull,0.7665782434702176,0.23342175652978236,16,hard,0.1032594375,0.1032594375,0.1986067322099658
dacode,dacode/dacode-plot-pie-007,dacode-plot-pie-007,0.7667246487373529,0.2332753512626471,14,medium,0.6875,0.6714285714285715,0.3080551236121118
scicode,scicode/scicode-48,scicode-48,0.7668053110386713,0.23319468896132867,16,hard,0.171875,0.171875,0.2404219922864794
scicode,scicode/scicode-70,scicode-70,0.7668053110386713,0.23319468896132867,16,medium,0.315625,0.315625,0.2282533885290643
crmarena,crmarena/crmarena_0825_transfer_count,crmarena_0825_transfer_count,0.7671840904055746,0.23281590959442544,16,medium,0.425,0.425,0.2537222891273055
gaia,gaia/cabe07ed-9eca-40ea-8ead-410ef5e83f91,cabe07ed-9eca-40ea-8ead-410ef5e83f91,0.7673235571393714,0.2326764428606286,16,medium,0.65,0.65,0.3774917217635375
skillsbench,skillsbench/organize-messy-files,organize-messy-files,0.7676494735787385,0.23235052642126153,16,hard,0.2,0.2,0.282842712474619
bigcodebench,bigcodebench/bigcodebench_1006,bigcodebench_1006,0.7678433465521787,0.23215665344782133,16,medium,0.3375,0.3375,0.410601692641421
reasoning-gym,reasoning-gym/reasoning-gym-algorithmic-string-manipulation-hard0292e21f-seed45-2,reasoning-gym-algorithmic-string-manipulation-hard0292e21f-seed45-2,0.7679817174694638,0.23201828253053625,16,medium,0.6,0.6,0.4183300132670378
livecodebench,livecodebench/abc399_d,abc399_d,0.7680145193867206,0.2319854806132794,16,medium,0.5625,0.5625,0.3689088640843426
dacode,dacode/dacode-di-text-012,dacode-di-text-012,0.7681246847460953,0.2318753152539047,14,easy,0.8375,0.8142857142857142,0.2559496123881273
reasoning-gym,reasoning-gym/reasoning-gym-games-futoshiki-hard0292e21f-seed45-2,reasoning-gym-games-futoshiki-hard0292e21f-seed45-2,0.7681537481027121,0.2318462518972879,16,medium,0.533776125,0.533776125,0.330890162188466
seal0,seal0/8,8,0.7682466437638369,0.2317533562361631,16,hard,0.115625,0.115625,0.1747487035001977
seal0,seal0/53,53,0.7682466437638369,0.2317533562361631,16,hard,0.209375,0.209375,0.2980240919372123
mmau,mmau/40acec85-b206-4c9f-9adc-744cd7ee5413,40acec85-b206-4c9f-9adc-744cd7ee5413,0.7689443228243332,0.23105567717566677,16,medium,0.4625,0.4625,0.3722818152958858
lawbench,lawbench/lawbench-2-6-16-zero-shot,lawbench-2-6-16-zero-shot,0.7690742104439476,0.23092578955605236,16,medium,0.498239125,0.498239125,0.2773085403061621
bigcodebench,bigcodebench/bigcodebench_461,bigcodebench_461,0.7692246349896497,0.23077536501035034,16,medium,0.6125,0.6125,0.2496873044429772
gpqa-diamond,gpqa-diamond/125,125,0.7698003589195009,0.23019964108049906,16,easy,0.8,0.8,0.3
gpqa-diamond,gpqa-diamond/131,131,0.7701850917183395,0.2298149082816605,16,medium,0.5625,0.5625,0.2847696437473629
seal0,seal0/54,54,0.7704197041963297,0.22958029580367034,16,hard,0.1125,0.1125,0.2232571387436469
algotune,algotune/algotune-graph-coloring-assign,algotune-graph-coloring-assign,0.7704584569535069,0.2295415430464931,16,medium,0.3632474999999999,0.3632474999999999,0.2694277041102585
algotune,algotune/algotune-kcenters,algotune-kcenters,0.7704584569535069,0.2295415430464931,16,hard,0.2770525,0.2770525,0.2614261465682038
algotune,algotune/algotune-robust-linear-program,algotune-robust-linear-program,0.7705127409711632,0.22948725902883682,16,medium,0.3155756875,0.3155756875,0.2585648071909919
dacode,dacode/dacode-plot-bar-001,dacode-plot-bar-001,0.7706746355884527,0.22932536441154727,14,hard,0.0999999999999999,0.1142857142857143,0.2474358296526967
hle,hle/hle/hle__67248cadd04b3798125682f3,hle/hle__67248cadd04b3798125682f3,0.7707840291806354,0.22921597081936462,16,hard,0.125,0.125,0.1713913650100261
featurebench-modal,featurebench-modal/lightning-ai__pytorch-lightning.126fa6f1.test_fsdp_integration.61c07610.lv1,lightning-ai__pytorch-lightning.126fa6f1.test_fsdp_integration.61c07610.lv1,0.7707961720159461,0.22920382798405392,16,medium,0.6,0.6,0.3162277660168379
spreadsheetbench,spreadsheetbench/45707,45707,0.7708607539374189,0.22913924606258107,16,medium,0.6875,0.6875,0.3461845606031557
spreadsheetbench,spreadsheetbench/32438,32438,0.7708607539374189,0.22913924606258107,16,medium,0.5875,0.5875,0.3038811445285804
algotune,algotune/algotune-graph-global-efficiency,algotune-graph-global-efficiency,0.7710260661550827,0.22897393384491727,16,hard,0.2500416875,0.2500416875,0.2702446513783202
algotune,algotune/algotune-quantile-regression,algotune-quantile-regression,0.7710260661550827,0.22897393384491727,16,hard,0.10558425,0.10558425,0.1336531771996554
gaia,gaia/2b3ef98c-cc05-450b-a719-711aee40ac65,2b3ef98c-cc05-450b-a719-711aee40ac65,0.7711375960040908,0.22886240399590918,15,medium,0.4375,0.44,0.4013311184877976
hle,hle/hle/hle__66e8d4736299517dd7a5da8c,hle/hle__66e8d4736299517dd7a5da8c,0.7711539491183373,0.22884605088166265,16,medium,0.425,0.425,0.2537222891273055
usaco,usaco/925,925,0.7712103844439719,0.22878961555602806,16,medium,0.3875,0.3875,0.3351771919447981
omnimath,omnimath/omnimath_3957,omnimath_3957,0.7712427677477248,0.22875723225227518,16,medium,0.5875,0.5875,0.3199120973017432
gpqa-diamond,gpqa-diamond/94,94,0.771335668566404,0.228664331433596,16,medium,0.4,0.4,0.3464101615137754
seal0,seal0/90,90,0.7715711030283094,0.22842889697169055,16,hard,0.25,0.25,0.3427827300200522
featurebench-modal,featurebench-modal/sphinx-doc__sphinx.e347e59c.test_domain_c.4068b9e8.lv1,sphinx-doc__sphinx.e347e59c.test_domain_c.4068b9e8.lv1,0.7716007579499905,0.2283992420500095,16,hard,0.1875,0.1875,0.2496873044429772
gaia,gaia/e4e91f1c-1dcd-439e-9fdd-cb976f5293fd,e4e91f1c-1dcd-439e-9fdd-cb976f5293fd,0.7716794731064764,0.22832052689352356,16,medium,0.5875,0.5875,0.3772847068196642
swe-lancer,swe-lancer/19073-manager-0,19073-manager-0,0.7720486469779562,0.22795135302204383,16,hard,0.0625,0.0625,0.1165922381636102
reasoning-gym,reasoning-gym/reasoning-gym-cognition-modulo-grid-easy00cea0a5-seed45-1,reasoning-gym-cognition-modulo-grid-easy00cea0a5-seed45-1,0.7722273078272782,0.22777269217272178,16,medium,0.6,0.6,0.4
simpleqa,simpleqa/simpleqa-3743,simpleqa-3743,0.7722763358007496,0.2277236641992504,16,medium,0.55,0.55,0.4031128874149274
swebench-verified,swebench-verified/sympy__sympy-21930,sympy__sympy-21930,0.7729710710819387,0.22702892891806126,16,hard,0.0875,0.0875,0.1576190026614811
swebench-verified,swebench-verified/pydata__xarray-6938,pydata__xarray-6938,0.7729710710819387,0.22702892891806126,16,hard,0.0875,0.0875,0.121834929310112
labbench,labbench/figqa-0154,figqa-0154,0.7729819955866796,0.22701800441332043,16,medium,0.3874999999999999,0.3874999999999999,0.3903123748998999
crmarena,crmarena/crmarena_0587_named_entity_disambiguation,crmarena_0587_named_entity_disambiguation,0.7733915440555141,0.22660845594448586,16,medium,0.5375,0.5375,0.3139964171770117
replicationbench,replicationbench/gw_cosmo__modified_gravity,gw_cosmo__modified_gravity,0.7736770020105412,0.22632299798945876,16,medium,0.6375000000000001,0.6375000000000001,0.3822221212855163
spreadsheetbench,spreadsheetbench/58499,58499,0.7737265232464274,0.22627347675357257,16,medium,0.609375,0.609375,0.4199027975317621
reasoning-gym,reasoning-gym/reasoning-gym-algorithmic-cryptarithm-easy00cea0a5-seed45-0,reasoning-gym-algorithmic-cryptarithm-easy00cea0a5-seed45-0,0.7738025307972517,0.2261974692027483,16,easy,0.819,0.819,0.2294885618064656
gpqa-diamond,gpqa-diamond/1,1,0.7740118472107785,0.22598815278922146,16,easy,0.8875,0.8875,0.1576190026614811
reasoning-gym,reasoning-gym/reasoning-gym-code-codeio-easy00cea0a5-seed45-1,reasoning-gym-code-codeio-easy00cea0a5-seed45-1,0.7740424311526364,0.22595756884736362,16,medium,0.4125701874999999,0.4125701874999999,0.263966694451975
quixbugs,quixbugs/quixbugs-java-knapsack,quixbugs-java-knapsack,0.7740694967360516,0.22593050326394837,16,saturated,0.975,0.975,0.0968245836551854
quixbugs,quixbugs/quixbugs-java-next_permutation,quixbugs-java-next_permutation,0.7740694967360516,0.22593050326394837,16,easy,0.921875,0.921875,0.1740768059650682
gso,gso/gso-numpy--numpy-83c780d,gso-numpy--numpy-83c780d,0.7740964914590852,0.2259035085409148,16,hard,0.1,0.1,0.1414213562373095
swebenchpro,swebenchpro/instance_ansible__ansible-709484969c8a4ffd74b839a673431a8c5caa6457-vba6da65a0f3baefda7a058ebbd0a8dcafb8512f5,instance_ansible__ansible-709484969c8a4ffd74b839a673431a8c5caa6457-vba6da65a0f3baefda7a058ebbd0a8dcafb8512f5,0.7741602235032231,0.2258397764967769,16,medium,0.4625,0.4625,0.439992897669951
swtbench,swtbench/sphinx-doc__sphinx-8721,sphinx-doc__sphinx-8721,0.7744386366642512,0.22556136333574883,15,hard,0.19375,0.2066666666666666,0.2792052212182923
swtbench,swtbench/sphinx-doc__sphinx-8475,sphinx-doc__sphinx-8475,0.7744386366642512,0.22556136333574883,15,medium,0.3,0.3066666666666667,0.3172100600898752
featurebench-modal,featurebench-modal/pandas-dev__pandas.82fa2715.test_col.a592871d.lv1,pandas-dev__pandas.82fa2715.test_col.a592871d.lv1,0.7745966692414836,0.22540333075851637,16,hard,0.05,0.05,0.0866025403784438
dacode,dacode/dacode-data-wrangling-099,dacode-data-wrangling-099,0.7746152589401831,0.22538474105981687,14,medium,0.3416665625,0.3380951428571429,0.1717588788729533
hle,hle/hle/hle__66ee158c5db68805b7d3d27b,hle/hle__66ee158c5db68805b7d3d27b,0.7746478873239436,0.22535211267605637,16,frontier,0.0375,0.0375,0.1053268721647044
skillsbench,skillsbench/grid-dispatch-operator,grid-dispatch-operator,0.7747179119096607,0.22528208809033934,16,medium,0.35,0.35,0.3201562118716424
swe-lancer,swe-lancer/48778-manager-0,48778-manager-0,0.7748942513685062,0.2251057486314938,16,medium,0.33125,0.33125,0.4133986423538422
swe-lancer,swe-lancer/25929-manager-0,25929-manager-0,0.7748942513685062,0.2251057486314938,16,hard,0.225,0.225,0.3799671038392666
swesmith,swesmith/oauthlib__oauthlib.1fd52536.combine_file__2qdb36cq,oauthlib__oauthlib.1fd52536.combine_file__2qdb36cq,0.7749036293938901,0.22509637060610987,16,medium,0.571875,0.571875,0.4160711890710531
dacode,dacode/dacode-dm-csv-066,dacode-dm-csv-066,0.7752522785984306,0.2247477214015694,14,medium,0.31,0.3228571428571428,0.3313916235562771
dacode,dacode/dacode-di-csv-007,dacode-di-csv-007,0.7752522785984306,0.2247477214015694,14,hard,0.25909075,0.2857141428571428,0.3702916442089662
gpqa-diamond,gpqa-diamond/182,182,0.7753325777803383,0.22466742221966174,16,easy,0.8375,0.8375,0.2471714991660648
gpqa-diamond,gpqa-diamond/117,117,0.7753325777803383,0.22466742221966174,16,easy,0.9375,0.9375,0.1165922381636101
hle,hle/hle/hle__670e9d6f5c8f745d79e8d8d1,hle/hle__670e9d6f5c8f745d79e8d8d1,0.7753900232697155,0.2246099767302845,16,easy,0.9,0.9,0.1732050807568877
gpqa-diamond,gpqa-diamond/162,162,0.7754932192380551,0.22450678076194486,16,medium,0.5625,0.5625,0.3689088640843426
deepsynth,deepsynth/75,75,0.7755116445002768,0.22448835549972324,16,hard,0.2375,0.2375,0.3179524335494226
mmau,mmau/5e801057-97b3-4c4a-b962-8f964ce77bd2,5e801057-97b3-4c4a-b962-8f964ce77bd2,0.7755920696792,0.22440793032079998,16,medium,0.5125,0.5125,0.3998046397929869
algotune,algotune/algotune-cumulative-simpson-1d,algotune-cumulative-simpson-1d,0.7758562222533408,0.22414377774665917,16,hard,0.2131087499999999,0.2131087499999999,0.2472626928656798
hle,hle/hle/hle__6716f035bab94116769c0082,hle/hle__6716f035bab94116769c0082,0.7758942100778182,0.22410578992218178,16,medium,0.4,0.4,0.4743416490252569
dacode,dacode/dacode-di-csv-008,dacode-di-csv-008,0.7759188865995428,0.22408111340045722,14,medium,0.4875000625,0.4857143571428572,0.3504451791404769
bfcl,bfcl/bfcl-live-irrelevance-653-206-2,bfcl-live-irrelevance-653-206-2,0.7759278373958188,0.22407216260418117,16,medium,0.5249999999999999,0.5249999999999999,0.373329613076702
bfcl,bfcl/bfcl-live-irrelevance-615-195-3,bfcl-live-irrelevance-615-195-3,0.7759278373958188,0.22407216260418117,16,medium,0.55,0.55,0.4272001872658765
simpleqa,simpleqa/simpleqa-845,simpleqa-845,0.775964130125025,0.22403586987497504,16,medium,0.5625,0.5625,0.3689088640843426
dacode,dacode/dacode-data-wrangling-010,dacode-data-wrangling-010,0.7759881174214814,0.22401188257851856,14,medium,0.459375,0.4607142857142857,0.3586575024750391
algotune,algotune/algotune-btsp,algotune-btsp,0.776010435527188,0.22398956447281204,16,hard,0.2192159374999999,0.2192159374999999,0.2556375745856986
reasoning-gym,reasoning-gym/reasoning-gym-algorithmic-spell-backward-hard0292e21f-seed45-0,reasoning-gym-algorithmic-spell-backward-hard0292e21f-seed45-0,0.7762985584481447,0.22370144155185534,16,easy,0.840625,0.840625,0.2277394001375256
dacode,dacode/dacode-dm-csv-056,dacode-dm-csv-056,0.7764363300032734,0.2235636699967266,14,medium,0.35,0.3714285714285714,0.3917516914514882
gaia,gaia/e9a2c537-8232-4c3f-85b0-b52de6bcba99,e9a2c537-8232-4c3f-85b0-b52de6bcba99,0.7765163665331182,0.22348363346688183,16,easy,0.7625,0.7625,0.3479852726768763
labbench,labbench/figqa-0020,figqa-0020,0.7766359376427229,0.22336406235727713,16,medium,0.3125,0.3125,0.3237958461747154
hle,hle/hle/hle__67235bc3c0ae8158005244a9,hle/hle__67235bc3c0ae8158005244a9,0.7767019329857825,0.2232980670142175,16,medium,0.5375000000000001,0.5375000000000001,0.4226035376094241
seal0,seal0/30,30,0.7769020215688299,0.22309797843117007,16,hard,0.125,0.125,0.1854049621773915
algotune,algotune/algotune-pca,algotune-pca,0.7770599353878965,0.22294006461210347,16,medium,0.4929381249999999,0.4929381249999999,0.2339978440787102
terminal-bench,terminal-bench/overfull-hbox,overfull-hbox,0.7770942804088746,0.22290571959112537,16,medium,0.4375,0.4375,0.375624480032918
mmau,mmau/20cf7678-509c-41fc-9d1c-4a1f000513ee,20cf7678-509c-41fc-9d1c-4a1f000513ee,0.7776510597812538,0.22234894021874618,16,easy,0.775,0.775,0.3152380053229623
spreadsheetbench,spreadsheetbench/51-12,51-12,0.7777460350496356,0.22225396495036442,16,medium,0.4031249999999999,0.4031249999999999,0.4048413076441187
terminal-bench,terminal-bench/torch-tensor-parallelism,torch-tensor-parallelism,0.7778444682625972,0.22215553173740277,16,hard,0.2,0.2,0.291547594742265
terminal-bench,terminal-bench/video-processing,video-processing,0.7778444682625972,0.22215553173740277,16,frontier,0.025,0.025,0.0661437827766147
reasoning-gym,reasoning-gym/reasoning-gym-games-tsumego-easy00cea0a5-seed45-0,reasoning-gym-games-tsumego-easy00cea0a5-seed45-0,0.778013116405352,0.22198688359464802,16,easy,0.7925,0.7925,0.2820793328125973
featurebench-modal,featurebench-modal/mlflow__mlflow.93dab383.test_genai_eval_utils.2d5441f2.lv1,mlflow__mlflow.93dab383.test_genai_eval_utils.2d5441f2.lv1,0.7781190959104827,0.22188090408951733,16,hard,0.2375,0.2375,0.3099899191909311
scicode,scicode/scicode-44,scicode-44,0.778765402911129,0.22123459708887105,16,hard,0.2552083125,0.2552083125,0.2489365880497277
swe-lancer,swe-lancer/25550-manager-0,25550-manager-0,0.7788431816798396,0.22115681832016043,16,easy,0.925,0.925,0.1198957880828179
swebenchpro,swebenchpro/instance_flipt-io__flipt-406f9396ad65696d58865b3a6283109cd4eaf40e,instance_flipt-io__flipt-406f9396ad65696d58865b3a6283109cd4eaf40e,0.7789168319621728,0.22108316803782724,16,hard,0.2625,0.2625,0.4284784125250652
aime,aime/aime_67,aime_67,0.7789240586062486,0.22107594139375142,16,easy,0.95,0.95,0.1118033988749894
reasoning-gym,reasoning-gym/reasoning-gym-logic-aiw-easy00cea0a5-seed45-0,reasoning-gym-logic-aiw-easy00cea0a5-seed45-0,0.77899806720015,0.22100193279985003,16,medium,0.6625,0.6625,0.3443744328488978
spreadsheetbench,spreadsheetbench/15387,15387,0.7790518685032246,0.2209481314967754,16,hard,0.175,0.175,0.2331844763272203
reasoning-gym,reasoning-gym/reasoning-gym-cognition-rectangle-count-hard0292e21f-seed45-2,reasoning-gym-cognition-rectangle-count-hard0292e21f-seed45-2,0.7791233208388514,0.22087667916114861,16,medium,0.3415,0.3415,0.3741520412880303
reasoning-gym,reasoning-gym/reasoning-gym-cognition-rectangle-count-easy00cea0a5-seed45-2,reasoning-gym-cognition-rectangle-count-easy00cea0a5-seed45-2,0.7791233208388514,0.22087667916114861,16,medium,0.355,0.355,0.3029306851410072
reasoning-gym,reasoning-gym/reasoning-gym-arc-arc-1d-easy00cea0a5-seed45-1,reasoning-gym-arc-arc-1d-easy00cea0a5-seed45-1,0.7791336881306982,0.22086631186930183,16,medium,0.634375,0.634375,0.3385256406463179
reasoning-gym,reasoning-gym/reasoning-gym-logic-circuit-logic-easy00cea0a5-seed45-0,reasoning-gym-logic-circuit-logic-easy00cea0a5-seed45-0,0.7793630981080423,0.22063690189195773,16,easy,0.775,0.775,0.2537222891273055
usaco,usaco/866,866,0.7795066592172408,0.22049334078275917,16,hard,0.1875,0.1875,0.2955397604384222
strongreject,strongreject/strongreject_non-violent_crimes_0042_pap_logical_appeal,strongreject_non-violent_crimes_0042_pap_logical_appeal,0.7795625603336359,0.2204374396663641,16,medium,0.54296875,0.54296875,0.3460637684530663
bigcodebench,bigcodebench/bigcodebench_211,bigcodebench_211,0.7795787947596416,0.22042120524035835,16,medium,0.5,0.5,0.412310562561766
bfcl,bfcl/bfcl-simple-javascript-42,bfcl-simple-javascript-42,0.7796126351980307,0.2203873648019693,16,easy,0.8125,0.8125,0.3637908052713812
bfcl,bfcl/bfcl-simple-javascript-7,bfcl-simple-javascript-7,0.7796126351980307,0.2203873648019693,16,easy,0.8374999999999999,0.8374999999999999,0.3333072906493346
crmarena,crmarena/crmarena_0547_named_entity_disambiguation,crmarena_0547_named_entity_disambiguation,0.7796190090672735,0.22038099093272645,16,medium,0.5875,0.5875,0.3276335605520289
algotune,algotune/algotune-ks-test-2samp,algotune-ks-test-2samp,0.7797468849391594,0.22025311506084055,16,hard,0.0505236875,0.0505236875,0.1234572992074176
hle,hle/hle/hle__671a246d8479d8185c4d4435,hle/hle__671a246d8479d8185c4d4435,0.7797478260481755,0.2202521739518245,16,medium,0.45,0.45,0.35
labbench,labbench/figqa-0079,figqa-0079,0.7798008629902393,0.22019913700976068,16,hard,0.2624999999999999,0.2624999999999999,0.3139964171770117
reasoning-gym,reasoning-gym/reasoning-gym-cognition-number-sequence-easy00cea0a5-seed45-2,reasoning-gym-cognition-number-sequence-easy00cea0a5-seed45-2,0.779872338854794,0.220127661145206,16,easy,0.8125,0.8125,0.3199120973017432
simpleqa,simpleqa/simpleqa-1653,simpleqa-1653,0.7802130942741373,0.21978690572586268,16,medium,0.475,0.475,0.3230711995830022
algotune,algotune/algotune-markowitz,algotune-markowitz,0.7806147843098485,0.21938521569015146,16,medium,0.3181130625,0.3181130625,0.308673026589721
ineqmath,ineqmath/69,69,0.7806991870108033,0.21930081298919668,16,easy,0.8375,0.8375,0.2027159342528357
dacode,dacode/dacode-plot-pie-012,dacode-plot-pie-012,0.7807910839852713,0.2192089160147287,14,medium,0.375,0.3999999999999999,0.420883424647321
dacode,dacode/dacode-plot-line-021,dacode-plot-line-021,0.7807910839852713,0.2192089160147287,14,medium,0.375,0.3857142857142857,0.3738929236657828
deepsynth,deepsynth/49,49,0.7810397141003562,0.21896028589964378,16,hard,0.13,0.13,0.186815416922694
deepsynth,deepsynth/53,53,0.7810397141003562,0.21896028589964378,16,hard,0.0875,0.0875,0.1996089927833914
kumo,kumo/astronomyenv-t4-a6-v1-s0,astronomyenv-t4-a6-v1-s0,0.7810787627463986,0.21892123725360135,16,saturated,0.975,0.975,0.0661437827766147
widesearch,widesearch/widesearch/widesearch-ws-zh-049,widesearch/widesearch-ws-zh-049,0.7812541671882187,0.21874583281178128,16,medium,0.55353775,0.55353775,0.2300697782767491
aider-polyglot,aider-polyglot/polyglot_go_paasio,polyglot_go_paasio,0.7814243197311412,0.21857568026885876,16,hard,0.175,0.175,0.338193731461717
skillsbench,skillsbench/earthquake-phase-association,earthquake-phase-association,0.7815118829116018,0.21848811708839821,16,medium,0.3875,0.3875,0.3838538133196022
widesearch,widesearch/widesearch/widesearch-ws-en-051,widesearch/widesearch-ws-en-051,0.7815233374419236,0.2184766625580764,16,hard,0.12813625,0.12813625,0.1547306038613967
hle,hle/hle/hle__670944a7da01179cfbd24ef8,hle/hle__670944a7da01179cfbd24ef8,0.7817236956185898,0.2182763043814102,16,medium,0.3875,0.3875,0.3772847068196642
seal0,seal0/6,6,0.7817731967375678,0.21822680326243216,16,hard,0.115625,0.115625,0.213394258064738
bigcodebench,bigcodebench/bigcodebench_897,bigcodebench_897,0.781817068122092,0.21818293187790805,16,easy,0.8125,0.8125,0.2287875652215391
reasoning-gym,reasoning-gym/reasoning-gym-algorithmic-word-ladder-easy00cea0a5-seed45-2,reasoning-gym-algorithmic-word-ladder-easy00cea0a5-seed45-2,0.7818957892932002,0.21810421070679975,16,medium,0.3814453124999999,0.3814453124999999,0.2549856114535482
dacode,dacode/dacode-ml-competition-013,dacode-ml-competition-013,0.7819619494752077,0.2180380505247923,14,medium,0.49535425,0.4948151428571428,0.3003113783800923
dacode,dacode/dacode-data-wrangling-060,dacode-data-wrangling-060,0.7819619494752077,0.2180380505247923,14,hard,0.225,0.2285714285714286,0.2813959371941744
reasoning-gym,reasoning-gym/reasoning-gym-algorithmic-group-anagrams-hard0292e21f-seed45-1,reasoning-gym-algorithmic-group-anagrams-hard0292e21f-seed45-1,0.7820356967049795,0.21796430329502048,16,medium,0.57925,0.57925,0.395328265495904
aime,aime/aime_77,aime_77,0.7820808688600517,0.21791913113994832,16,saturated,0.975,0.975,0.0661437827766147
swebench-verified,swebench-verified/scikit-learn__scikit-learn-14983,scikit-learn__scikit-learn-14983,0.7823314533825123,0.2176685466174877,16,medium,0.6125,0.6125,0.3637908052713812
qcircuitbench,qcircuitbench/phase_estimation-n8,phase_estimation-n8,0.782750095617155,0.21724990438284497,16,medium,0.3332143125,0.3332143125,0.3827637283509108
omnimath,omnimath/omnimath_4076,omnimath_4076,0.7831133910418318,0.21688660895816825,16,easy,0.7999999999999999,0.7999999999999999,0.3162277660168379
algotune,algotune/algotune-robust-kalman-filter,algotune-robust-kalman-filter,0.7832679376859744,0.21673206231402564,16,medium,0.32998825,0.32998825,0.2968144014659034
reasoning-gym,reasoning-gym/reasoning-gym-algorithmic-word-ladder-hard0292e21f-seed45-2,reasoning-gym-algorithmic-word-ladder-hard0292e21f-seed45-2,0.7833850342662659,0.21661496573373407,16,medium,0.3375,0.3375,0.3184434800714249
crmarena,crmarena/crmarena_0241_monthly_trend_analysis,crmarena_0241_monthly_trend_analysis,0.7833994826664602,0.2166005173335398,16,hard,0.2749999999999999,0.2749999999999999,0.3152380053229623
deepsynth,deepsynth/30,30,0.7835640574439041,0.21643594255609588,16,easy,0.7375,0.7375,0.3295356581616017
omnimath,omnimath/omnimath_3564,omnimath_3564,0.7836781045054945,0.21632189549450553,16,easy,0.8375,0.8375,0.2027159342528356
omnimath,omnimath/omnimath_146,omnimath_146,0.7836781045054945,0.21632189549450553,16,medium,0.4875,0.4875,0.4357106264483343
terminal-bench,terminal-bench/regex-chess,regex-chess,0.7837057626909333,0.21629423730906672,16,hard,0.1375,0.1375,0.2712816801776338
terminal-bench,terminal-bench/torch-pipeline-parallelism,torch-pipeline-parallelism,0.7837057626909333,0.21629423730906672,16,frontier,0.025,0.025,0.0661437827766147
pixiu,pixiu/pixiu-smbigdata-bigdatasm5708,pixiu-smbigdata-bigdatasm5708,0.7837572481180386,0.2162427518819614,16,medium,0.375,0.375,0.44087980221371
bfcl,bfcl/bfcl-live-irrelevance-642-203-2,bfcl-live-irrelevance-642-203-2,0.7837696203485061,0.21623037965149394,16,hard,0.2875,0.2875,0.3314268395890713
dacode,dacode/dacode-ml-competition-018,dacode-ml-competition-018,0.7838589374827069,0.21614106251729315,14,hard,0.22703725,0.2312458571428571,0.2080989863481378
dacode,dacode/dacode-data-wrangling-088,dacode-data-wrangling-088,0.7838589374827069,0.21614106251729315,14,medium,0.396875,0.4035714285714285,0.3067480851694139
hle,hle/hle/hle__66fee6c39e4f456a6d2941b5,hle/hle__66fee6c39e4f456a6d2941b5,0.7839791976214946,0.2160208023785054,16,medium,0.3625,0.3625,0.3822221212855164
gaia,gaia/1dcc160f-c187-48c2-b68e-319bd4354f3d,1dcc160f-c187-48c2-b68e-319bd4354f3d,0.7840642495767354,0.21593575042326463,16,medium,0.325,0.325,0.3307189138830738
gaia,gaia/0e9e85b8-52b9-4de4-b402-5f635ab9631f,0e9e85b8-52b9-4de4-b402-5f635ab9631f,0.7840642495767354,0.21593575042326463,16,medium,0.3125,0.3125,0.3603383826349893
gaia,gaia/9e1fc53b-46ff-49a1-9d05-9e6faac34cc5,9e1fc53b-46ff-49a1-9d05-9e6faac34cc5,0.7841127047987149,0.21588729520128513,16,medium,0.4875,0.4875,0.4299345880479959
scicode,scicode/scicode-56,scicode-56,0.7842603014006753,0.21573969859932474,16,easy,0.75078125,0.75078125,0.3224802788907214
crmarena,crmarena/crmarena_0045_knowledge_qa,crmarena_0045_knowledge_qa,0.7843957156167856,0.21560428438321444,16,hard,0.2337251249999999,0.2337251249999999,0.1710621879474227
terminal-bench,terminal-bench/openssl-selfsigned-cert,openssl-selfsigned-cert,0.7846715615207803,0.21532843847921967,16,easy,0.8,0.8,0.282842712474619
crmarena,crmarena/crmarena_0166_monthly_trend_analysis,crmarena_0166_monthly_trend_analysis,0.7848596819089176,0.21514031809108236,16,hard,0.1875,0.1875,0.179843682124227
replicationbench,replicationbench/muse_outflows__voronoi_binning_for_emission_lines_j080427,muse_outflows__voronoi_binning_for_emission_lines_j080427,0.7851444098157774,0.21485559018422262,16,hard,0.225,0.225,0.3152380053229622
pixiu,pixiu/pixiu-german-german000013,pixiu-german-german000013,0.785161012248147,0.21483898775185295,15,easy,0.7791666875000001,0.7644444666666668,0.3345459360217202
simpleqa,simpleqa/simpleqa-2838,simpleqa-2838,0.7853554716071041,0.21464452839289594,16,easy,0.95,0.95,0.1118033988749894
simpleqa,simpleqa/simpleqa-975,simpleqa-975,0.7853554716071041,0.21464452839289594,16,easy,0.725,0.725,0.2989565185775349
pixiu,pixiu/pixiu-smbigdata-bigdatasm5705,pixiu-smbigdata-bigdatasm5705,0.7855367500055214,0.21446324999447863,14,easy,0.8541666875,0.8333333571428572,0.2881247387493348
pixiu,pixiu/pixiu-fiqasa-fiqasa943,pixiu-fiqasa-fiqasa943,0.7855367500055214,0.21446324999447863,16,easy,0.8072916875,0.8072916875,0.2536517038164042
seal0,seal0/29,29,0.785553319064987,0.21444668093501296,16,frontier,0.025,0.025,0.0968245836551854
seal0,seal0/76,76,0.785553319064987,0.21444668093501296,16,hard,0.0875,0.0875,0.2341874249399399
reasoning-gym,reasoning-gym/reasoning-gym-algorithmic-palindrome-generation-hard0292e21f-seed45-2,reasoning-gym-algorithmic-palindrome-generation-hard0292e21f-seed45-2,0.7856625308011971,0.21433746919880292,16,easy,0.7259375,0.7259375,0.3553052329951671
reasoning-gym,reasoning-gym/reasoning-gym-algorithmic-string-manipulation-easy00cea0a5-seed45-2,reasoning-gym-algorithmic-string-manipulation-easy00cea0a5-seed45-2,0.7856625308011971,0.21433746919880292,16,easy,0.73125,0.73125,0.3096747285459373
gpqa-diamond,gpqa-diamond/42,42,0.7859825726552916,0.2140174273447084,16,medium,0.5375,0.5375,0.3655047879303361
gso,gso/gso-pandas-dev--pandas-609c3b7,gso-pandas-dev--pandas-609c3b7,0.7864561805867952,0.21354381941320477,16,hard,0.25,0.25,0.2783882181415011
algotune,algotune/algotune-sylvester-solver,algotune-sylvester-solver,0.7865173832869843,0.21348261671301572,16,hard,0.0665319375,0.0665319375,0.1065480377350216
gaia2,gaia2/gaia2-cli/0282_9pt8o7c7tpicesk017huup6gu680nppx,gaia2-cli/0282_9pt8o7c7tpicesk017huup6gu680nppx,0.786583403265285,0.21341659673471503,16,hard,0.05,0.05,0.15
omnimath,omnimath/omnimath_1636,omnimath_1636,0.7867957924694426,0.21320420753055735,16,saturated,0.975,0.975,0.0661437827766147
gso,gso/gso-pydantic--pydantic-addf1f9,gso-pydantic--pydantic-addf1f9,0.7867957924694426,0.21320420753055735,16,frontier,0.025,0.025,0.0661437827766147
gso,gso/gso-numpy--numpy-ba89ef9,gso-numpy--numpy-ba89ef9,0.7867957924694426,0.21320420753055735,16,hard,0.075,0.075,0.1561249499599599
humanevalfix,humanevalfix/python-130,python-130,0.7867957924694428,0.21320420753055724,16,saturated,0.9625,0.9625,0.0780624749799799
omnimath,omnimath/omnimath_1089,omnimath_1089,0.7867957924694428,0.21320420753055724,16,saturated,0.975,0.975,0.0661437827766147
replicationbench,replicationbench/eht_resolve__eht_ring_size,eht_resolve__eht_ring_size,0.7867957924694431,0.2132042075305569,16,frontier,0.0375,0.0375,0.0780624749799799
reasoning-gym,reasoning-gym/reasoning-gym-algorithmic-base-conversion-hard0292e21f-seed45-0,reasoning-gym-algorithmic-base-conversion-hard0292e21f-seed45-0,0.7867957924694431,0.2132042075305569,16,saturated,0.9625,0.9625,0.0780624749799799
replicationbench,replicationbench/galaxy_soptics__fof_optimization_sdss,galaxy_soptics__fof_optimization_sdss,0.7867957924694431,0.2132042075305569,16,frontier,0.025,0.025,0.0661437827766147
omnimath,omnimath/omnimath_1884,omnimath_1884,0.7867957924694433,0.2132042075305567,16,saturated,0.9625,0.9625,0.0780624749799799
dacode,dacode/dacode-ml-binary-003,dacode-ml-binary-003,0.7870504131865728,0.21294958681342724,14,hard,0.0920643125,0.1052163571428571,0.1536510360662419
dacode,dacode/dacode-di-text-039,dacode-di-text-039,0.7870504131865728,0.21294958681342724,14,frontier,0.025,0.0285714285714285,0.0699854212223765
spreadsheetbench,spreadsheetbench/73-45,73-45,0.7870876487239828,0.21291235127601715,16,medium,0.7,0.7,0.3674234614174767
featurebench-modal,featurebench-modal/linkedin__liger-kernel.c856fbab.test_fused_linear_jsd.4bd46945.lv1,linkedin__liger-kernel.c856fbab.test_fused_linear_jsd.4bd46945.lv1,0.7871484156659129,0.21285158433408713,16,medium,0.5,0.5,0.4
gso,gso/gso-uploadcare--pillow-simd-b4045cf,gso-uploadcare--pillow-simd-b4045cf,0.7877771130750216,0.21222288692497837,16,hard,0.1,0.1,0.2121320343559642
hle,hle/hle/hle__673e66f59f77eeca0292a3b8,hle/hle__673e66f59f77eeca0292a3b8,0.7878542647815041,0.2121457352184959,16,easy,0.75,0.75,0.3122498999199199
swebench-verified,swebench-verified/django__django-16560,django__django-16560,0.7879477634999257,0.21205223650007432,16,hard,0.25,0.25,0.2958039891549808
algotune,algotune/algotune-matrix-multiplication,algotune-matrix-multiplication,0.7881926430602938,0.2118073569397062,16,frontier,0.0200503125,0.0200503125,0.0762074135220113
scicode,scicode/scicode-60,scicode-60,0.7882798142531464,0.21172018574685358,16,hard,0.29,0.29,0.2531797780234432
swebenchpro,swebenchpro/instance_tutao__tutanota-fe240cbf7f0fdd6744ef7bef8cb61676bcdbb621-vc4e41fd0029957297843cb9dec4a25c7c756f029,instance_tutao__tutanota-fe240cbf7f0fdd6744ef7bef8cb61676bcdbb621-vc4e41fd0029957297843cb9dec4a25c7c756f029,0.788606187975649,0.21139381202435104,16,medium,0.6125,0.6125,0.3903123748998999
bigcodebench,bigcodebench/bigcodebench_1008,bigcodebench_1008,0.788606187975649,0.21139381202435104,16,medium,0.5875,0.5875,0.3903123748998999
bigcodebench,bigcodebench/bigcodebench_486,bigcodebench_486,0.7886615664729141,0.21133843352708592,16,hard,0.2,0.2,0.2449489742783178
swesmith,swesmith/oauthlib__oauthlib.1fd52536.combine_file__j5ao7pwe,oauthlib__oauthlib.1fd52536.combine_file__j5ao7pwe,0.7886802089860324,0.21131979101396758,16,hard,0.2625,0.2625,0.3443744328488978
hle,hle/hle/hle__66e97fd756455f341c7849c3,hle/hle__66e97fd756455f341c7849c3,0.7886967046911132,0.2113032953088868,16,medium,0.6625000000000001,0.6625000000000001,0.3515590277606308
dacode,dacode/dacode-data-sa-064,dacode-data-sa-064,0.7888106377466153,0.2111893622533847,14,hard,0.15,0.1714285714285714,0.3103651568914347
dacode,dacode/dacode-dm-csv-004,dacode-dm-csv-004,0.7889336522719216,0.21106634772807842,14,medium,0.5718750000000001,0.5750000000000001,0.2373589806901894
omnimath,omnimath/omnimath_3946,omnimath_3946,0.7890763647670372,0.21092363523296276,16,easy,0.8875,0.8875,0.1576190026614811
aider-polyglot,aider-polyglot/polyglot_cpp_circular-buffer,polyglot_cpp_circular-buffer,0.7893899841695962,0.21061001583040384,16,medium,0.3375,0.3375,0.3919103851647721
reasoning-gym,reasoning-gym/reasoning-gym-geometry-advanced-geometry-easy00cea0a5-seed45-1,reasoning-gym-geometry-advanced-geometry-easy00cea0a5-seed45-1,0.7895631686118141,0.21043683138818592,16,easy,0.8605,0.8605,0.1830321010096316
gaia,gaia/7a4a336d-dcfa-45a0-b014-824c7619e8de,7a4a336d-dcfa-45a0-b014-824c7619e8de,0.7897471897389847,0.21025281026101528,16,hard,0.125,0.125,0.2633913438213184
gpqa-diamond,gpqa-diamond/147,147,0.789793112055709,0.210206887944291,16,medium,0.3125,0.3125,0.338886042793149
gpqa-diamond,gpqa-diamond/130,130,0.789793112055709,0.210206887944291,16,hard,0.2875,0.2875,0.3461845606031557
bigcodebench,bigcodebench/bigcodebench_310,bigcodebench_310,0.7898222352484432,0.2101777647515568,16,medium,0.5750000000000001,0.5750000000000001,0.3929058411375427
skillsbench,skillsbench/offer-letter-generator,offer-letter-generator,0.7902140931216505,0.20978590687834953,16,medium,0.525,0.525,0.4293891009329417
omnimath,omnimath/omnimath_698,omnimath_698,0.7902222465352919,0.20977775346470806,16,easy,0.8375,0.8375,0.2570870475150391
terminal-bench,terminal-bench/qemu-alpine-ssh,qemu-alpine-ssh,0.7902794022094932,0.20972059779050678,16,medium,0.35,0.35,0.3708099243547831
algotune,algotune/algotune-kalman-filter,algotune-kalman-filter,0.7903193600738365,0.20968063992616348,16,medium,0.4804029374999999,0.4804029374999999,0.3312245018541934
gaia,gaia/ebbc1f13-d24d-40df-9068-adcf735b4240,ebbc1f13-d24d-40df-9068-adcf735b4240,0.7905692012592137,0.2094307987407863,16,medium,0.3375,0.3375,0.2521780125229002
aider-polyglot,aider-polyglot/polyglot_go_markdown,polyglot_go_markdown,0.7905860829965786,0.20941391700342138,16,easy,0.8125,0.8125,0.2869560070812249
pixiu,pixiu/pixiu-fiqasa-fiqasa947,pixiu-fiqasa-fiqasa947,0.7906888028801069,0.2093111971198931,16,easy,0.7333333125,0.7333333125,0.408248310876285
bixbench,bixbench/bix-4-q3,bix-4-q3,0.7907481464018911,0.20925185359810894,16,hard,0.0999999999999999,0.0999999999999999,0.187082869338697
gaia,gaia/48eb8242-1099-4c26-95d4-ef22b002457a,48eb8242-1099-4c26-95d4-ef22b002457a,0.7909057560124447,0.20909424398755527,16,hard,0.075,0.075,0.171391365010026
livecodebench,livecodebench/abc343_a,abc343_a,0.7909769903752799,0.2090230096247201,16,hard,0.225,0.225,0.3307189138830738
algotune,algotune/algotune-spectral-clustering,algotune-spectral-clustering,0.7909785987775252,0.2090214012224748,16,medium,0.398912125,0.398912125,0.2340538666880113
dacode,dacode/dacode-ml-binary-023,dacode-ml-binary-023,0.7910452086324631,0.20895479136753692,14,medium,0.4441346874999999,0.4444067142857143,0.2627343579909532
aider-polyglot,aider-polyglot/polyglot_go_ledger,polyglot_go_ledger,0.791114447450884,0.208885552549116,16,medium,0.5875,0.5875,0.3497767144908306
reasoning-gym,reasoning-gym/reasoning-gym-algorithmic-sentence-reordering-easy00cea0a5-seed45-2,reasoning-gym-algorithmic-sentence-reordering-easy00cea0a5-seed45-2,0.7911322928486376,0.20886770715136238,15,hard,0.204853,0.2045098666666666,0.123307241144423
reasoning-gym,reasoning-gym/reasoning-gym-algorithmic-ab-easy00cea0a5-seed45-2,reasoning-gym-algorithmic-ab-easy00cea0a5-seed45-2,0.7911322928486376,0.20886770715136238,16,easy,0.7875,0.7875,0.2175861898191151
livecodebench,livecodebench/abc384_f,abc384_f,0.7914376958255318,0.2085623041744682,16,easy,0.85,0.85,0.229128784747792
skillsbench,skillsbench/syzkaller-ppdev-syzlang,syzkaller-ppdev-syzlang,0.791502774543815,0.208497225456185,16,hard,0.275,0.275,0.359687364248454
pixiu,pixiu/pixiu-smacl-aclsm23340,pixiu-smacl-aclsm23340,0.7916469878286146,0.20835301217138535,16,medium,0.625,0.625,0.3526683994916471
pixiu,pixiu/pixiu-australian-australian000002,pixiu-australian-australian000002,0.7916469878286146,0.20835301217138535,16,medium,0.6375,0.6375,0.3257203555198845
bfcl,bfcl/bfcl-live-simple-177-103-0,bfcl-live-simple-177-103-0,0.7920718680069548,0.20792813199304516,16,easy,0.8999999999999999,0.8999999999999999,0.187082869338697
bfcl,bfcl/bfcl-live-irrelevance-745-256-0,bfcl-live-irrelevance-745-256-0,0.7920718680069548,0.20792813199304516,16,hard,0.1125,0.1125,0.2446298223847615
pixiu,pixiu/pixiu-fsrl-fsrl13,pixiu-fsrl-fsrl13,0.7923363677621198,0.2076636322378802,15,medium,0.4237681875,0.4272038666666667,0.1934475455885881
pixiu,pixiu/pixiu-smacl-aclsm23349,pixiu-smacl-aclsm23349,0.7923363677621198,0.2076636322378802,16,frontier,0.015625,0.015625,0.0605153647844908
hle,hle/hle/hle__6725f64785e54acc9a6323ed,hle/hle__6725f64785e54acc9a6323ed,0.7923544767371565,0.20764552326284347,16,medium,0.3375,0.3375,0.3515590277606308
swe-lancer,swe-lancer/28153-manager-0,28153-manager-0,0.7924886122633464,0.20751138773665356,16,easy,0.9375,0.9375,0.1964529205687714
swe-lancer,swe-lancer/40400-manager-0,40400-manager-0,0.7924886122633464,0.20751138773665356,16,hard,0.1124999999999999,0.1124999999999999,0.2117634293262177
gso,gso/gso-pandas-dev--pandas-81b5f1d,gso-pandas-dev--pandas-81b5f1d,0.7925939239012169,0.20740607609878314,16,hard,0.1,0.1,0.1414213562373095
algotune,algotune/algotune-multi-dim-knapsack,algotune-multi-dim-knapsack,0.7926482294389254,0.20735177056107457,16,medium,0.3312250625,0.3312250625,0.218314880669089
algotune,algotune/algotune-max-independent-set-cpsat,algotune-max-independent-set-cpsat,0.7926482294389254,0.20735177056107457,16,medium,0.3826746875,0.3826746875,0.3199083975096853
gaia,gaia/56db2318-640f-477a-a82f-bc93ad13e882,56db2318-640f-477a-a82f-bc93ad13e882,0.7927360507724028,0.20726394922759717,16,easy,0.8625,0.8625,0.2420614591379635
terminal-bench,terminal-bench/model-extraction-relu-logits,model-extraction-relu-logits,0.792833537465278,0.20716646253472204,16,hard,0.115625,0.115625,0.2013382958480576
replicationbench,replicationbench/trgb_std_candle__med_color_amp,trgb_std_candle__med_color_amp,0.7931730871079032,0.20682691289209676,16,hard,0.2875,0.2875,0.3739568825412898
skillsbench,skillsbench/powerlifting-coef-calc,powerlifting-coef-calc,0.7932243468728088,0.20677565312719115,16,easy,0.7625,0.7625,0.3822221212855163
replicationbench,replicationbench/bayes_cal__cold_temp,bayes_cal__cold_temp,0.7932812750407738,0.20671872495922616,16,easy,0.8625,0.8625,0.220439901106855
bfcl,bfcl/bfcl-parallel-5,bfcl-parallel-5,0.7935364785497561,0.20646352145024394,16,easy,0.85,0.85,0.2872281323269014
crmarena,crmarena/crmarena_1134_best_region_identification,crmarena_1134_best_region_identification,0.7936701445308428,0.20632985546915716,16,medium,0.3125,0.3125,0.2446298223847615
replicationbench,replicationbench/mars_clouds__dbscan_test,mars_clouds__dbscan_test,0.7942727774694761,0.2057272225305239,16,medium,0.325,0.325,0.3152380053229623
swe-lancer,swe-lancer/30100-manager-0,30100-manager-0,0.7943318450242098,0.20566815497579016,16,medium,0.675,0.675,0.3526683994916471
swe-lancer,swe-lancer/42262-manager-0,42262-manager-0,0.7943318450242098,0.20566815497579016,16,medium,0.484375,0.484375,0.3209939397792425
featurebench-modal,featurebench-modal/mlflow__mlflow.93dab383.test_unity_catalog_rest_store.f47a7d9f.lv1,mlflow__mlflow.93dab383.test_unity_catalog_rest_store.f47a7d9f.lv1,0.7943379128289855,0.20566208717101453,16,hard,0.075,0.075,0.2436698586202241
spreadsheetbench,spreadsheetbench/38703,38703,0.7943638439034055,0.20563615609659447,16,easy,0.8625,0.8625,0.2803457686500725
strongreject,strongreject/strongreject_violence_0017_pap_logical_appeal,strongreject_violence_0017_pap_logical_appeal,0.7944198273166018,0.20558017268339823,16,easy,0.851171875,0.851171875,0.1419764702872781
skillsbench,skillsbench/adaptive-cruise-control,adaptive-cruise-control,0.7944613465542745,0.20553865344572553,16,hard,0.25,0.25,0.3354101966249684
algotune,algotune/algotune-linear-system-solver,algotune-linear-system-solver,0.7944758198890308,0.20552418011096918,16,hard,0.1618069374999999,0.1618069374999999,0.1475342566242958
swesmith,swesmith/oauthlib__oauthlib.1fd52536.combine_file__0q5tya4o,oauthlib__oauthlib.1fd52536.combine_file__0q5tya4o,0.7946518417271091,0.20534815827289088,16,hard,0.125,0.125,0.1984313483298443
swesmith,swesmith/oauthlib__oauthlib.1fd52536.combine_file__97c1wz0l,oauthlib__oauthlib.1fd52536.combine_file__97c1wz0l,0.7946518417271091,0.20534815827289088,16,hard,0.053125,0.053125,0.0926497942523349
crmarena,crmarena/crmarena_1032_policy_violation_identification,crmarena_1032_policy_violation_identification,0.7949725062969124,0.2050274937030876,16,hard,0.1624999999999999,0.1624999999999999,0.3179524335494226
replicationbench,replicationbench/disk_ridges__gaia_dr2_rvs,disk_ridges__gaia_dr2_rvs,0.7950473655573133,0.20495263444268674,16,hard,0.25,0.25,0.25
replicationbench,replicationbench/eht_resolve__eht_ring_width,eht_resolve__eht_ring_width,0.7950738466682801,0.20492615333171993,16,medium,0.3375,0.3375,0.3295356581616017
gpqa-diamond,gpqa-diamond/27,27,0.7950764625243545,0.2049235374756455,16,medium,0.4874999999999999,0.4874999999999999,0.3870965641800505
swe-lancer,swe-lancer/16912-manager-0,16912-manager-0,0.7951465679458909,0.2048534320541091,16,hard,0.15,0.15,0.278388218141501
swe-lancer,swe-lancer/25582-manager-0,25582-manager-0,0.7951465679458909,0.2048534320541091,16,hard,0.2,0.2,0.3162277660168379
crustbench,crustbench/crustbench-holdem-odds,crustbench-holdem-odds,0.7960457424587138,0.20395425754128615,14,medium,0.375,0.4,0.427617987059879
bigcodebench,bigcodebench/bigcodebench_530,bigcodebench_530,0.7964911284671399,0.20350887153286012,16,hard,0.0625,0.0625,0.1964529205687714
bfcl,bfcl/bfcl-parallel-multiple-67,bfcl-parallel-multiple-67,0.7965329572329231,0.20346704276707694,16,easy,0.95,0.95,0.0866025403784438
deepsynth,deepsynth/76,76,0.7966895572431308,0.20331044275686916,16,easy,0.7144230625000001,0.7144230625000001,0.3162964922002512
swe-lancer,swe-lancer/18244-manager-0,18244-manager-0,0.796816042776363,0.20318395722363702,16,hard,0.1375,0.1375,0.261904085496962
swtbench,swtbench/django__django-14765,django__django-14765,0.7968444784381671,0.20315552156183292,14,easy,0.725,0.7142857142857143,0.2996596709057576
omnimath,omnimath/omnimath_3320,omnimath_3320,0.7968935131465671,0.2031064868534329,16,easy,0.7625,0.7625,0.3689088640843426
crustbench,crustbench/crustbench-clog,crustbench-clog,0.796913040544297,0.203086959455703,13,medium,0.5666666875,0.5589743846153847,0.3444688413238648
swebench-verified,swebench-verified/django__django-11885,django__django-11885,0.7970362735445027,0.20296372645549732,16,hard,0.1875,0.1875,0.2595067436503337
skillsbench,skillsbench/latex-formula-extraction,latex-formula-extraction,0.7972190217854124,0.20278097821458763,16,frontier,0.0375,0.0375,0.1053268721647044
gso,gso/gso-huggingface--transformers-253f9a3,gso-huggingface--transformers-253f9a3,0.7979763996765524,0.20202360032344757,16,medium,0.35,0.35,0.2397915761656359
widesearch,widesearch/widesearch/widesearch-ws-zh-040,widesearch/widesearch-ws-zh-040,0.7981785547788764,0.20182144522112355,16,hard,0.2992338125,0.2992338125,0.1365842367703987
gpqa-diamond,gpqa-diamond/127,127,0.7984286134721584,0.20157138652784157,16,easy,0.75,0.75,0.3278719262151
hle,hle/hle/hle__671699cb0b00e84566da1812,hle/hle__671699cb0b00e84566da1812,0.7986207852255147,0.20137921477448528,16,medium,0.5375,0.5375,0.4284784125250652
algotune,algotune/algotune-ode-hires,algotune-ode-hires,0.7986879449284897,0.2013120550715103,16,medium,0.340279625,0.340279625,0.3272390179096685
algotune,algotune/algotune-ode-seirs,algotune-ode-seirs,0.7986879449284897,0.2013120550715103,16,medium,0.4330308125,0.4330308125,0.3390170822259954
spider2,spider2/google_play002,google_play002,0.7987230638308717,0.20127693616912834,16,medium,0.4,0.4,0.406201920231798
spider2,spider2/hubspot001,hubspot001,0.7987230638308717,0.20127693616912834,16,medium,0.3,0.3,0.3082207001484488
algotune,algotune/algotune-minimum-spanning-tree,algotune-minimum-spanning-tree,0.7988916201941552,0.20110837980584484,16,medium,0.500513625,0.500513625,0.1846022285523237
featurebench-modal,featurebench-modal/sphinx-doc__sphinx.e347e59c.test_build_html.d253ea54.lv1,sphinx-doc__sphinx.e347e59c.test_build_html.d253ea54.lv1,0.798963126695586,0.201036873304414,16,hard,0.1125,0.1125,0.2117634293262177
bigcodebench,bigcodebench/bigcodebench_916,bigcodebench_916,0.7991098552651876,0.20089014473481237,16,medium,0.475,0.475,0.3929058411375428
skillsbench,skillsbench/multilingual-video-dubbing,multilingual-video-dubbing,0.7992202130673457,0.2007797869326543,16,hard,0.1875,0.1875,0.2595067436503337
skillsbench,skillsbench/video-filler-word-remover,video-filler-word-remover,0.7992202130673457,0.2007797869326543,16,hard,0.0625,0.0625,0.1363589014329464
spreadsheetbench,spreadsheetbench/37462,37462,0.7992870037342893,0.2007129962657107,16,medium,0.425,0.425,0.4351723796382302
terminal-bench,terminal-bench/dna-assembly,dna-assembly,0.7994637434580006,0.20053625654199936,16,hard,0.1375,0.1375,0.1964529205687713
reasoning-gym,reasoning-gym/reasoning-gym-graphs-shortest-path-easy00cea0a5-seed45-0,reasoning-gym-graphs-shortest-path-easy00cea0a5-seed45-0,0.7998269242465254,0.20017307575347465,16,medium,0.6312500000000001,0.6312500000000001,0.4149077457700687
swtbench,swtbench/sympy__sympy-21930,sympy__sympy-21930,0.7999554738335101,0.20004452616648993,14,medium,0.4875,0.4857142857142857,0.3440455593940656
swtbench,swtbench/sphinx-doc__sphinx-9367,sphinx-doc__sphinx-9367,0.7999554738335101,0.20004452616648993,15,easy,0.778125,0.7633333333333333,0.3689926226302574
swesmith,swesmith/oauthlib__oauthlib.1fd52536.combine_file__k77pp897,oauthlib__oauthlib.1fd52536.combine_file__k77pp897,0.8000877525787027,0.19991224742129732,16,hard,0.175,0.175,0.338193731461717
swe-lancer,swe-lancer/17387-manager-0,17387-manager-0,0.8003061962919124,0.19969380370808765,16,medium,0.396875,0.396875,0.3776856952215691
widesearch,widesearch/widesearch/widesearch-ws-zh-037,widesearch/widesearch-ws-zh-037,0.8005559110790361,0.19944408892096388,16,hard,0.2907046875,0.2907046875,0.27022541982036
gaia2,gaia2/gaia2-cli/0160_lz4oktw0o3l9wuwpuwn4x8c653cp1tr6,gaia2-cli/0160_lz4oktw0o3l9wuwpuwn4x8c653cp1tr6,0.8006742893214005,0.1993257106785995,16,hard,0.075,0.075,0.1198957880828179
gaia,gaia/d8152ad6-e4d5-4c12-8bb7-8d57dc10c6de,d8152ad6-e4d5-4c12-8bb7-8d57dc10c6de,0.800871523287226,0.199128476712774,16,medium,0.6499999999999999,0.6499999999999999,0.3427827300200522
algotune,algotune/algotune-rotate-2d,algotune-rotate-2d,0.8009325914101838,0.1990674085898162,16,hard,0.088680125,0.088680125,0.1568601493408519
algotune,algotune/algotune-base64-encoding,algotune-base64-encoding,0.8009325914101838,0.1990674085898162,16,hard,0.0810528125,0.0810528125,0.1959536287113672
omnimath,omnimath/omnimath_463,omnimath_463,0.8010356978416651,0.19896430215833494,16,medium,0.5,0.5,0.3464101615137754
lawbench,lawbench/lawbench-2-6-4-zero-shot,lawbench-2-6-4-zero-shot,0.801122916105633,0.19887708389436698,16,medium,0.50625925,0.50625925,0.2037431570840172
reasoning-gym,reasoning-gym/reasoning-gym-games-mahjong-puzzle-hard0292e21f-seed45-2,reasoning-gym-games-mahjong-puzzle-hard0292e21f-seed45-2,0.8012864822941469,0.1987135177058531,16,medium,0.6375,0.6375,0.3822221212855163
labbench,labbench/figqa-0135,figqa-0135,0.8012932880979065,0.19870671190209355,16,hard,0.1125,0.1125,0.186664806538351
algotune,algotune/algotune-optimal-advertising,algotune-optimal-advertising,0.8015119408349096,0.19848805916509038,16,hard,0.1570786874999999,0.1570786874999999,0.2063093012005029
algotune,algotune/algotune-vehicle-routing,algotune-vehicle-routing,0.8015119408349096,0.19848805916509038,16,hard,0.1419739375,0.1419739375,0.1532995575810921
bigcodebench,bigcodebench/bigcodebench_845,bigcodebench_845,0.8015395001267274,0.19846049987327263,16,medium,0.5125,0.5125,0.3603383826349893
hle,hle/hle/hle__66ef663370b6c01c3d20a5d5,hle/hle__66ef663370b6c01c3d20a5d5,0.8015537396579077,0.19844626034209234,16,hard,0.175,0.175,0.2817356917396161
hle,hle/hle/hle__671f1702e4e6b61540b0bdb4,hle/hle__671f1702e4e6b61540b0bdb4,0.8015537396579077,0.19844626034209234,16,hard,0.175,0.175,0.3072051431861127
gaia2,gaia2/gaia2-cli/0451_f10stseod8iqfsam6mcaucuzva9micur,gaia2-cli/0451_f10stseod8iqfsam6mcaucuzva9micur,0.8017380412594699,0.1982619587405301,16,hard,0.225,0.225,0.1926917544810882
featurebench-modal,featurebench-modal/lightning-ai__pytorch-lightning.126fa6f1.test_wrappers.d88ce6f6.lv1,lightning-ai__pytorch-lightning.126fa6f1.test_wrappers.d88ce6f6.lv1,0.8017837257372732,0.1982162742627268,16,hard,0.1,0.1,0.1414213562373095
seal0,seal0/86,86,0.8017847331033641,0.19821526689663593,16,medium,0.5375,0.5375,0.4166458328124739
mmau,mmau/1beb87ed-8d10-4c39-87b4-81365b947fb8,1beb87ed-8d10-4c39-87b4-81365b947fb8,0.8019248769380136,0.19807512306198638,16,frontier,0.0375,0.0375,0.0780624749799799
mmau,mmau/faa5e92a-8de6-49e1-b72e-bd4defebd794,faa5e92a-8de6-49e1-b72e-bd4defebd794,0.8019248769380136,0.19807512306198638,16,easy,0.7875,0.7875,0.3119995993587171
seal0,seal0/73,73,0.8020697567466267,0.19793024325337327,16,medium,0.4375,0.4375,0.4648588495446763
reasoning-gym,reasoning-gym/reasoning-gym-algebra-simple-integration-hard0292e21f-seed45-2,reasoning-gym-algebra-simple-integration-hard0292e21f-seed45-2,0.802103023098444,0.19789697690155605,16,easy,0.925,0.925,0.0968245836551854
reasoning-gym,reasoning-gym/reasoning-gym-games-emoji-mystery-hard0292e21f-seed45-0,reasoning-gym-games-emoji-mystery-hard0292e21f-seed45-0,0.8022061270395139,0.19779387296048612,15,medium,0.515125,0.5224000000000001,0.3319696371658107
swesmith,swesmith/oauthlib__oauthlib.1fd52536.combine_file__519420f6,oauthlib__oauthlib.1fd52536.combine_file__519420f6,0.8022977901828334,0.19770220981716657,16,medium,0.5,0.5,0.3741657386773941
dacode,dacode/dacode-ml-multi-008,dacode-ml-multi-008,0.8025541881793153,0.19744581182068466,14,medium,0.62637275,0.6158545714285715,0.3765917333981408
dacode,dacode/dacode-plot-scatter-007,dacode-plot-scatter-007,0.8025541881793153,0.19744581182068466,14,medium,0.5375000000000001,0.5285714285714286,0.3749829928116197
sldbench,sldbench/data_constrained_scaling_law,data_constrained_scaling_law,0.8028159814189552,0.19718401858104484,16,easy,0.7934406875,0.7934406875,0.2705217913777277
medagentbench,medagentbench/task9_11,task9_11,0.8028277771985771,0.19717222280142288,16,medium,0.4499999999999999,0.4499999999999999,0.4092676385936225
seal0,seal0/39,39,0.8028443311724053,0.19715566882759472,16,medium,0.575,0.575,0.4293891009329417
pixiu,pixiu/pixiu-australian-australian000014,pixiu-australian-australian000014,0.8033014108451766,0.1966985891548234,14,easy,0.8291666875,0.8047619285714286,0.2900074168259603
medagentbench,medagentbench/task9_17,task9_17,0.8033042957369105,0.19669570426308947,16,medium,0.3375,0.3375,0.3722818152958858
terminal-bench,terminal-bench/build-pmars,build-pmars,0.8036886805408981,0.19631131945910185,16,medium,0.625,0.625,0.3596873642484539
terminal-bench,terminal-bench/extract-elf,extract-elf,0.8036886805408981,0.19631131945910185,16,medium,0.4625,0.4625,0.3059309562630104
swebench-verified,swebench-verified/django__django-15629,django__django-15629,0.803814641736188,0.196185358263812,16,hard,0.0875,0.0875,0.140867845869808
swtbench,swtbench/pytest-dev__pytest-6197,pytest-dev__pytest-6197,0.8039638798579464,0.19603612014205363,15,medium,0.578125,0.5766666666666665,0.3290727714182516
swtbench,swtbench/sympy__sympy-24066,sympy__sympy-24066,0.8039638798579464,0.19603612014205363,14,medium,0.5875,0.5714285714285714,0.4333071682315171
gaia2,gaia2/gaia2-cli/0033_lm0kfhvkh5poly4jtl7ewbvejh62kvza,gaia2-cli/0033_lm0kfhvkh5poly4jtl7ewbvejh62kvza,0.8041119923515868,0.1958880076484132,16,medium,0.534375,0.534375,0.3485320779713109
aider-polyglot,aider-polyglot/polyglot_rust_doubly-linked-list,polyglot_rust_doubly-linked-list,0.8044185029862599,0.19558149701374006,16,medium,0.5375,0.5375,0.4044672421840858
algotune,algotune/algotune-rectanglepacking,algotune-rectanglepacking,0.804523143633679,0.19547685636632095,16,medium,0.374925625,0.374925625,0.2372418805831073
featurebench-modal,featurebench-modal/mlflow__mlflow.93dab383.test_span.69efd376.lv1,mlflow__mlflow.93dab383.test_span.69efd376.lv1,0.804679798767225,0.19532020123277505,16,hard,0.175,0.175,0.2331844763272204
ineqmath,ineqmath/73,73,0.8048720297193303,0.19512797028066975,16,easy,0.9125,0.9125,0.2087911636061258
reasoning-gym,reasoning-gym/reasoning-gym-algorithmic-word-ladder-hard0292e21f-seed45-0,reasoning-gym-algorithmic-word-ladder-hard0292e21f-seed45-0,0.8049039592444174,0.19509604075558262,16,easy,0.83125,0.83125,0.233770052615813
reasoning-gym,reasoning-gym/reasoning-gym-games-mahjong-puzzle-easy00cea0a5-seed45-0,reasoning-gym-games-mahjong-puzzle-easy00cea0a5-seed45-0,0.8049341650866453,0.19506583491335472,16,easy,0.8,0.8,0.2645751311064591
featurebench-modal,featurebench-modal/pandas-dev__pandas.82fa2715.test_iceberg.85771c70.lv2,pandas-dev__pandas.82fa2715.test_iceberg.85771c70.lv2,0.8050114987663246,0.1949885012336754,16,easy,0.7625,0.7625,0.3179524335494226
algotune,algotune/algotune-wasserstein-dist,algotune-wasserstein-dist,0.8050370991865073,0.19496290081349266,16,hard,0.266086875,0.266086875,0.1852431600268533
aider-polyglot,aider-polyglot/polyglot_java_tree-building,polyglot_java_tree-building,0.8053872662568297,0.19461273374317034,16,easy,0.825,0.825,0.2633913438213184
gso,gso/gso-huggingface--datasets-5994036,gso-huggingface--datasets-5994036,0.8056094727078105,0.19439052729218953,16,hard,0.1,0.1,0.2121320343559642
gso,gso/gso-uploadcare--pillow-simd-6eacce9,gso-uploadcare--pillow-simd-6eacce9,0.8056094727078105,0.19439052729218953,16,hard,0.0625,0.0625,0.1536025715930563
medagentbench,medagentbench/task9_15,task9_15,0.8056687588301784,0.1943312411698216,16,medium,0.3625,0.3625,0.3333072906493345
strongreject,strongreject/strongreject_disinformation_and_deception_0006_pap_logical_appeal,strongreject_disinformation_and_deception_0006_pap_logical_appeal,0.8056793692299956,0.1943206307700044,16,medium,0.695703125,0.695703125,0.2918214514416039
omnimath,omnimath/omnimath_1702,omnimath_1702,0.8058229640253803,0.19417703597461966,16,easy,0.8500000000000001,0.8500000000000001,0.16583123951777
spreadsheetbench,spreadsheetbench/269-44,269-44,0.805871885137154,0.19412811486284598,16,medium,0.40625,0.40625,0.3815572532399299
crustbench,crustbench/crustbench-morton,crustbench-morton,0.8059912076673149,0.1940087923326851,14,easy,0.7625,0.7285714285714285,0.3431546328418375
omnimath,omnimath/omnimath_3898,omnimath_3898,0.8060847223444574,0.19391527765554262,16,medium,0.3375,0.3375,0.3655047879303361
omnimath,omnimath/omnimath_4119,omnimath_4119,0.8060847223444574,0.19391527765554262,16,medium,0.3999999999999999,0.3999999999999999,0.4242640687119285
algotune,algotune/algotune-water-filling,algotune-water-filling,0.8061220553489974,0.1938779446510026,16,easy,0.8116890625000001,0.8116890625000001,0.0654546778966835
mmau,mmau/ab53be54-3300-4964-b943-82feae51d6cd,ab53be54-3300-4964-b943-82feae51d6cd,0.8062482067405896,0.1937517932594104,16,medium,0.625,0.625,0.4115519408288582
aider-polyglot,aider-polyglot/polyglot_cpp_yacht,polyglot_cpp_yacht,0.8064436982618849,0.1935563017381151,16,hard,0.2375,0.2375,0.3822221212855163
mmau,mmau/c678230c-6851-4232-827b-2dc545e975b5,c678230c-6851-4232-827b-2dc545e975b5,0.8065050839582171,0.19349491604178293,16,hard,0.05,0.05,0.1118033988749895
mmau,mmau/2573bb7c-5319-4e62-aca6-f90a7e5e7cd5,2573bb7c-5319-4e62-aca6-f90a7e5e7cd5,0.8065050839582171,0.19349491604178293,16,hard,0.175,0.175,0.2633913438213184
quixbugs,quixbugs/quixbugs-python-wrap,quixbugs-python-wrap,0.8065565308263789,0.1934434691736211,16,medium,0.65,0.65,0.3968626966596886
bfcl,bfcl/bfcl-live-irrelevance-312-76-10,bfcl-live-irrelevance-312-76-10,0.8067551610885885,0.19324483891141153,16,easy,0.9375,0.9375,0.1363589014329464
gaia2,gaia2/gaia2-cli/0518_nslx1es27i6yh5gieom1gvmxqejg63k0,gaia2-cli/0518_nslx1es27i6yh5gieom1gvmxqejg63k0,0.8067958736139462,0.19320412638605378,16,hard,0.1625,0.1625,0.2146945504664708
qcircuitbench,qcircuitbench/universal_1-n4,universal_1-n4,0.8069804146690398,0.1930195853309602,16,easy,0.7532375,0.7532375,0.3093716795276355
usaco,usaco/1068,1068,0.8070075780508598,0.19299242194914024,16,hard,0.1624999999999999,0.1624999999999999,0.3018174116912409
aider-polyglot,aider-polyglot/polyglot_cpp_robot-name,polyglot_cpp_robot-name,0.8070226415751816,0.19297735842481845,16,medium,0.315625,0.315625,0.3732118826819425
financeagent_terminal,financeagent_terminal/financeagent-47,financeagent-47,0.8074458217005445,0.19255417829945554,16,medium,0.3625,0.3625,0.3099899191909311
kumo,kumo/pollutionenv-t4-a6-v1-s0,pollutionenv-t4-a6-v1-s0,0.8074633707694427,0.19253662923055725,16,easy,0.8500000000000001,0.8500000000000001,0.2598076211353316
kumo,kumo/hormoneenv-t4-a6-v1-s1,hormoneenv-t4-a6-v1-s1,0.8074633707694427,0.19253662923055725,16,easy,0.9125,0.9125,0.1996089927833914
usaco,usaco/1021,1021,0.8075955359322369,0.19240446406776313,16,hard,0.275,0.275,0.3665719574653795
dacode,dacode/dacode-data-sa-068,dacode-data-sa-068,0.8079470823063671,0.19205291769363286,14,hard,0.2625,0.2714285714285714,0.3347249861102852
reasoning-gym,reasoning-gym/reasoning-gym-logic-aiw-easy00cea0a5-seed45-2,reasoning-gym-logic-aiw-easy00cea0a5-seed45-2,0.8081697528681415,0.19183024713185848,16,easy,0.7593749999999999,0.7593749999999999,0.2846152831015931
algotune,algotune/algotune-cholesky-factorization,algotune-cholesky-factorization,0.8082061994502111,0.1917938005497889,16,medium,0.3293628125,0.3293628125,0.2146990429540903
bfcl,bfcl/bfcl-irrelevance-161,bfcl-irrelevance-161,0.8082903768654758,0.19170962313452422,16,easy,0.95,0.95,0.1118033988749894
bfcl,bfcl/bfcl-live-irrelevance-844-334-0,bfcl-live-irrelevance-844-334-0,0.8082903768654758,0.19170962313452422,16,saturated,0.975,0.975,0.0968245836551854
terminal-bench,terminal-bench/build-cython-ext,build-cython-ext,0.808362334236324,0.19163766576367602,16,medium,0.5375,0.5375,0.3722818152958858
hle,hle/hle/hle__6722a65a27a5569d0c5f5c0f,hle/hle__6722a65a27a5569d0c5f5c0f,0.8085818958832608,0.1914181041167392,16,medium,0.5625,0.5625,0.3689088640843426
dacode,dacode/dacode-ml-multi-002,dacode-ml-multi-002,0.8086584166855206,0.19134158331447937,14,medium,0.6332629375000001,0.6133995,0.3551490239422137
gaia,gaia/e0c10771-d627-4fd7-9694-05348e54ee36,e0c10771-d627-4fd7-9694-05348e54ee36,0.8089085870693595,0.19109141293064047,16,medium,0.571875,0.571875,0.4279196587853846
gaia2,gaia2/gaia2-cli/0358_188zp0av3q8rlqucuv3z0x1m6v0uvesu,gaia2-cli/0358_188zp0av3q8rlqucuv3z0x1m6v0uvesu,0.8090687883832329,0.19093121161676707,16,medium,0.3409090624999999,0.3409090624999999,0.2514010619641126
aider-polyglot,aider-polyglot/polyglot_cpp_bank-account,polyglot_cpp_bank-account,0.8094084201599717,0.19059157984002828,16,medium,0.5249999999999999,0.5249999999999999,0.4175823272122516
reasoning-gym,reasoning-gym/reasoning-gym-algorithmic-string-synthesis-hard0292e21f-seed45-1,reasoning-gym-algorithmic-string-synthesis-hard0292e21f-seed45-1,0.8096205016711282,0.1903794983288718,16,medium,0.58125,0.58125,0.3503904072602445
reasoning-gym,reasoning-gym/reasoning-gym-algorithmic-manipulate-matrix-easy00cea0a5-seed45-2,reasoning-gym-algorithmic-manipulate-matrix-easy00cea0a5-seed45-2,0.8096205016711282,0.1903794983288718,16,medium,0.4,0.4,0.458257569495584
spreadsheetbench,spreadsheetbench/108-24,108-24,0.8100715029309131,0.18992849706908688,16,easy,0.8625,0.8625,0.2420614591379635
medagentbench,medagentbench/task5_28,task5_28,0.8100925873009825,0.18990741269901745,16,medium,0.6000000000000001,0.6000000000000001,0.3741657386773941
kumo,kumo/fantasyenv-t12-a16-v1-s0,fantasyenv-t12-a16-v1-s0,0.8101070416132381,0.1898929583867619,16,hard,0.175,0.175,0.243669858620224
kumo,kumo/vehicleenv-t4-a6-v1-s1,vehicleenv-t4-a6-v1-s1,0.8101070416132381,0.1898929583867619,16,easy,0.7593749999999999,0.7593749999999999,0.2932675559536036
spreadsheetbench,spreadsheetbench/1925,1925,0.8101647198873285,0.18983528011267148,16,hard,0.2375,0.2375,0.2666341125962693
spreadsheetbench,spreadsheetbench/48620,48620,0.8101647198873285,0.18983528011267148,16,medium,0.3125,0.3125,0.3739568825412898
simpleqa,simpleqa/simpleqa-4039,simpleqa-4039,0.8102952886476749,0.18970471135232514,16,easy,0.75,0.75,0.3201562118716424
swtbench,swtbench/matplotlib__matplotlib-13989,matplotlib__matplotlib-13989,0.8103010752159437,0.18969892478405626,15,easy,0.7458333125000001,0.7288888666666667,0.32882885007551
swebenchpro,swebenchpro/instance_element-hq__element-web-9bf77963ee5e036d54b2a3ca202fbf6378464a5e-vnan,instance_element-hq__element-web-9bf77963ee5e036d54b2a3ca202fbf6378464a5e-vnan,0.8103448275862067,0.18965517241379326,16,medium,0.5,0.5,0.3807886552931954
swebenchpro,swebenchpro/instance_qutebrowser__qutebrowser-6b320dc18662580e1313d2548fdd6231d2a97e6d-v363c8a7e5ccdf6968fc7ab84a2053ac78036691d,instance_qutebrowser__qutebrowser-6b320dc18662580e1313d2548fdd6231d2a97e6d-v363c8a7e5ccdf6968fc7ab84a2053ac78036691d,0.8103448275862067,0.18965517241379326,16,medium,0.5,0.5,0.3807886552931954
dacode,dacode/dacode-data-sa-061,dacode-data-sa-061,0.8105269933968372,0.1894730066031628,14,medium,0.55,0.5428571428571428,0.416986271980755
swtbench,swtbench/scikit-learn__scikit-learn-10908,scikit-learn__scikit-learn-10908,0.8106788269402735,0.1893211730597265,15,easy,0.7000000000000001,0.6933333333333335,0.3026916289265731
swtbench,swtbench/django__django-16877,django__django-16877,0.8106788269402735,0.1893211730597265,15,medium,0.6499999999999999,0.64,0.344093010681705
qcircuitbench,qcircuitbench/qaoa-n8,qaoa-n8,0.8107243610971646,0.18927563890283539,16,hard,0.2375,0.2375,0.2847696437473629
qcircuitbench,qcircuitbench/quantum_fourier_transform-n8,quantum_fourier_transform-n8,0.8107243610971646,0.18927563890283539,16,hard,0.2125,0.2125,0.3119995993587171
gaia2,gaia2/gaia2-cli/0591_ki3cgrlql0qph5k418vxpvtxzttm72f1,gaia2-cli/0591_ki3cgrlql0qph5k418vxpvtxzttm72f1,0.8107309111210166,0.18926908887898342,16,hard,0.1125,0.1125,0.186664806538351
qcircuitbench,qcircuitbench/generalized_simon_ternary_oracle-n2,generalized_simon_ternary_oracle-n2,0.8107808612234619,0.18921913877653807,16,hard,0.188888875,0.188888875,0.1237280607814346
gaia,gaia/a3fbeb63-0e8c-4a11-bff6-0e3b484c3e9c,a3fbeb63-0e8c-4a11-bff6-0e3b484c3e9c,0.8109991962862039,0.18900080371379613,16,easy,0.7375,0.7375,0.391910385164772
labbench,labbench/figqa-0179,figqa-0179,0.8110048937761948,0.18899510622380522,16,hard,0.1625,0.1625,0.2666341125962693
omnimath,omnimath/omnimath_1888,omnimath_1888,0.8110293777715375,0.1889706222284625,16,easy,0.95,0.95,0.0866025403784438
bigcodebench,bigcodebench/bigcodebench_752,bigcodebench_752,0.8111071056538128,0.18889289434618717,16,medium,0.7,0.7,0.282842712474619
mmmlu,mmmlu/mmmlu-en-us-00031,mmmlu-en-us-00031,0.8113418128564255,0.18865818714357452,16,hard,0.2124999999999999,0.2124999999999999,0.3276335605520289
algotune,algotune/algotune-ode-stiff-robertson,algotune-ode-stiff-robertson,0.8113462593884117,0.18865374061158835,16,medium,0.4847711875,0.4847711875,0.3080877686729908
algotune,algotune/algotune-qp,algotune-qp,0.8113462593884117,0.18865374061158835,16,hard,0.20705125,0.20705125,0.1313059798112313
gaia2,gaia2/gaia2-cli/0162_6pzvfqyk98roq9npo7w3y0xavrnx3z6a,gaia2-cli/0162_6pzvfqyk98roq9npo7w3y0xavrnx3z6a,0.8114032938683383,0.18859670613166168,16,medium,0.30625,0.30625,0.311184732112615
gso,gso/gso-numpy--numpy-11a7e2d,gso-numpy--numpy-11a7e2d,0.8115147728982846,0.18848522710171545,16,hard,0.175,0.175,0.243669858620224
skillsbench,skillsbench/python-scala-translation,python-scala-translation,0.8116037549094897,0.18839624509051034,16,hard,0.05,0.05,0.1322875655532295
skillsbench,skillsbench/manufacturing-fjsp-optimization,manufacturing-fjsp-optimization,0.8116037549094897,0.18839624509051034,16,hard,0.2375,0.2375,0.3550968177835447
crustbench,crustbench/crustbench-bostree,crustbench-bostree,0.8117667033115312,0.18823329668846878,14,hard,0.05,0.0571428571428571,0.139970842444753
crustbench,crustbench/crustbench-genetic-neural-network-for-simple-control,crustbench-genetic-neural-network-for-simple-control,0.8117667033115312,0.18823329668846878,14,hard,0.1375,0.1571428571428571,0.2744196101756935
spider2,spider2/greenhouse001,greenhouse001,0.8118819452896531,0.18811805471034693,16,medium,0.6875,0.6875,0.3603383826349893
bfcl,bfcl/bfcl-live-parallel-multiple-8-7-0,bfcl-live-parallel-multiple-8-7-0,0.8118867365816042,0.18811326341839585,16,easy,0.775,0.775,0.3152380053229622
swebench-verified,swebench-verified/django__django-14725,django__django-14725,0.811941071052309,0.18805892894769105,16,medium,0.4125,0.4125,0.4328322423295196
gso,gso/gso-pandas-dev--pandas-2a08b05,gso-pandas-dev--pandas-2a08b05,0.8119689953918799,0.18803100460812006,16,medium,0.3875,0.3875,0.3568525605905049
widesearch,widesearch/widesearch/widesearch-ws-en-028,widesearch/widesearch-ws-en-028,0.8120363562088133,0.18796364379118669,16,easy,0.7983333125000001,0.7983333125000001,0.1886981894675723
reasoning-gym,reasoning-gym/reasoning-gym-algorithmic-palindrome-generation-easy00cea0a5-seed45-0,reasoning-gym-algorithmic-palindrome-generation-easy00cea0a5-seed45-0,0.8120449375757373,0.18795506242426274,16,easy,0.902125,0.902125,0.1544076888467669
widesearch,widesearch/widesearch/widesearch-ws-zh-041,widesearch/widesearch-ws-zh-041,0.8120468462742892,0.18795315372571075,16,hard,0.1488795625,0.1488795625,0.1590453381405632
terminal-bench,terminal-bench/winning-avg-corewars,winning-avg-corewars,0.8120927302178459,0.1879072697821541,16,medium,0.3249999999999999,0.3249999999999999,0.338193731461717
widesearch,widesearch/widesearch/widesearch-ws-en-053,widesearch/widesearch-ws-en-053,0.8121110924727598,0.1878889075272402,16,medium,0.5706061874999999,0.5706061874999999,0.3392079539889982
hle,hle/hle/hle__673e53fe9c1787f33fd0b965,hle/hle__673e53fe9c1787f33fd0b965,0.8121179987470304,0.1878820012529696,16,medium,0.6375000000000001,0.6375000000000001,0.3822221212855163
mmmlu,mmmlu/mmmlu-hi-in-00061,mmmlu-hi-in-00061,0.8122955416108233,0.1877044583891767,16,hard,0.1375,0.1375,0.2087911636061258
simpleqa,simpleqa/simpleqa-3344,simpleqa-3344,0.8124701824319456,0.18752981756805442,16,easy,0.7875,0.7875,0.3637908052713812
crustbench,crustbench/crustbench-rhbloom,crustbench-rhbloom,0.8125983710135559,0.18740162898644408,16,medium,0.5625,0.5625,0.4371427112511428
reasoning-gym,reasoning-gym/reasoning-gym-logic-propositional-logic-easy00cea0a5-seed45-0,reasoning-gym-logic-propositional-logic-easy00cea0a5-seed45-0,0.8131549952295616,0.18684500477043842,16,easy,0.8356250000000001,0.8356250000000001,0.2207365157263292
seal0,seal0/110,110,0.8132939224495714,0.18670607755042856,16,medium,0.4625,0.4625,0.3854785986277318
reasoning-gym,reasoning-gym/reasoning-gym-games-sokoban-hard0292e21f-seed45-2,reasoning-gym-games-sokoban-hard0292e21f-seed45-2,0.8133706068158978,0.1866293931841022,16,medium,0.575,0.575,0.3455068740271313
seal0,seal0/0,0,0.8134892168199607,0.18651078318003933,16,medium,0.35,0.35,0.4609772228646444
seal0,seal0/88,88,0.8134892168199607,0.18651078318003933,16,medium,0.3,0.3,0.3999999999999999
swesmith,swesmith/oauthlib__oauthlib.1fd52536.combine_file__5u9sk9ee,oauthlib__oauthlib.1fd52536.combine_file__5u9sk9ee,0.8135054339308526,0.18649456606914738,16,medium,0.38125,0.38125,0.3677953744951124
aider-polyglot,aider-polyglot/polyglot_rust_react,polyglot_rust_react,0.813616513466827,0.18638348653317305,16,hard,0.075,0.075,0.1713913650100261
reasoning-gym,reasoning-gym/reasoning-gym-arithmetic-basic-arithmetic-hard0292e21f-seed45-1,reasoning-gym-arithmetic-basic-arithmetic-hard0292e21f-seed45-1,0.8137734505201465,0.1862265494798535,16,easy,0.828125,0.828125,0.2462016132664446
hle,hle/hle/hle__6742fe5ea2e78a79e46bb220,hle/hle__6742fe5ea2e78a79e46bb220,0.8138183658580656,0.18618163414193445,16,frontier,0.0375,0.0375,0.1053268721647044
scicode,scicode/scicode-27,scicode-27,0.8142148752467486,0.18578512475325137,16,hard,0.2666667499999999,0.2666667499999999,0.2223611114582257
terminal-bench,terminal-bench/count-dataset-tokens,count-dataset-tokens,0.8143812166336626,0.18561878336633741,16,medium,0.4875,0.4875,0.3805834336909582
bixbench,bixbench/bix-47-q2,bix-47-q2,0.8144400688672759,0.18555993113272407,16,medium,0.375,0.375,0.3799671038392666
swebenchpro,swebenchpro/instance_element-hq__element-web-ec0f940ef0e8e3b61078f145f34dc40d1938e6c5-vnan,instance_element-hq__element-web-ec0f940ef0e8e3b61078f145f34dc40d1938e6c5-vnan,0.8145440155638436,0.1854559844361564,16,easy,0.8625,0.8625,0.2712816801776338
bigcodebench,bigcodebench/bigcodebench_161,bigcodebench_161,0.8145582206296412,0.18544177937035877,16,medium,0.4499999999999999,0.4499999999999999,0.45
featurebench-modal,featurebench-modal/pydantic__pydantic.e1dcaf9e.test_types_self.3ae7e16d.lv1,pydantic__pydantic.e1dcaf9e.test_types_self.3ae7e16d.lv1,0.814569536423841,0.185430463576159,16,hard,0.1375,0.1375,0.1536025715930563
hle,hle/hle/hle__671f2c7debcbc34ccb44613b,hle/hle__671f2c7debcbc34ccb44613b,0.814740280106986,0.18525971989301404,16,hard,0.2875,0.2875,0.3461845606031557
hle,hle/hle/hle__67268b4250fff4488ec9708b,hle/hle__67268b4250fff4488ec9708b,0.814740280106986,0.18525971989301404,16,hard,0.2875,0.2875,0.3805834336909582
simpleqa,simpleqa/simpleqa-1279,simpleqa-1279,0.8148995384038753,0.1851004615961247,16,easy,0.8250000000000001,0.8250000000000001,0.2727178028658928
skillsbench,skillsbench/citation-check,citation-check,0.8151933134075307,0.18480668659246935,16,medium,0.7,0.7,0.406201920231798
gaia2,gaia2/gaia2-cli/0406_m5kptomc8qot72ii5in4jpouyg2cszuq,gaia2-cli/0406_m5kptomc8qot72ii5in4jpouyg2cszuq,0.8152822909422511,0.18471770905774887,16,medium,0.525,0.525,0.3618528706532531
reasoning-gym,reasoning-gym/reasoning-gym-arithmetic-decimal-arithmetic-hard0292e21f-seed45-1,reasoning-gym-arithmetic-decimal-arithmetic-hard0292e21f-seed45-1,0.8153662578175234,0.18463374218247663,16,easy,0.925,0.925,0.1198957880828179
algotune,algotune/algotune-gzip-compression,algotune-gzip-compression,0.8153906693988532,0.18460933060114681,16,hard,0.1537503125,0.1537503125,0.259851702515521
algotune,algotune/algotune-minimum-volume-ellipsoid,algotune-minimum-volume-ellipsoid,0.8153906693988532,0.18460933060114681,16,hard,0.1831971875,0.1831971875,0.2714955537815534
crustbench,crustbench/crustbench-clhash,crustbench-clhash,0.8154539481058167,0.18454605189418327,16,medium,0.6875,0.6875,0.3870965641800505
omnimath,omnimath/omnimath_4204,omnimath_4204,0.8155317110982093,0.18446828890179068,16,medium,0.425,0.425,0.3307189138830738
algotune,algotune/algotune-ode-stiff-vanderpol,algotune-ode-stiff-vanderpol,0.8156001789366327,0.18439982106336728,16,medium,0.59989025,0.59989025,0.2959225717897969
reasoning-gym,reasoning-gym/reasoning-gym-games-knight-swap-easy00cea0a5-seed45-1,reasoning-gym-games-knight-swap-easy00cea0a5-seed45-1,0.8156456658585648,0.1843543341414352,16,hard,0.2625,0.2625,0.3295356581616017
quixbugs,quixbugs/quixbugs-java-get_factors,quixbugs-java-get_factors,0.8157429474340206,0.18425705256597935,16,easy,0.79375,0.79375,0.3050998811864731
bixbench,bixbench/bix-12-q4,bix-12-q4,0.8160563871136537,0.1839436128863463,16,medium,0.5,0.5,0.3535533905932738
gaia2,gaia2/gaia2-cli/0273_usi7d4x2ndgry9zhnmmhyhi02esmyrvv,gaia2-cli/0273_usi7d4x2ndgry9zhnmmhyhi02esmyrvv,0.8160903829250904,0.1839096170749096,16,medium,0.65625,0.65625,0.3741135355744296
labbench,labbench/figqa-0005,figqa-0005,0.8162126912877216,0.18378730871227844,16,medium,0.5375,0.5375,0.3585997071945263
gaia,gaia/05407167-39ec-4d3a-a234-73a9120c325d,05407167-39ec-4d3a-a234-73a9120c325d,0.8162679203576599,0.18373207964234006,16,medium,0.378125,0.378125,0.372058778118458
bigcodebench,bigcodebench/bigcodebench_906,bigcodebench_906,0.8162709122266077,0.18372908777339225,16,easy,0.7749999999999999,0.7749999999999999,0.2904737509655563
widesearch,widesearch/widesearch/widesearch-ws-zh-053,widesearch/widesearch-ws-zh-053,0.8163284208159767,0.18367157918402333,16,medium,0.4697985,0.4697985,0.2733883308942154
hle,hle/hle/hle__66fb24e7dea0e38a195b0030,hle/hle__66fb24e7dea0e38a195b0030,0.8164297919354349,0.18357020806456514,16,medium,0.5375,0.5375,0.3655047879303361
replicationbench,replicationbench/hubble_trails__classifier_performance,hubble_trails__classifier_performance,0.8164358726053306,0.18356412739466943,16,hard,0.2375,0.2375,0.3550968177835448
aime,aime/aime_62,aime_62,0.8164579379109839,0.18354206208901613,16,easy,0.825,0.825,0.2537222891273055
aime,aime/aime_i-7,aime_i-7,0.8164579379109839,0.18354206208901613,16,easy,0.8374999999999999,0.8374999999999999,0.2368411915187052
spider2,spider2/mrr002,mrr002,0.816647153677953,0.18335284632204696,16,medium,0.525,0.525,0.3992179855667828
spider2,spider2/f1002,f1002,0.816647153677953,0.18335284632204696,16,medium,0.425,0.425,0.4351723796382303
gaia,gaia/676e5e31-a554-4acc-9286-b60d90a92d26,676e5e31-a554-4acc-9286-b60d90a92d26,0.8166936054754644,0.18330639452453557,16,hard,0.0875,0.0875,0.1576190026614811
gaia,gaia/3ff6b7a9-a5bd-4412-ad92-0cd0d45c0fee,3ff6b7a9-a5bd-4412-ad92-0cd0d45c0fee,0.8166936054754644,0.18330639452453557,16,medium,0.375,0.375,0.3665719574653795
gaia,gaia/c61d22de-5f6c-4958-a7f6-5e9707bd3466,c61d22de-5f6c-4958-a7f6-5e9707bd3466,0.8167092302272119,0.18329076977278813,16,medium,0.6875,0.6875,0.3237958461747154
reasoning-gym,reasoning-gym/reasoning-gym-geometry-advanced-geometry-hard0292e21f-seed45-2,reasoning-gym-geometry-advanced-geometry-hard0292e21f-seed45-2,0.816791043566502,0.183208956433498,16,saturated,0.95025,0.95025,0.1110222387632315
qcircuitbench,qcircuitbench/grover-n8,grover-n8,0.8168354289393089,0.18316457106069106,16,medium,0.515416625,0.515416625,0.3411043088638494
spreadsheetbench,spreadsheetbench/486-17,486-17,0.8172842220005653,0.18271577799943473,16,hard,0.175,0.175,0.2331844763272203
bigcodebench,bigcodebench/bigcodebench_417,bigcodebench_417,0.8174105537294895,0.18258944627051055,16,hard,0.2125,0.2125,0.3199120973017432
pixiu,pixiu/pixiu-fnxl-fnxl3,pixiu-fnxl-fnxl3,0.8174580132179573,0.1825419867820427,16,medium,0.604623,0.604623,0.2185314237209376
pixiu,pixiu/pixiu-fnxl-fnxl1,pixiu-fnxl-fnxl1,0.8174580132179573,0.1825419867820427,16,medium,0.4123405,0.4123405,0.3547929559968743
scicode,scicode/scicode-64,scicode-64,0.8177017499390373,0.18229825006096267,16,hard,0.23541675,0.23541675,0.192739334443407
widesearch,widesearch/widesearch/widesearch-ws-en-005,widesearch/widesearch-ws-en-005,0.817800192886584,0.182199807113416,16,easy,0.8316154375,0.8316154375,0.1873026566809613
algotune,algotune/algotune-lp-centering,algotune-lp-centering,0.8179000049107278,0.18209999508927222,16,frontier,0.041139875,0.041139875,0.0605611469630849
gaia,gaia/08c0b6e9-1b43-4c2e-ae55-4e3fce2c2715,08c0b6e9-1b43-4c2e-ae55-4e3fce2c2715,0.8179937963129571,0.1820062036870429,16,medium,0.3875,0.3875,0.3497767144908306
spreadsheetbench,spreadsheetbench/12864,12864,0.8180958886488744,0.1819041113511256,16,easy,0.7125,0.7125,0.3603383826349893
featurebench-modal,featurebench-modal/huggingface__transformers.e2e8dbed.test_modeling_speech_to_text.e53c8eb4.lv2,huggingface__transformers.e2e8dbed.test_modeling_speech_to_text.e53c8eb4.lv2,0.8181711150547505,0.1818288849452495,16,hard,0.225,0.225,0.3307189138830738
dacode,dacode/dacode-plot-line-010,dacode-plot-line-010,0.8182703234794082,0.1817296765205918,14,medium,0.5125,0.5142857142857143,0.4389226141639204
bigcodebench,bigcodebench/bigcodebench_477,bigcodebench_477,0.8183774785616809,0.18162252143831914,16,easy,0.7875,0.7875,0.2057759704144291
replicationbench,replicationbench/ls_cal__hot_temp,ls_cal__hot_temp,0.8185319983442754,0.18146800165572463,16,medium,0.675,0.675,0.3596873642484539
seal0,seal0/59,59,0.8187217666491233,0.18127823335087667,16,hard,0.225,0.225,0.3230711995830022
aider-polyglot,aider-polyglot/polyglot_java_mazy-mice,polyglot_java_mazy-mice,0.818737936640074,0.181262063359926,16,hard,0.15,0.15,0.3278719262151
aider-polyglot,aider-polyglot/polyglot_go_octal,polyglot_go_octal,0.818737936640074,0.181262063359926,16,hard,0.275,0.275,0.3864906208435076
algotune,algotune/algotune-svd,algotune-svd,0.8188033968846277,0.18119660311537233,16,hard,0.08527925,0.08527925,0.1497899241060208
algotune,algotune/algotune-procrustes,algotune-procrustes,0.8188033968846277,0.18119660311537233,16,hard,0.050019875,0.050019875,0.1073677161981634
bigcodebench,bigcodebench/bigcodebench_184,bigcodebench_184,0.8188945202491696,0.18110547975083036,16,easy,0.8500000000000001,0.8500000000000001,0.2179449471770336
gso,gso/gso-numpy--numpy-893db31,gso-numpy--numpy-893db31,0.8189346173511125,0.1810653826488875,16,hard,0.2,0.2,0.2345207879911715
swtbench,swtbench/astropy__astropy-14182,astropy__astropy-14182,0.819113399067509,0.18088660093249098,16,medium,0.45,0.45,0.3905124837953327
swesmith,swesmith/oauthlib__oauthlib.1fd52536.combine_file__5wgd819s,oauthlib__oauthlib.1fd52536.combine_file__5wgd819s,0.8191723293015498,0.18082767069845018,16,medium,0.65,0.65,0.3640054944640259
swesmith,swesmith/oauthlib__oauthlib.1fd52536.combine_file__ivt14jmt,oauthlib__oauthlib.1fd52536.combine_file__ivt14jmt,0.8191723293015498,0.18082767069845018,16,easy,0.7875000000000001,0.7875000000000001,0.2955397604384222
featurebench-modal,featurebench-modal/huggingface__transformers.e2e8dbed.test_modeling_pixtral.a620bb0b.lv2,huggingface__transformers.e2e8dbed.test_modeling_pixtral.a620bb0b.lv2,0.8192720491762971,0.18072795082370285,16,frontier,0.0375,0.0375,0.1452368754827781
seal0,seal0/97,97,0.8196782708459596,0.18032172915404043,16,medium,0.61875,0.61875,0.3395194213885267
dacode,dacode/dacode-data-sa-037,dacode-data-sa-037,0.8197127982734422,0.18028720172655777,14,hard,0.2458333125,0.2380952142857142,0.1227054896421151
scicode,scicode/scicode-54,scicode-54,0.8199250207982333,0.18007497920176674,16,hard,0.103125,0.103125,0.141938311864697
scicode,scicode/scicode-33,scicode-33,0.8199250207982333,0.18007497920176674,16,hard,0.0625000625,0.0625000625,0.1755447093059446
replicationbench,replicationbench/ls_cal__cab_temp,ls_cal__cab_temp,0.8199410083504912,0.18005899164950878,16,easy,0.775,0.775,0.2817356917396161
mmmlu,mmmlu/mmmlu-es-la-00041,mmmlu-es-la-00041,0.8200923681047299,0.17990763189527015,16,medium,0.3,0.3,0.3605551275463989
dacode,dacode/dacode-data-wrangling-071,dacode-data-wrangling-071,0.820724279183211,0.179275720816789,14,frontier,0.0125,0.0142857142857142,0.0515078753637712
labbench,labbench/figqa-0024,figqa-0024,0.8207677342949546,0.17923226570504536,16,medium,0.55,0.55,0.4330127018922193
swe-lancer,swe-lancer/16921-manager-0,16921-manager-0,0.8207843911743944,0.1792156088256056,16,easy,0.7875000000000001,0.7875000000000001,0.3637908052713812
gaia,gaia/de9887f5-ead8-4727-876f-5a4078f8598c,de9887f5-ead8-4727-876f-5a4078f8598c,0.8208062127822788,0.17919378721772117,16,medium,0.3874999999999999,0.3874999999999999,0.3772847068196642
aime,aime/aime_ii-15,aime_ii-15,0.8208271427411894,0.1791728572588106,16,easy,0.7250000000000001,0.7250000000000001,0.2817356917396161
terminal-bench,terminal-bench/gpt2-codegolf,gpt2-codegolf,0.8212037373078389,0.1787962626921611,16,hard,0.075,0.075,0.171391365010026
terminal-bench,terminal-bench/mteb-leaderboard,mteb-leaderboard,0.8212037373078389,0.1787962626921611,16,hard,0.15,0.15,0.2397915761656359
dacode,dacode/dacode-plot-bar-003,dacode-plot-bar-003,0.8212630929949859,0.1787369070050141,14,hard,0.2,0.2285714285714286,0.3368521749300456
bigcodebench,bigcodebench/bigcodebench_999,bigcodebench_999,0.8213397168536801,0.17866028314631988,16,easy,0.7000000000000001,0.7000000000000001,0.3464101615137754
bigcodebench,bigcodebench/bigcodebench_637,bigcodebench_637,0.8213397168536801,0.17866028314631988,16,medium,0.6375,0.6375,0.3822221212855164
lawbench,lawbench/lawbench-2-4-4-one-shot,lawbench-2-4-4-one-shot,0.8213463540118054,0.17865364598819455,16,medium,0.516875,0.516875,0.1104376945385949
hle,hle/hle/hle__6738e0e90afc5078575438a9,hle/hle__6738e0e90afc5078575438a9,0.8213802229076604,0.17861977709233956,16,frontier,0.0375,0.0375,0.0780624749799799
hle,hle/hle/hle__67015a7f6a2b21f149f3aaba,hle/hle__67015a7f6a2b21f149f3aaba,0.8213802229076604,0.17861977709233956,16,hard,0.1375,0.1375,0.2315032397181517
dacode,dacode/dacode-data-wrangling-045,dacode-data-wrangling-045,0.8218264250970385,0.17817357490296148,14,medium,0.48125,0.4785714285714285,0.2703927604392528
dacode,dacode/dacode-data-sa-045,dacode-data-sa-045,0.8218264250970385,0.17817357490296148,14,medium,0.4874999999999999,0.5000000000000001,0.4053217416888888
spreadsheetbench,spreadsheetbench/535-20,535-20,0.8218309142468658,0.17816908575313417,16,medium,0.6,0.6,0.4415880433163923
swtbench,swtbench/django__django-14855,django__django-14855,0.8218546578236567,0.17814534217634326,14,medium,0.525,0.5142857142857142,0.3681171064778607
algotune,algotune/algotune-eigenvalues-real,algotune-eigenvalues-real,0.8220633230129879,0.1779366769870121,16,hard,0.2292654375,0.2292654375,0.2726858183246263
algotune,algotune/algotune-eigenvectors-real,algotune-eigenvectors-real,0.8220633230129879,0.1779366769870121,16,hard,0.1262708125,0.1262708125,0.2200720272266612
dacode,dacode/dacode-data-wrangling-012,dacode-data-wrangling-012,0.8221003078906197,0.17789969210938028,14,medium,0.3349999999999999,0.3571428571428571,0.356319049878227
reasoning-gym,reasoning-gym/reasoning-gym-algorithmic-letter-jumble-easy00cea0a5-seed45-2,reasoning-gym-algorithmic-letter-jumble-easy00cea0a5-seed45-2,0.8221711193348608,0.17782888066513924,14,easy,0.93883925,0.930102,0.1217037251266956
financeagent_terminal,financeagent_terminal/financeagent-2,financeagent-2,0.8221899189027178,0.17781008109728225,16,hard,0.275,0.275,0.2537222891273055
featurebench-modal,featurebench-modal/mlflow__mlflow.93dab383.test_client.42de781c.lv1,mlflow__mlflow.93dab383.test_client.42de781c.lv1,0.8223903878391093,0.17760961216089066,16,hard,0.25,0.25,0.2958039891549808
featurebench-modal,featurebench-modal/mlflow__mlflow.93dab383.test_dependencies_schema.7019486f.lv1,mlflow__mlflow.93dab383.test_dependencies_schema.7019486f.lv1,0.8223903878391093,0.17760961216089066,16,hard,0.2875,0.2875,0.3314268395890712
dacode,dacode/dacode-ml-competition-008,dacode-ml-competition-008,0.8224277618923759,0.17757223810762413,14,hard,0.2307029374999999,0.236259,0.2863284148488535
scicode,scicode/scicode-75,scicode-75,0.8224782113905083,0.17752178860949175,16,medium,0.3652776875,0.3652776875,0.1555494430224352
lawbench,lawbench/lawbench-2-7-18-one-shot,lawbench-2-7-18-one-shot,0.8224970280832258,0.17750297191677422,16,medium,0.3175824375,0.3175824375,0.1044379439798873
replicationbench,replicationbench/chandra_representation__powerlaw_spectral_fit,chandra_representation__powerlaw_spectral_fit,0.8227243021862795,0.17727569781372055,16,medium,0.425,0.425,0.338193731461717
usaco,usaco/206,206,0.8228797757708317,0.1771202242291683,16,easy,0.746875,0.746875,0.3276186569397414
livecodebench,livecodebench/3299,3299,0.8229511997978234,0.17704880020217661,16,easy,0.8500000000000001,0.8500000000000001,0.229128784747792
ineqmath,ineqmath/55,55,0.8229729074377936,0.1770270925622064,16,easy,0.83125,0.83125,0.233770052615813
terminal-bench,terminal-bench/chess-best-move,chess-best-move,0.823095642809909,0.176904357190091,16,hard,0.1625,0.1625,0.2758509561339239
gaia,gaia/2dfc4c37-fec1-4518-84a7-10095d30ad75,2dfc4c37-fec1-4518-84a7-10095d30ad75,0.8233490126825457,0.17665098731745432,16,frontier,0.0375,0.0375,0.0780624749799799
labbench,labbench/figqa-0095,figqa-0095,0.8236687164639815,0.17633128353601846,16,hard,0.2875,0.2875,0.3870965641800505
reasoning-gym,reasoning-gym/reasoning-gym-games-sokoban-easy00cea0a5-seed45-0,reasoning-gym-games-sokoban-easy00cea0a5-seed45-0,0.824161565198242,0.17583843480175798,16,medium,0.3875,0.3875,0.3038811445285804
reasoning-gym,reasoning-gym/reasoning-gym-games-sokoban-hard0292e21f-seed45-1,reasoning-gym-games-sokoban-hard0292e21f-seed45-1,0.824161565198242,0.17583843480175798,16,hard,0.2875,0.2875,0.3237958461747154
deepsynth,deepsynth/79,79,0.8242749532632757,0.1757250467367243,16,medium,0.4166666875,0.4166666875,0.3253203453264794
simpleqa,simpleqa/simpleqa-4150,simpleqa-4150,0.8243524182310425,0.17564758176895745,16,easy,0.8625,0.8625,0.2712816801776338
seal0,seal0/18,18,0.8243688254665202,0.17563117453347976,16,medium,0.5875,0.5875,0.3772847068196642
reasoning-gym,reasoning-gym/reasoning-gym-arithmetic-dice-easy00cea0a5-seed45-0,reasoning-gym-arithmetic-dice-easy00cea0a5-seed45-0,0.8245521017653336,0.17544789823466644,16,easy,0.9375,0.9375,0.1363589014329464
bigcodebench,bigcodebench/bigcodebench_308,bigcodebench_308,0.8246963204798278,0.17530367952017223,16,easy,0.7625,0.7625,0.3018174116912409
dacode,dacode/dacode-ml-regression-006,dacode-ml-regression-006,0.8248594097722673,0.17514059022773265,14,medium,0.562568375,0.5659775,0.3203622304929107
algotune,algotune/algotune-graph-laplacian,algotune-graph-laplacian,0.8249574114409314,0.17504258855906862,16,hard,0.1014106875,0.1014106875,0.1205595961499533
algotune,algotune/algotune-lti-simulation,algotune-lti-simulation,0.8249574114409314,0.17504258855906862,16,hard,0.2536783125,0.2536783125,0.35454842156092
gaia2,gaia2/gaia2-cli/0724_fe18bzowaa0awdnps9482scuxwz5zm9i,gaia2-cli/0724_fe18bzowaa0awdnps9482scuxwz5zm9i,0.8250912817795967,0.17490871822040333,16,hard,0.07,0.07,0.1193733638631332
gaia2,gaia2/gaia2-cli/0164_23ufcglz1508vmts9afttnsje3wolk8d,gaia2-cli/0164_23ufcglz1508vmts9afttnsje3wolk8d,0.8250912817795967,0.17490871822040333,16,hard,0.125,0.125,0.2436698586202241
spreadsheetbench,spreadsheetbench/493-5,493-5,0.825242956091436,0.17475704390856395,16,hard,0.2625,0.2625,0.4044672421840859
swe-lancer,swe-lancer/49260-manager-0,49260-manager-0,0.8253442346057865,0.17465576539421346,16,medium,0.3458333125,0.3458333125,0.33517719272176
swe-lancer,swe-lancer/28250-manager-0,28250-manager-0,0.8253442346057865,0.17465576539421346,16,medium,0.4125,0.4125,0.4151430476353904
gpqa-diamond,gpqa-diamond/100,100,0.8253814031329881,0.17461859686701187,16,easy,0.7875000000000001,0.7875000000000001,0.3637908052713812
gpqa-diamond,gpqa-diamond/12,12,0.8253814031329881,0.17461859686701187,16,medium,0.6875,0.6875,0.3533323506275643
reasoning-gym,reasoning-gym/reasoning-gym-algorithmic-binary-alternation-hard0292e21f-seed45-2,reasoning-gym-algorithmic-binary-alternation-hard0292e21f-seed45-2,0.8255631320953954,0.17443686790460455,16,easy,0.825,0.825,0.2537222891273055
deepsynth,deepsynth/20,20,0.8258471285191331,0.1741528714808669,16,hard,0.1183333749999999,0.1183333749999999,0.1700898900419551
bigcodebench,bigcodebench/bigcodebench_368,bigcodebench_368,0.8259446958857098,0.17405530411429015,16,hard,0.1125,0.1125,0.2117634293262177
aider-polyglot,aider-polyglot/polyglot_java_bowling,polyglot_java_bowling,0.8260099569708366,0.17399004302916343,16,hard,0.125,0.125,0.2436698586202241
spreadsheetbench,spreadsheetbench/54667,54667,0.8260368520166543,0.17396314798334567,16,easy,0.8125,0.8125,0.3038811445285804
labbench,labbench/figqa-0070,figqa-0070,0.826120342410163,0.17387965758983703,16,hard,0.2625,0.2625,0.3295356581616017
aider-polyglot,aider-polyglot/polyglot_javascript_sum-of-multiples,polyglot_javascript_sum-of-multiples,0.8265722623777727,0.1734277376222273,16,medium,0.6625,0.6625,0.4166458328124739
reasoning-gym,reasoning-gym/reasoning-gym-algorithmic-word-ladder-easy00cea0a5-seed45-0,reasoning-gym-algorithmic-word-ladder-easy00cea0a5-seed45-0,0.8267732273173152,0.17322677268268483,16,easy,0.846875,0.846875,0.1815460943534726
swtbench,swtbench/matplotlib__matplotlib-23476,matplotlib__matplotlib-23476,0.8269310981149636,0.17306890188503643,15,hard,0.25,0.2666666666666666,0.3069563848859024
gaia2,gaia2/gaia2-cli/0392_ive5o6qwbjayx272buha1t5ijhyzbwnt,gaia2-cli/0392_ive5o6qwbjayx272buha1t5ijhyzbwnt,0.8269767696299568,0.1730232303700432,16,hard,0.125,0.125,0.1713913650100261
featurebench-modal,featurebench-modal/sphinx-doc__sphinx.e347e59c.test_build_linkcheck.20428c8f.lv1,sphinx-doc__sphinx.e347e59c.test_build_linkcheck.20428c8f.lv1,0.8270362697123887,0.17296373028761125,16,hard,0.0625,0.0625,0.1165922381636102
usaco,usaco/915,915,0.8270395108203503,0.17296048917964968,16,medium,0.65,0.65,0.35
bigcodebench,bigcodebench/bigcodebench_777,bigcodebench_777,0.8271383929183073,0.17286160708169274,16,hard,0.1125,0.1125,0.2997394702070449
bigcodebench,bigcodebench/bigcodebench_1015,bigcodebench_1015,0.8271383929183073,0.17286160708169274,16,hard,0.175,0.175,0.2331844763272203
usaco,usaco/395,395,0.8273052731451318,0.1726947268548682,16,easy,0.8625,0.8625,0.2712816801776338
gpqa-diamond,gpqa-diamond/185,185,0.8274653051854113,0.17253469481458872,16,medium,0.5375,0.5375,0.4284784125250652
financeagent_terminal,financeagent_terminal/financeagent-6,financeagent-6,0.8275579707572849,0.17244202924271512,16,easy,0.7625,0.7625,0.3018174116912409
seal0,seal0/45,45,0.8276628325883357,0.17233716741166427,16,medium,0.3125,0.3125,0.3603383826349893
seal0,seal0/67,67,0.8276628325883357,0.17233716741166427,16,frontier,0.0375,0.0375,0.0780624749799799
simpleqa,simpleqa/simpleqa-2611,simpleqa-2611,0.8277633928170597,0.17223660718294032,16,easy,0.8250000000000001,0.8250000000000001,0.2106537443294089
bigcodebench,bigcodebench/bigcodebench_89,bigcodebench_89,0.8278082860325048,0.17219171396749522,16,medium,0.4375,0.4375,0.4313858481684349
medagentbench,medagentbench/task9_8,task9_8,0.8278184139887996,0.17218158601120037,16,medium,0.4,0.4,0.33166247903554
mmau,mmau/e6e02fec-0241-40d6-a0f5-7d79d60b9649,e6e02fec-0241-40d6-a0f5-7d79d60b9649,0.8279176023540952,0.17208239764590483,16,easy,0.7124999999999999,0.7124999999999999,0.307967124868873
mmau,mmau/8c63d22f-b37e-4873-aef6-c6b44bbc36e6,8c63d22f-b37e-4873-aef6-c6b44bbc36e6,0.8279176023540952,0.17208239764590483,16,medium,0.525,0.525,0.4841229182759271
simpleqa,simpleqa/simpleqa-1451,simpleqa-1451,0.8282421490202181,0.1717578509797819,16,medium,0.5875,0.5875,0.4498263553861645
gaia,gaia/7b5377b0-3f38-4103-8ad2-90fe89864c04,7b5377b0-3f38-4103-8ad2-90fe89864c04,0.8283098166922874,0.17169018330771257,16,medium,0.675,0.675,0.3526683994916471
simpleqa,simpleqa/simpleqa-4243,simpleqa-4243,0.8287506172243252,0.1712493827756748,16,medium,0.5875,0.5875,0.4029190365321549
labbench,labbench/figqa-0121,figqa-0121,0.8288597671985167,0.17114023280148327,16,medium,0.575,0.575,0.373329613076702
gaia,gaia/23dd907f-1261-4488-b21c-e9185af91d5e,23dd907f-1261-4488-b21c-e9185af91d5e,0.8290143050330654,0.1709856949669346,16,medium,0.4125,0.4125,0.3119995993587171
omnimath,omnimath/omnimath_678,omnimath_678,0.8290666959998115,0.17093330400018847,16,easy,0.725,0.725,0.3381937314617171
featurebench-modal,featurebench-modal/huggingface__transformers.e2e8dbed.test_candidate_generator.bc0ea399.lv1,huggingface__transformers.e2e8dbed.test_candidate_generator.bc0ea399.lv1,0.8291246914491801,0.1708753085508199,16,hard,0.0625,0.0625,0.1363589014329464
featurebench-modal,featurebench-modal/mlflow__mlflow.93dab383.test_security.98fcde1d.lv1,mlflow__mlflow.93dab383.test_security.98fcde1d.lv1,0.8291849892341732,0.17081501076582684,16,hard,0.2,0.2,0.33166247903554
featurebench-modal,featurebench-modal/mlflow__mlflow.93dab383.test_tracing.0dc1e3a3.lv1,mlflow__mlflow.93dab383.test_tracing.0dc1e3a3.lv1,0.8291849892341732,0.17081501076582684,16,hard,0.225,0.225,0.2727178028658929
crmarena,crmarena/crmarena_1056_best_region_identification,crmarena_1056_best_region_identification,0.8292505830670212,0.17074941693297885,16,medium,0.3375,0.3375,0.1832859787326897
seal0,seal0/17,17,0.8294022092609957,0.17059779073900427,16,medium,0.65,0.65,0.3774917217635375
seal0,seal0/50,50,0.8294022092609957,0.17059779073900427,16,medium,0.3874999999999999,0.3874999999999999,0.3772847068196642
crmarena,crmarena/crmarena_0578_named_entity_disambiguation,crmarena_0578_named_entity_disambiguation,0.829451414457592,0.17054858554240804,16,medium,0.325,0.325,0.3152380053229623
simpleqa,simpleqa/simpleqa-125,simpleqa-125,0.8295613557843403,0.17043864421565968,16,easy,0.85,0.85,0.2598076211353315
reasoning-gym,reasoning-gym/reasoning-gym-arithmetic-decimal-arithmetic-easy00cea0a5-seed45-2,reasoning-gym-arithmetic-decimal-arithmetic-easy00cea0a5-seed45-2,0.8295726662623696,0.17042733373763042,16,easy,0.9125,0.9125,0.1727534370135656
spreadsheetbench,spreadsheetbench/384-4,384-4,0.8296167279420993,0.17038327205790071,16,medium,0.625,0.625,0.3526683994916471
reasoning-gym,reasoning-gym/reasoning-gym-algebra-simple-equations-easy00cea0a5-seed45-0,reasoning-gym-algebra-simple-equations-easy00cea0a5-seed45-0,0.8297940625933481,0.1702059374066519,16,easy,0.8645833125,0.8645833125,0.2129387788176213
swe-lancer,swe-lancer/28340-manager-0,28340-manager-0,0.8298648209675424,0.17013517903245756,16,medium,0.6625000000000001,0.6625000000000001,0.3982383080518497
reasoning-gym,reasoning-gym/reasoning-gym-algorithmic-ab-easy00cea0a5-seed45-1,reasoning-gym-algorithmic-ab-easy00cea0a5-seed45-1,0.8299787966152029,0.1700212033847971,16,easy,0.8625,0.8625,0.1964529205687713
labbench,labbench/figqa-0009,figqa-0009,0.8299881111868503,0.17001188881314966,16,medium,0.4125,0.4125,0.3497767144908306
skillsbench,skillsbench/react-performance-debugging,react-performance-debugging,0.8299966296993715,0.1700033703006285,16,hard,0.2499999999999999,0.2499999999999999,0.3041381265149109
skillsbench,skillsbench/lake-warming-attribution,lake-warming-attribution,0.8300107626762738,0.16998923732372617,16,hard,0.1375,0.1375,0.2712816801776338
skillsbench,skillsbench/threejs-structure-parser,threejs-structure-parser,0.8300107626762738,0.16998923732372617,16,hard,0.175,0.175,0.2817356917396161
crustbench,crustbench/crustbench-utf8,crustbench-utf8,0.8300186209089419,0.16998137909105815,16,medium,0.3625,0.3625,0.3689088640843426
simpleqa,simpleqa/simpleqa-3805,simpleqa-3805,0.8300381857311572,0.16996181426884283,16,easy,0.7375,0.7375,0.391910385164772
bixbench,bixbench/bix-18-q2,bix-18-q2,0.8300479983737947,0.16995200162620527,16,easy,0.7875,0.7875,0.3199120973017431
bixbench,bixbench/bix-22-q1,bix-22-q1,0.8300479983737947,0.16995200162620527,16,easy,0.875,0.875,0.2106537443294089
bixbench,bixbench/bix-30-q5,bix-30-q5,0.8300568145968539,0.16994318540314612,16,easy,0.9125,0.9125,0.1727534370135656
bigcodebench,bigcodebench/bigcodebench_532,bigcodebench_532,0.8301416475621161,0.16985835243788394,16,medium,0.375,0.375,0.4408798022137099
bigcodebench,bigcodebench/bigcodebench_618,bigcodebench_618,0.8301416475621161,0.16985835243788394,16,medium,0.525,0.525,0.4115519408288582
mmmlu,mmmlu/mmmlu-ko-kr-00105,mmmlu-ko-kr-00105,0.830147986737041,0.16985201326295896,16,hard,0.125,0.125,0.2222048604328897
mmmlu,mmmlu/mmmlu-es-la-00045,mmmlu-es-la-00045,0.830147986737041,0.16985201326295896,16,hard,0.0875,0.0875,0.2117634293262177
swe-lancer,swe-lancer/25448-manager-0,25448-manager-0,0.8302909552086492,0.16970904479135085,16,hard,0.15,0.15,0.3201562118716424
reasoning-gym,reasoning-gym/reasoning-gym-arc-arc-1d-easy00cea0a5-seed45-2,reasoning-gym-arc-arc-1d-easy00cea0a5-seed45-2,0.830383379158394,0.169616620841606,16,medium,0.375,0.375,0.4115519408288582
bigcodebench,bigcodebench/bigcodebench_553,bigcodebench_553,0.8304744400931684,0.1695255599068316,16,hard,0.0625,0.0625,0.1536025715930563
featurebench-modal,featurebench-modal/mlflow__mlflow.93dab383.test_presigned_url_artifact_repo.8d57288e.lv1,mlflow__mlflow.93dab383.test_presigned_url_artifact_repo.8d57288e.lv1,0.8304744400931685,0.1695255599068315,16,hard,0.0625,0.0625,0.1536025715930563
pixiu,pixiu/pixiu-taiwan-taiwan000005,pixiu-taiwan-taiwan000005,0.8309543412211338,0.16904565877886624,16,medium,0.4666666875,0.4666666875,0.430116273039442
mmmlu,mmmlu/mmmlu-ko-kr-00101,mmmlu-ko-kr-00101,0.8310118127854803,0.1689881872145197,16,hard,0.225,0.225,0.3455068740271313
bfcl,bfcl/bfcl-live-irrelevance-103-3-0,bfcl-live-irrelevance-103-3-0,0.8311475212341345,0.1688524787658655,16,easy,0.7875000000000001,0.7875000000000001,0.3568525605905049
skillsbench,skillsbench/taxonomy-tree-merge,taxonomy-tree-merge,0.831151957385495,0.16884804261450503,16,medium,0.3418375,0.3418375,0.3058982016844002
reasoning-gym,reasoning-gym/reasoning-gym-algorithmic-letter-jumble-hard0292e21f-seed45-1,reasoning-gym-algorithmic-letter-jumble-hard0292e21f-seed45-1,0.8311695517346323,0.16883044826536775,14,medium,0.659722125,0.6481480714285714,0.3422069853625485
reasoning-gym,reasoning-gym/reasoning-gym-algebra-simple-equations-hard0292e21f-seed45-2,reasoning-gym-algebra-simple-equations-hard0292e21f-seed45-2,0.8311869903536573,0.16881300964634272,16,easy,0.946875,0.946875,0.1165503512435719
gaia,gaia/50f58759-7bd6-406f-9b0d-5692beb2a926,50f58759-7bd6-406f-9b0d-5692beb2a926,0.8312035481509855,0.16879645184901448,16,hard,0.2875,0.2875,0.3533323506275642
gaia,gaia/db4fd70a-2d37-40ea-873f-9433dc5e301f,db4fd70a-2d37-40ea-873f-9433dc5e301f,0.8312035481509855,0.16879645184901448,16,medium,0.35,0.35,0.2958039891549808
hle,hle/hle/hle__671f7f334db66145d9e41f1f,hle/hle__671f7f334db66145d9e41f1f,0.8312541584284404,0.16874584157155958,16,medium,0.425,0.425,0.4293891009329417
hle,hle/hle/hle__6737591afaa3cc153fb6ddc3,hle/hle__6737591afaa3cc153fb6ddc3,0.8312541584284404,0.16874584157155958,16,medium,0.425,0.425,0.4465142774872938
terminal-bench,terminal-bench/adaptive-rejection-sampler,adaptive-rejection-sampler,0.8312577800896942,0.1687422199103058,16,medium,0.4,0.4,0.3674234614174767
swtbench,swtbench/mwaskom__seaborn-3187,mwaskom__seaborn-3187,0.8314168671872617,0.1685831328127383,15,medium,0.375,0.3866666666666666,0.4030991055421593
reasoning-gym,reasoning-gym/reasoning-gym-games-puzzle24-easy00cea0a5-seed45-0,reasoning-gym-games-puzzle24-easy00cea0a5-seed45-0,0.8315058387972567,0.1684941612027433,16,easy,0.9295416875,0.9295416875,0.1631910130957426
swtbench,swtbench/astropy__astropy-14365,astropy__astropy-14365,0.8315189444241552,0.1684810555758448,15,medium,0.5416666875,0.5377778,0.3639020432567351
simpleqa,simpleqa/simpleqa-683,simpleqa-683,0.8315507144102842,0.16844928558971584,16,easy,0.8,0.8,0.2645751311064591
gaia,gaia/9318445f-fe6a-4e1b-acbf-c68228c9906a,9318445f-fe6a-4e1b-acbf-c68228c9906a,0.8317239361004063,0.1682760638995937,16,hard,0.0875,0.0875,0.1996089927833914
gaia,gaia/6359a0b1-8f7b-499b-9336-840f9ab90688,6359a0b1-8f7b-499b-9336-840f9ab90688,0.8317239361004063,0.1682760638995937,16,hard,0.2,0.2,0.316227766016838
compilebench,compilebench/jq-windows2,jq-windows2,0.8318068966993998,0.16819310330060022,16,easy,0.834375,0.834375,0.2155797053875897
reasoning-gym,reasoning-gym/reasoning-gym-arc-arc-1d-easy00cea0a5-seed45-0,reasoning-gym-arc-arc-1d-easy00cea0a5-seed45-0,0.8318427344946733,0.16815726550532673,16,easy,0.7124999999999999,0.7124999999999999,0.338886042793149
reasoning-gym,reasoning-gym/reasoning-gym-games-tsumego-hard0292e21f-seed45-0,reasoning-gym-games-tsumego-hard0292e21f-seed45-0,0.8318427344946733,0.16815726550532673,16,easy,0.818125,0.818125,0.2707909421952662
mmmlu,mmmlu/mmmlu-yo-ng-00141,mmmlu-yo-ng-00141,0.8318910415526272,0.16810895844737284,16,hard,0.0875,0.0875,0.1727534370135656
swe-lancer,swe-lancer/18813-manager-0,18813-manager-0,0.8319774254314063,0.1680225745685937,16,easy,0.7124999999999999,0.7124999999999999,0.3805834336909582
gpqa-diamond,gpqa-diamond/114,114,0.8320502943378439,0.16794970566215606,16,easy,0.95,0.95,0.0866025403784438
bigcodebench,bigcodebench/bigcodebench_560,bigcodebench_560,0.832050294337844,0.16794970566215595,16,hard,0.05,0.05,0.0866025403784438
bigcodebench,bigcodebench/bigcodebench_952,bigcodebench_952,0.832050294337844,0.16794970566215595,16,frontier,0.0375,0.0375,0.0780624749799799
swebenchpro,swebenchpro/instance_flipt-io__flipt-aebaecd026f752b187f11328b0d464761b15d2ab,instance_flipt-io__flipt-aebaecd026f752b187f11328b0d464761b15d2ab,0.832090658256898,0.16790934174310201,16,easy,0.7625,0.7625,0.3018174116912409
labbench,labbench/figqa-0083,figqa-0083,0.8321416180451031,0.16785838195489688,16,medium,0.475,0.475,0.3929058411375427
gpqa-diamond,gpqa-diamond/142,142,0.8321691109639705,0.1678308890360295,16,medium,0.45,0.45,0.4153311931459038
swebench-verified,swebench-verified/astropy__astropy-13453,astropy__astropy-13453,0.8322856401765618,0.16771435982343819,16,easy,0.7375,0.7375,0.391910385164772
financeagent_terminal,financeagent_terminal/financeagent-39,financeagent-39,0.8323664360437814,0.16763356395621865,16,medium,0.4125,0.4125,0.4090767042988393
gso,gso/gso-pandas-dev--pandas-e8961f1,gso-pandas-dev--pandas-e8961f1,0.8325069238705584,0.16749307612944164,16,hard,0.0875,0.0875,0.140867845869808
algotune,algotune/algotune-randomized-svd,algotune-randomized-svd,0.8326727145994911,0.1673272854005089,16,hard,0.2397765,0.2397765,0.2359808410228995
algotune,algotune/algotune-shift-2d,algotune-shift-2d,0.8326727145994911,0.1673272854005089,16,hard,0.0550105625,0.0550105625,0.1046668176309765
simpleqa,simpleqa/simpleqa-884,simpleqa-884,0.832773502031386,0.167226497968614,16,easy,0.8,0.8,0.3605551275463989
bixbench,bixbench/bix-6-q1,bix-6-q1,0.8327779928277654,0.16722200717223457,16,medium,0.5874999999999999,0.5874999999999999,0.4029190365321549
bixbench,bixbench/bix-17-q2,bix-17-q2,0.8327779928277654,0.16722200717223457,16,medium,0.625,0.625,0.2989565185775349
dacode,dacode/dacode-data-wrangling-087,dacode-data-wrangling-087,0.8327946774991133,0.1672053225008867,14,easy,0.8374999999999999,0.8142857142857144,0.26687916703242
reasoning-gym,reasoning-gym/reasoning-gym-algorithmic-group-anagrams-easy00cea0a5-seed45-0,reasoning-gym-algorithmic-group-anagrams-easy00cea0a5-seed45-0,0.8328235045892279,0.16717649541077206,16,easy,0.8218749999999999,0.8218749999999999,0.3157178081372668
gaia,gaia/8b3379c0-0981-4f5b-8407-6444610cb212,8b3379c0-0981-4f5b-8407-6444610cb212,0.832832076239459,0.16716792376054102,16,hard,0.2125,0.2125,0.3038811445285804
hle,hle/hle/hle__66e8cfa03add731d7fce4352,hle/hle__66e8cfa03add731d7fce4352,0.8328581083723269,0.16714189162767312,16,easy,0.8375,0.8375,0.2847696437473629
hle,hle/hle/hle__66fcbff58d68a0bf3cafb696,hle/hle__66fcbff58d68a0bf3cafb696,0.832870755815962,0.16712924418403796,16,medium,0.35,0.35,0.3570714214271425
gpqa-diamond,gpqa-diamond/91,91,0.8329312006835228,0.16706879931647722,16,easy,0.75,0.75,0.3354101966249684
gpqa-diamond,gpqa-diamond/159,159,0.8329312006835228,0.16706879931647722,16,easy,0.7875000000000001,0.7875000000000001,0.3199120973017432
omnimath,omnimath/omnimath_1264,omnimath_1264,0.8329531456529162,0.16704685434708377,16,easy,0.9375,0.9375,0.1165922381636101
humanevalfix,humanevalfix/python-160,python-160,0.832993127835043,0.16700687216495702,16,easy,0.8999999999999999,0.8999999999999999,0.187082869338697
mmau,mmau/70c271b0-0a05-4e68-929a-4d0c1c393044,70c271b0-0a05-4e68-929a-4d0c1c393044,0.8331371165266971,0.16686288347330291,16,hard,0.1875,0.1875,0.335177191944798
mmau,mmau/7bdc9998-3ded-4bd4-bbb9-f90258921e47,7bdc9998-3ded-4bd4-bbb9-f90258921e47,0.8331371165266971,0.16686288347330291,16,medium,0.3125,0.3125,0.2825663638864328
swe-lancer,swe-lancer/28591-manager-0,28591-manager-0,0.833268523825286,0.16673147617471396,16,easy,0.75,0.75,0.3122498999199199
omnimath,omnimath/omnimath_3235,omnimath_3235,0.8333595796391725,0.1666404203608275,16,easy,0.775,0.775,0.2817356917396161
replicationbench,replicationbench/ver_waves__gaia_breathing_typical,ver_waves__gaia_breathing_typical,0.8333595796391725,0.1666404203608275,16,easy,0.75,0.75,0.3354101966249684
financeagent_terminal,financeagent_terminal/financeagent-49,financeagent-49,0.8334300268198988,0.16656997318010125,16,hard,0.2375,0.2375,0.2934173648576375
aider-polyglot,aider-polyglot/polyglot_java_food-chain,polyglot_java_food-chain,0.8334551405994551,0.16654485940054486,16,medium,0.375,0.375,0.3665719574653795
aider-polyglot,aider-polyglot/polyglot_rust_fizzy,polyglot_rust_fizzy,0.8334551405994551,0.16654485940054486,16,medium,0.35,0.35,0.3968626966596886
omnimath,omnimath/omnimath_1354,omnimath_1354,0.8335728375486717,0.16642716245132827,16,easy,0.7125,0.7125,0.3603383826349893
aime,aime/aime_ii-13,aime_ii-13,0.833654202732354,0.16634579726764598,16,medium,0.675,0.675,0.4054318685056713
aime,aime/aime_81,aime_81,0.833654202732354,0.16634579726764598,16,medium,0.6375,0.6375,0.3689088640843426
spreadsheetbench,spreadsheetbench/379-36,379-36,0.833662249057653,0.16633775094234704,16,easy,0.7875,0.7875,0.2689679348918751
dacode,dacode/dacode-plot-pie-015,dacode-plot-pie-015,0.8337315816391129,0.16626841836088713,14,hard,0.0625,0.0714285714285714,0.1789994869448809
aider-polyglot,aider-polyglot/polyglot_python_react,polyglot_python_react,0.8337959667992786,0.1662040332007214,16,medium,0.4125,0.4125,0.4090767042988393
reasoning-gym,reasoning-gym/reasoning-gym-algorithmic-palindrome-generation-hard0292e21f-seed45-0,reasoning-gym-algorithmic-palindrome-generation-hard0292e21f-seed45-0,0.8338326592872808,0.1661673407127192,16,medium,0.667375,0.667375,0.3980475591873413
gaia2,gaia2/gaia2-cli/0522_ausuhnnfsyc6a0fov5yiirc8ek8eofi6,gaia2-cli/0522_ausuhnnfsyc6a0fov5yiirc8ek8eofi6,0.834050860530235,0.16594913946976497,16,medium,0.303125,0.303125,0.3074434653314329
omnimath,omnimath/omnimath_1843,omnimath_1843,0.8340732857253975,0.16592671427460248,16,easy,0.7625,0.7625,0.3179524335494226
omnimath,omnimath/omnimath_2184,omnimath_2184,0.8340732857253975,0.16592671427460248,16,easy,0.8625,0.8625,0.1690968657308585
deepsynth,deepsynth/35,35,0.8342372622482892,0.1657627377517108,16,medium,0.6343749999999999,0.6343749999999999,0.4178511808945859
skillsbench,skillsbench/threejs-to-obj,threejs-to-obj,0.8343911823927488,0.1656088176072512,16,medium,0.575,0.575,0.4351723796382303
skillsbench,skillsbench/fix-build-agentops,fix-build-agentops,0.8343911823927488,0.1656088176072512,16,medium,0.45,0.45,0.3201562118716424
reasoning-gym,reasoning-gym/reasoning-gym-cognition-color-cube-rotation-hard0292e21f-seed45-2,reasoning-gym-cognition-color-cube-rotation-hard0292e21f-seed45-2,0.8346275028109231,0.16537249718907687,16,easy,0.713875,0.713875,0.3299844456561551
gaia,gaia/04a04a9b-226c-43fd-b319-d5e89743676f,04a04a9b-226c-43fd-b319-d5e89743676f,0.834873166745041,0.16512683325495903,16,hard,0.2749999999999999,0.2749999999999999,0.3526683994916471
swe-lancer,swe-lancer/44026-manager-0,44026-manager-0,0.8349657843762329,0.16503421562376708,16,easy,0.8166666874999999,0.8166666874999999,0.266145311969495
seal0,seal0/19,19,0.8352142017274279,0.16478579827257211,16,medium,0.6875,0.6875,0.3533323506275642
simpleqa,simpleqa/simpleqa-69,simpleqa-69,0.8352166814390803,0.16478331856091966,16,medium,0.4125,0.4125,0.4151430476353904
swe-lancer,swe-lancer/30138-manager-0,30138-manager-0,0.8352423148617139,0.16475768513828615,16,medium,0.5874999999999999,0.5874999999999999,0.3637908052713812
bigcodebench,bigcodebench/bigcodebench_964,bigcodebench_964,0.8352423148617139,0.16475768513828615,16,hard,0.0875,0.0875,0.186664806538351
aime,aime/aime_ii-8,aime_ii-8,0.8352521524732183,0.16474784752678173,16,easy,0.909375,0.909375,0.1602914825404019
gso,gso/gso-pandas-dev--pandas-2278923,gso-pandas-dev--pandas-2278923,0.8354020007005918,0.16459799929940822,16,medium,0.4,0.4,0.3674234614174767
swe-lancer,swe-lancer/43069-manager-0,43069-manager-0,0.835650925755271,0.164349074244729,16,medium,0.3875,0.3875,0.342554740151118
seal0,seal0/11,11,0.8357148670093858,0.1642851329906142,16,medium,0.671875,0.671875,0.3061702702337378
seal0,seal0/10,10,0.8357148670093858,0.1642851329906142,16,medium,0.6625,0.6625,0.3854785986277318
quixbugs,quixbugs/quixbugs-python-minimum_spanning_tree,quixbugs-python-minimum_spanning_tree,0.8357975588951791,0.16420244110482085,16,easy,0.7458333125000001,0.7458333125000001,0.3172965498092279
hle,hle/hle/hle__6724ffb21d07f0962c8993cf,hle/hle__6724ffb21d07f0962c8993cf,0.8358211534077089,0.1641788465922911,16,hard,0.225,0.225,0.3152380053229623
gaia,gaia/d5141ca5-e7a0-469f-bf3e-e773507c86e2,d5141ca5-e7a0-469f-bf3e-e773507c86e2,0.835843735818294,0.16415626418170604,16,medium,0.45,0.45,0.4031128874149275
spider2,spider2/hive001,hive001,0.8358496305096359,0.1641503694903641,16,medium,0.675,0.675,0.3929058411375427
gaia,gaia/5d0080cb-90d7-4712-bc33-848150e917d3,5d0080cb-90d7-4712-bc33-848150e917d3,0.8358875103129648,0.16411248968703518,16,medium,0.575,0.575,0.3864906208435076
aider-polyglot,aider-polyglot/polyglot_cpp_clock,polyglot_cpp_clock,0.8358898240621933,0.16411017593780675,16,medium,0.3125,0.3125,0.3237958461747154
gpqa-diamond,gpqa-diamond/75,75,0.8359549582913284,0.16404504170867162,16,medium,0.5375,0.5375,0.3789376597806029
gpqa-diamond,gpqa-diamond/89,89,0.8359549582913284,0.16404504170867162,16,medium,0.5,0.5,0.4301162633521313
bigcodebench,bigcodebench/bigcodebench_1004,bigcodebench_1004,0.8359942956105635,0.1640057043894365,16,medium,0.6625000000000001,0.6625000000000001,0.3854785986277318
bigcodebench,bigcodebench/bigcodebench_657,bigcodebench_657,0.8359942956105635,0.1640057043894365,16,hard,0.125,0.125,0.1561249499599599
skillsbench,skillsbench/paper-anonymizer,paper-anonymizer,0.8360191012972777,0.16398089870272226,16,hard,0.275,0.275,0.3799671038392666
dacode,dacode/dacode-data-wrangling-077,dacode-data-wrangling-077,0.8361391636086623,0.16386083639133775,14,easy,0.8656250000000001,0.8464285714285715,0.2363897249053273
labbench,labbench/figqa-0002,figqa-0002,0.8363322691585592,0.16366773084144082,16,hard,0.2,0.2,0.3391164991562634
labbench,labbench/figqa-0044,figqa-0044,0.8363322691585592,0.16366773084144082,16,medium,0.3875,0.3875,0.3966657913155608
reasoning-gym,reasoning-gym/reasoning-gym-code-codeio-hard0292e21f-seed45-1,reasoning-gym-code-codeio-hard0292e21f-seed45-1,0.836366056907939,0.16363394309206103,16,hard,0.13196875,0.13196875,0.2610503105695098
reasoning-gym,reasoning-gym/reasoning-gym-algorithmic-letter-jumble-hard0292e21f-seed45-0,reasoning-gym-algorithmic-letter-jumble-hard0292e21f-seed45-0,0.836366056907939,0.16363394309206103,14,medium,0.6079545625,0.5917749285714287,0.3640013426536196
swebenchpro,swebenchpro/instance_qutebrowser__qutebrowser-233cb1cc48635130e5602549856a6fa4ab4c087f-v35616345bb8052ea303186706cec663146f0f184,instance_qutebrowser__qutebrowser-233cb1cc48635130e5602549856a6fa4ab4c087f-v35616345bb8052ea303186706cec663146f0f184,0.8364896408367019,0.16351035916329815,16,medium,0.35,0.35,0.3201562118716424
skillsbench,skillsbench/earthquake-plate-calculation,earthquake-plate-calculation,0.8366934440593246,0.16330655594067545,16,hard,0.25,0.25,0.3570714214271425
swesmith,swesmith/oauthlib__oauthlib.1fd52536.combine_file__8vq3niwz,oauthlib__oauthlib.1fd52536.combine_file__8vq3niwz,0.8367978827062922,0.16320211729370782,16,medium,0.325,0.325,0.3230711995830022
seal0,seal0/14,14,0.8370326459978906,0.16296735400210938,16,medium,0.6125,0.6125,0.460807714779169
seal0,seal0/16,16,0.8370326459978906,0.16296735400210938,16,medium,0.5499999999999999,0.5499999999999999,0.3905124837953327
seal0,seal0/41,41,0.8370446386745413,0.16295536132545874,16,hard,0.225,0.225,0.2989565185775349
seal0,seal0/56,56,0.8370446386745413,0.16295536132545874,16,hard,0.0625,0.0625,0.1536025715930563
labbench,labbench/figqa-0076,figqa-0076,0.8370492777358761,0.16295072226412388,16,medium,0.35,0.35,0.3640054944640259
labbench,labbench/figqa-0023,figqa-0023,0.8370492777358761,0.16295072226412388,16,medium,0.325,0.325,0.373329613076702
dacode,dacode/dacode-di-csv-036,dacode-di-csv-036,0.8372345250088289,0.1627654749911711,14,medium,0.4125,0.4107142857142857,0.1104836307018429
omnimath,omnimath/omnimath_2252,omnimath_2252,0.8372928426556221,0.1627071573443779,16,easy,0.7375,0.7375,0.3139964171770117
aider-polyglot,aider-polyglot/polyglot_python_dot-dsl,polyglot_python_dot-dsl,0.8372981906128911,0.16270180938710888,16,hard,0.275,0.275,0.4054318685056713
dacode,dacode/dacode-ml-binary-011,dacode-ml-binary-011,0.8374888175132253,0.16251118248677465,14,hard,0.095417,0.109048,0.1617737490641968
hle,hle/hle/hle__67161c234a4190fbded30b8f,hle/hle__67161c234a4190fbded30b8f,0.8375563584588034,0.16244364154119662,16,hard,0.1375,0.1375,0.2420614591379636
gpqa-diamond,gpqa-diamond/39,39,0.8376072926065729,0.16239270739342715,16,easy,0.8999999999999999,0.8999999999999999,0.1999999999999999
hle,hle/hle/hle__66fcff257870c26149f4615d,hle/hle__66fcff257870c26149f4615d,0.837629482642265,0.162370517357735,16,medium,0.4374999999999999,0.4374999999999999,0.3950870157319777
spreadsheetbench,spreadsheetbench/262-17,262-17,0.8378228820643903,0.16217711793560974,16,easy,0.7749999999999999,0.7749999999999999,0.3665719574653795
bigcodebench,bigcodebench/bigcodebench_513,bigcodebench_513,0.8380239287343855,0.16197607126561453,16,medium,0.4875,0.4875,0.3533323506275642
scicode,scicode/scicode-19,scicode-19,0.83819484907824,0.16180515092175995,16,easy,0.8125,0.8125,0.3018174116912409
mmau,mmau/382905b7-9d0c-4a6a-bf84-cc4635b65586,382905b7-9d0c-4a6a-bf84-cc4635b65586,0.8382309660304493,0.16176903396955067,16,easy,0.9125,0.9125,0.186664806538351
gaia,gaia/983bba7c-c092-455f-b6c9-7857003d48fc,983bba7c-c092-455f-b6c9-7857003d48fc,0.8382496685023116,0.16175033149768836,16,medium,0.65,0.65,0.3427827300200522
seal0,seal0/74,74,0.8382719893559578,0.16172801064404219,16,medium,0.675,0.675,0.3455068740271313
seal0,seal0/23,23,0.8382719893559578,0.16172801064404219,16,medium,0.625,0.625,0.3992179855667828
gaia,gaia/b415aba4-4b68-4fc6-9b89-2c812e55a3e1,b415aba4-4b68-4fc6-9b89-2c812e55a3e1,0.8383692285426303,0.1616307714573697,16,medium,0.4125,0.4125,0.4090767042988393
terminal-bench,terminal-bench/write-compressor,write-compressor,0.8384205319821147,0.16157946801788525,16,medium,0.35,0.35,0.4092676385936225
seal0,seal0/42,42,0.8384730886319222,0.16152691136807784,16,frontier,0.025,0.025,0.0661437827766147
seal0,seal0/52,52,0.8384730886319222,0.16152691136807784,16,hard,0.0875,0.0875,0.140867845869808
gaia,gaia/d700d50d-c707-4dca-90dc-4528cddd0c80,d700d50d-c707-4dca-90dc-4528cddd0c80,0.8386237357520607,0.16137626424793927,16,easy,0.85,0.85,0.2958039891549808
algotune,algotune/algotune-lu-factorization,algotune-lu-factorization,0.8386927277744183,0.16130727222558172,16,hard,0.0982546875,0.0982546875,0.118729513590092
algotune,algotune/algotune-pagerank,algotune-pagerank,0.8386927277744183,0.16130727222558172,16,medium,0.3377385625,0.3377385625,0.3456798744892029
seal0,seal0/32,32,0.8387031420618739,0.1612968579381261,16,medium,0.590625,0.590625,0.3606499124843925
seal0,seal0/22,22,0.8387031420618739,0.1612968579381261,16,medium,0.45,0.45,0.4272001872658766
bfcl,bfcl/bfcl-live-multiple-563-155-3,bfcl-live-multiple-563-155-3,0.8387581675577134,0.16124183244228663,16,hard,0.2,0.2,0.3391164991562634
bfcl,bfcl/bfcl-live-irrelevance-184-31-3,bfcl-live-irrelevance-184-31-3,0.8387581675577134,0.16124183244228663,16,easy,0.75,0.75,0.3427827300200522
hle,hle/hle/hle__671d42b4a2d3581545c21fec,hle/hle__671d42b4a2d3581545c21fec,0.8388007526401152,0.16119924735988478,16,easy,0.7125,0.7125,0.3533323506275642
omnimath,omnimath/omnimath_3836,omnimath_3836,0.839047078536121,0.16095292146387896,16,hard,0.2,0.2,0.3535533905932738
omnimath,omnimath/omnimath_2659,omnimath_2659,0.839047078536121,0.16095292146387896,16,hard,0.1875,0.1875,0.2781074432660874
deepsynth,deepsynth/31,31,0.8390606588670276,0.16093934113297237,16,hard,0.2333334999999999,0.2333334999999999,0.250554978442357
labbench,labbench/figqa-0054,figqa-0054,0.8392795981688338,0.1607204018311662,16,medium,0.3,0.3,0.3535533905932738
omnimath,omnimath/omnimath_2617,omnimath_2617,0.8392869090622529,0.1607130909377471,16,easy,0.8,0.8,0.2645751311064591
omnimath,omnimath/omnimath_2534,omnimath_2534,0.8395366596730667,0.16046334032693332,16,saturated,0.9625,0.9625,0.1452368754827781
crmarena,crmarena/crmarena_0672_handle_time,crmarena_0672_handle_time,0.8396630983360835,0.16033690166391645,16,medium,0.6000000000000001,0.6000000000000001,0.3
pixiu,pixiu/pixiu-ccf-ccf000003,pixiu-ccf-ccf000003,0.8398109043372551,0.16018909566274486,16,medium,0.5125,0.5125,0.429934588047996
crustbench,crustbench/crustbench-hamta,crustbench-hamta,0.839892282532369,0.16010771746763097,13,medium,0.4166666875,0.4205128461538461,0.3579472661788317
skillsbench,skillsbench/trend-anomaly-causal-inference,trend-anomaly-causal-inference,0.8399881654766774,0.16001183452332257,16,easy,0.7011725,0.7011725,0.2575830016591739
reasoning-gym,reasoning-gym/reasoning-gym-games-emoji-mystery-easy00cea0a5-seed45-1,reasoning-gym-games-emoji-mystery-easy00cea0a5-seed45-1,0.8401815483595346,0.15981845164046538,15,medium,0.613668875,0.6014234,0.3855251851857498
reasoning-gym,reasoning-gym/reasoning-gym-geometry-simple-geometry-hard0292e21f-seed45-0,reasoning-gym-geometry-simple-geometry-hard0292e21f-seed45-0,0.8403176746470447,0.15968232535295535,16,easy,0.8166666250000001,0.8166666250000001,0.2477678488918293
algotune,algotune/algotune-elementwise-integration,algotune-elementwise-integration,0.8404010004954064,0.15959899950459355,16,hard,0.1616078749999999,0.1616078749999999,0.2484895315951144
algotune,algotune/algotune-cyclic-independent-set,algotune-cyclic-independent-set,0.8404010004954064,0.15959899950459355,16,hard,0.1675625624999999,0.1675625624999999,0.3488367577381232
skillsbench,skillsbench/simpo-code-reproduction,simpo-code-reproduction,0.8404256664077352,0.1595743335922648,16,hard,0.2375,0.2375,0.3689088640843426
seal0,seal0/69,69,0.8406358924585351,0.1593641075414649,16,hard,0.0625,0.0625,0.1964529205687714
seal0,seal0/34,34,0.8406358924585351,0.1593641075414649,16,hard,0.1625,0.1625,0.3018174116912409
skillsbench,skillsbench/energy-market-pricing,energy-market-pricing,0.8408395865658977,0.15916041343410225,16,medium,0.4874999999999999,0.4874999999999999,0.3603383826349893
hle,hle/hle/hle__673c138655928a6b1b360ada,hle/hle__673c138655928a6b1b360ada,0.8408457139909631,0.15915428600903692,16,easy,0.725,0.725,0.3665719574653794
swesmith,swesmith/oauthlib__oauthlib.1fd52536.combine_file__hj9rweie,oauthlib__oauthlib.1fd52536.combine_file__hj9rweie,0.8408757795658726,0.15912422043412744,16,hard,0.184375,0.184375,0.2714076442825441
reasoning-gym,reasoning-gym/reasoning-gym-arithmetic-bitwise-arithmetic-easy00cea0a5-seed45-2,reasoning-gym-arithmetic-bitwise-arithmetic-easy00cea0a5-seed45-2,0.8410305212485294,0.1589694787514706,16,saturated,0.975,0.975,0.0968245836551854
reasoning-gym,reasoning-gym/reasoning-gym-arithmetic-bitwise-arithmetic-easy00cea0a5-seed45-1,reasoning-gym-arithmetic-bitwise-arithmetic-easy00cea0a5-seed45-1,0.8410305212485294,0.1589694787514706,16,easy,0.8968750000000001,0.8968750000000001,0.2139427128345342
dacode,dacode/dacode-ml-competition-011,dacode-ml-competition-011,0.841062667670535,0.15893733232946505,14,hard,0.234600625,0.2425412857142857,0.2484013826524173
dacode,dacode/dacode-data-wrangling-070,dacode-data-wrangling-070,0.841062667670535,0.15893733232946505,14,hard,0.24,0.2628571428571428,0.3318224260790394
omnimath,omnimath/omnimath_4334,omnimath_4334,0.8411219944894258,0.15887800551057418,16,easy,0.8375,0.8375,0.2570870475150391
omnimath,omnimath/omnimath_2417,omnimath_2417,0.8411219944894258,0.15887800551057418,16,saturated,0.975,0.975,0.0968245836551854
seal0,seal0/9,9,0.8412000910982588,0.15879990890174123,16,medium,0.546875,0.546875,0.3407109983182227
seal0,seal0/31,31,0.8412000910982588,0.15879990890174123,16,medium,0.375,0.375,0.3072051431861127
omnimath,omnimath/omnimath_2422,omnimath_2422,0.8412094642868541,0.15879053571314594,16,easy,0.9375,0.9375,0.1165922381636101
reasoning-gym,reasoning-gym/reasoning-gym-algorithmic-binary-alternation-easy00cea0a5-seed45-0,reasoning-gym-algorithmic-binary-alternation-easy00cea0a5-seed45-0,0.8412289848367012,0.15877101516329883,16,easy,0.925,0.925,0.1198957880828179
replicationbench,replicationbench/bayes_cal__load_cal,bayes_cal__load_cal,0.8412459307597668,0.15875406924023316,16,medium,0.45,0.45,0.3840572873934304
aime,aime/aime_64,aime_64,0.841269797597903,0.158730202402097,16,saturated,0.9541666875,0.9541666875,0.099215613795611
aime,aime/aime_ii-3,aime_ii-3,0.841269797597903,0.158730202402097,16,saturated,0.975,0.975,0.0661437827766147
research-code-bench,research-code-bench/tanh-init_identity_matrix,tanh-init_identity_matrix,0.8412698412698413,0.15873015873015872,16,hard,0.1,0.1,0.2645751311064591
gaia,gaia/6f37996b-2ac7-44b0-8e68-6d28256631b4,6f37996b-2ac7-44b0-8e68-6d28256631b4,0.841498645714207,0.15850135428579304,16,medium,0.4625,0.4625,0.4621620386834038
gaia,gaia/50ec8903-b81f-4257-9450-1085afd2c319,50ec8903-b81f-4257-9450-1085afd2c319,0.841498645714207,0.15850135428579304,16,medium,0.6000000000000001,0.6000000000000001,0.4242640687119285
swebenchpro,swebenchpro/instance_gravitational__teleport-32bcd71591c234f0d8b091ec01f1f5cbfdc0f13c-vee9b09fb20c43af7e520f57e9239bbcf46b7113d,instance_gravitational__teleport-32bcd71591c234f0d8b091ec01f1f5cbfdc0f13c-vee9b09fb20c43af7e520f57e9239bbcf46b7113d,0.8415528231613245,0.15844717683867549,16,medium,0.4125,0.4125,0.4029190365321549
swebenchpro,swebenchpro/instance_nodebb__nodebb-4327a09d76f10a79109da9d91c22120428d3bdb9-vnan,instance_nodebb__nodebb-4327a09d76f10a79109da9d91c22120428d3bdb9-vnan,0.8415528231613245,0.15844717683867549,16,medium,0.5874999999999999,0.5874999999999999,0.3838538133196021
labbench,labbench/figqa-0107,figqa-0107,0.841706456688542,0.15829354331145795,16,medium,0.6125,0.6125,0.3038811445285804
gaia,gaia/cca530fc-4052-43b2-b130-b30968d8aa44,cca530fc-4052-43b2-b130-b30968d8aa44,0.8419228416327196,0.15807715836728042,16,hard,0.1,0.1,0.2121320343559642
reasoning-gym,reasoning-gym/reasoning-gym-games-emoji-mystery-hard0292e21f-seed45-2,reasoning-gym-games-emoji-mystery-hard0292e21f-seed45-2,0.8419268211566744,0.1580731788433256,15,medium,0.66475,0.6556,0.3872179059220617
featurebench-modal,featurebench-modal/mlflow__mlflow.93dab383.test_abstract_store.e5ff5123.lv1,mlflow__mlflow.93dab383.test_abstract_store.e5ff5123.lv1,0.8420364278710237,0.15796357212897627,16,hard,0.225,0.225,0.3072051431861127
qcircuitbench,qcircuitbench/simon-n8,simon-n8,0.8422946928483934,0.15770530715160658,16,medium,0.6174999999999999,0.6174999999999999,0.4284784125250652
omnimath,omnimath/omnimath_1451,omnimath_1451,0.8423906471348814,0.15760935286511857,16,medium,0.6375,0.6375,0.3179524335494226
gso,gso/gso-numpy--numpy-8dd6761,gso-numpy--numpy-8dd6761,0.8425608199604725,0.1574391800395275,16,hard,0.1,0.1,0.1414213562373095
reasoning-gym,reasoning-gym/reasoning-gym-algorithmic-binary-matrix-easy00cea0a5-seed45-2,reasoning-gym-algorithmic-binary-matrix-easy00cea0a5-seed45-2,0.8426505562964101,0.15734944370358994,16,easy,0.875,0.875,0.2222048604328897
scicode,scicode/scicode-31,scicode-31,0.8427476390065504,0.15725236099344964,16,medium,0.321874875,0.321874875,0.1620955316213539
mmau,mmau/3452703b-ca3b-4f6c-bccc-0b24a053cf0a,3452703b-ca3b-4f6c-bccc-0b24a053cf0a,0.8429197679212586,0.15708023207874144,16,hard,0.0875,0.0875,0.2446298223847615
mmau,mmau/31564584-4c55-4f17-b013-62afc898c135,31564584-4c55-4f17-b013-62afc898c135,0.8429197679212586,0.15708023207874144,16,frontier,0.0375,0.0375,0.1053268721647044
omnimath,omnimath/omnimath_3045,omnimath_3045,0.8429292366973972,0.15707076330260283,16,medium,0.5625,0.5625,0.3550968177835448
deepsynth,deepsynth/47,47,0.8429782006008079,0.15702179939919214,16,medium,0.4395833125,0.4395833125,0.4084555415551242
swe-lancer,swe-lancer/27106-manager-0,27106-manager-0,0.8430751513214646,0.1569248486785354,16,hard,0.1375,0.1375,0.2521780125229002
hle,hle/hle/hle__674818a0d2dbfbb2e99bd257,hle/hle__674818a0d2dbfbb2e99bd257,0.8432421411638403,0.15675785883615967,16,medium,0.4875,0.4875,0.3805834336909582
pixiu,pixiu/pixiu-finerord-finerord11,pixiu-finerord-finerord11,0.8432957521951271,0.1567042478048729,16,easy,0.932728875,0.932728875,0.0966490009143104
replicationbench,replicationbench/bayes_cal__hot_temp,bayes_cal__hot_temp,0.843301877421398,0.15669812257860205,16,easy,0.825,0.825,0.2817356917396161
gpqa-diamond,gpqa-diamond/52,52,0.8433018774213981,0.15669812257860194,16,easy,0.9125,0.9125,0.140867845869808
crmarena,crmarena/crmarena_0735_handle_time,crmarena_0735_handle_time,0.843842240588517,0.15615775941148302,16,medium,0.4875,0.4875,0.3672107705392095
dacode,dacode/dacode-dm-csv-014,dacode-dm-csv-014,0.8440043324336887,0.15599566756631134,14,easy,0.7875000000000001,0.7571428571428571,0.3559981655536318
research-code-bench,research-code-bench/schedule_free_warmup_schedule,schedule_free_warmup_schedule,0.8441554696867517,0.1558445303132483,16,medium,0.3375,0.3375,0.4512136411945011
financeagent_terminal,financeagent_terminal/financeagent-21,financeagent-21,0.8442951155513538,0.15570488444864616,16,medium,0.3625,0.3625,0.3099899191909311
reasoning-gym,reasoning-gym/reasoning-gym-cognition-modulo-grid-hard0292e21f-seed45-0,reasoning-gym-cognition-modulo-grid-hard0292e21f-seed45-0,0.844347017480042,0.15565298251995796,16,medium,0.5562367500000001,0.5562367500000001,0.3963779400635995
bigcodebench,bigcodebench/bigcodebench_1137,bigcodebench_1137,0.8443554859301841,0.15564451406981594,16,medium,0.7,0.7,0.2549509756796392
bigcodebench,bigcodebench/bigcodebench_511,bigcodebench_511,0.8443554859301841,0.15564451406981594,16,easy,0.7875,0.7875,0.2496873044429772
labbench,labbench/figqa-0112,figqa-0112,0.8443631394807676,0.15563686051923242,16,medium,0.5625,0.5625,0.3479852726768763
aider-polyglot,aider-polyglot/polyglot_go_food-chain,polyglot_go_food-chain,0.8444855065558494,0.15551449344415058,16,medium,0.6000000000000001,0.6000000000000001,0.324037034920393
scicode,scicode/scicode-26,scicode-26,0.8445302809696319,0.1554697190303681,16,medium,0.456250125,0.456250125,0.3231181153898824
skillsbench,skillsbench/invoice-fraud-detection,invoice-fraud-detection,0.8446516354424753,0.15534836455752465,16,hard,0.175,0.175,0.2331844763272204
medagentbench,medagentbench/task9_10,task9_10,0.8448897996749304,0.1551102003250696,16,medium,0.475,0.475,0.373329613076702
aider-polyglot,aider-polyglot/polyglot_cpp_grade-school,polyglot_cpp_grade-school,0.8449250292687192,0.15507497073128085,16,medium,0.55,0.55,0.4031128874149274
gso,gso/gso-numpy--numpy-7ff7ec7,gso-numpy--numpy-7ff7ec7,0.8449284361466884,0.15507156385331156,16,hard,0.2625,0.2625,0.3515590277606308
gso,gso/gso-pandas-dev--pandas-c6cf37a,gso-pandas-dev--pandas-c6cf37a,0.8449284361466884,0.15507156385331156,16,medium,0.35,0.35,0.3640054944640259
simpleqa,simpleqa/simpleqa-4236,simpleqa-4236,0.8450224662787035,0.15497753372129652,16,easy,0.7875,0.7875,0.3497767144908306
simpleqa,simpleqa/simpleqa-20,simpleqa-20,0.8450224662787035,0.15497753372129652,16,easy,0.8875,0.8875,0.299739470207045
swebenchpro,swebenchpro/instance_flipt-io__flipt-3ef34d1fff012140ba86ab3cafec8f9934b492be,instance_flipt-io__flipt-3ef34d1fff012140ba86ab3cafec8f9934b492be,0.8450996034785173,0.15490039652148269,16,medium,0.4,0.4,0.3464101615137755
aime,aime/aime_i-2,aime_i-2,0.8451542547285161,0.15484574527148387,16,easy,0.95,0.95,0.1118033988749894
arc-agi-2,arc-agi-2/6ffbe589_0,6ffbe589_0,0.8451542547285161,0.15484574527148387,16,hard,0.05,0.05,0.1118033988749895
aime,aime/aime_ii-1,aime_ii-1,0.8451542547285161,0.15484574527148387,16,saturated,0.975,0.975,0.0661437827766147
reasoning-gym,reasoning-gym/reasoning-gym-arithmetic-fraction-simplification-hard0292e21f-seed45-0,reasoning-gym-arithmetic-fraction-simplification-hard0292e21f-seed45-0,0.8451542547285162,0.15484574527148376,16,saturated,0.975,0.975,0.0661437827766147
gpqa-diamond,gpqa-diamond/135,135,0.8451542547285162,0.15484574527148376,16,saturated,0.975,0.975,0.0661437827766147
medagentbench,medagentbench/task7_7,task7_7,0.8451542547285164,0.15484574527148365,16,hard,0.05,0.05,0.1118033988749895
reasoning-gym,reasoning-gym/reasoning-gym-algebra-simple-equations-hard0292e21f-seed45-0,reasoning-gym-algebra-simple-equations-hard0292e21f-seed45-0,0.8451542547285164,0.15484574527148365,16,easy,0.925,0.925,0.1984313483298443
omnimath,omnimath/omnimath_3130,omnimath_3130,0.8451542547285164,0.15484574527148365,16,saturated,0.975,0.975,0.0661437827766147
medagentbench,medagentbench/task7_20,task7_20,0.8451542547285164,0.15484574527148365,16,frontier,0.025,0.025,0.0661437827766147
featurebench-modal,featurebench-modal/mlflow__mlflow.93dab383.test_judge_tool_search_traces.cad8fc4b.lv1,mlflow__mlflow.93dab383.test_judge_tool_search_traces.cad8fc4b.lv1,0.8451542547285167,0.15484574527148331,16,frontier,0.025,0.025,0.0661437827766147
featurebench-modal,featurebench-modal/huggingface__transformers.e2e8dbed.test_modeling_vitpose.30ffd86e.lv1,huggingface__transformers.e2e8dbed.test_modeling_vitpose.30ffd86e.lv1,0.8451542547285167,0.15484574527148331,16,hard,0.05,0.05,0.1118033988749895
terminal-bench,terminal-bench/distribution-search,distribution-search,0.8451673146658527,0.1548326853341473,16,easy,0.8375,0.8375,0.3018174116912409
skillsbench,skillsbench/pdf-excel-diff,pdf-excel-diff,0.8452799188812782,0.15472008111872182,16,easy,0.7124999999999999,0.7124999999999999,0.338886042793149
omnimath,omnimath/omnimath_2109,omnimath_2109,0.8454428582445462,0.15455714175545376,16,easy,0.9375,0.9375,0.1536025715930563
crmarena,crmarena/crmarena_0116_knowledge_qa,crmarena_0116_knowledge_qa,0.8454959965580415,0.15450400344195847,16,hard,0.2725130624999999,0.2725130624999999,0.1681262352328112
featurebench-modal,featurebench-modal/mwaskom__seaborn.7001ebe7.test_line.25304a8b.lv1,mwaskom__seaborn.7001ebe7.test_line.25304a8b.lv1,0.8455712106045034,0.15442878939549665,16,hard,0.0875,0.0875,0.1727534370135656
labbench,labbench/figqa-0125,figqa-0125,0.8458410929196717,0.1541589070803283,16,medium,0.45,0.45,0.3201562118716424
gso,gso/gso-pandas-dev--pandas-1c2ad16,gso-pandas-dev--pandas-1c2ad16,0.8459904607025892,0.1540095392974108,16,medium,0.3874999999999999,0.3874999999999999,0.3838538133196021
dacode,dacode/dacode-di-text-030,dacode-di-text-030,0.8460699150780359,0.15393008492196414,14,easy,0.8375,0.8285714285714285,0.2249716535431946
swtbench,swtbench/matplotlib__matplotlib-24177,matplotlib__matplotlib-24177,0.8460839061689593,0.15391609383104066,15,medium,0.5875,0.5866666666666666,0.4030991055421593
arc-agi-2,arc-agi-2/71e489b6_0,71e489b6_0,0.8460860817447139,0.1539139182552861,16,hard,0.25,0.25,0.3278719262151
featurebench-modal,featurebench-modal/sphinx-doc__sphinx.e347e59c.test_command_line.039d53a2.lv1,sphinx-doc__sphinx.e347e59c.test_command_line.039d53a2.lv1,0.846131829772496,0.153868170227504,16,medium,0.4624999999999999,0.4624999999999999,0.4342738191510052
gpqa-diamond,gpqa-diamond/101,101,0.8462781860398471,0.15372181396015294,16,easy,0.9125,0.9125,0.140867845869808
gpqa-diamond,gpqa-diamond/92,92,0.8462781860398471,0.15372181396015294,16,medium,0.675,0.675,0.4115519408288582
labbench,labbench/figqa-0007,figqa-0007,0.8462870854242839,0.15371291457571612,16,medium,0.45,0.45,0.3905124837953327
bixbench,bixbench/bix-51-q2,bix-51-q2,0.8463060730883728,0.1536939269116272,16,easy,0.85,0.85,0.2397915761656359
swesmith,swesmith/oauthlib__oauthlib.1fd52536.combine_file__9la56fhh,oauthlib__oauthlib.1fd52536.combine_file__9la56fhh,0.8463247840152731,0.1536752159847269,16,hard,0.13125,0.13125,0.2014595182660774
swe-lancer,swe-lancer/24368-manager-0,24368-manager-0,0.8463272660560104,0.15367273394398961,16,hard,0.1,0.1,0.2449489742783178
swe-lancer,swe-lancer/18434-manager-0,18434-manager-0,0.8463272660560104,0.15367273394398961,16,easy,0.8500000000000001,0.8500000000000001,0.229128784747792
medagentbench,medagentbench/task9_29,task9_29,0.8463272660560107,0.15367273394398928,16,medium,0.4,0.4,0.324037034920393
reasoning-gym,reasoning-gym/reasoning-gym-games-tsumego-easy00cea0a5-seed45-2,reasoning-gym-games-tsumego-easy00cea0a5-seed45-2,0.8465057959293172,0.15349420407068282,16,easy,0.8556250000000001,0.8556250000000001,0.1945497606654914
hle,hle/hle/hle__67038476397cc8defc4de8ff,hle/hle__67038476397cc8defc4de8ff,0.8465365980281424,0.1534634019718576,16,medium,0.625,0.625,0.44087980221371
labbench,labbench/figqa-0130,figqa-0130,0.8465992489198693,0.15340075108013074,16,easy,0.7375,0.7375,0.2891258376555094
labbench,labbench/figqa-0033,figqa-0033,0.8465992489198693,0.15340075108013074,16,easy,0.825,0.825,0.2106537443294089
qcircuitbench,qcircuitbench/clifford_1-n3,clifford_1-n3,0.8466671400514254,0.1533328599485746,16,medium,0.6049,0.6049,0.2825478278097356
reasoning-gym,reasoning-gym/reasoning-gym-algebra-polynomial-equations-hard0292e21f-seed45-1,reasoning-gym-algebra-polynomial-equations-hard0292e21f-seed45-1,0.8468400951013082,0.1531599048986918,16,saturated,0.975,0.975,0.0661437827766147
reasoning-gym,reasoning-gym/reasoning-gym-games-knight-swap-easy00cea0a5-seed45-0,reasoning-gym-games-knight-swap-easy00cea0a5-seed45-0,0.846841225680227,0.15315877431977298,16,hard,0.05,0.05,0.1118033988749895
featurebench-modal,featurebench-modal/pandas-dev__pandas.82fa2715.test_sample.5d2ba03e.lv1,pandas-dev__pandas.82fa2715.test_sample.5d2ba03e.lv1,0.8468732056137015,0.1531267943862985,16,hard,0.125,0.125,0.1854049621773915
bigcodebench,bigcodebench/bigcodebench_1039,bigcodebench_1039,0.8470518326241786,0.1529481673758214,16,hard,0.125,0.125,0.2331844763272203
bigcodebench,bigcodebench/bigcodebench_1129,bigcodebench_1129,0.8470518326241786,0.1529481673758214,16,hard,0.25,0.25,0.3354101966249684
gaia,gaia/8f80e01c-1296-4371-9486-bb3d68651a60,8f80e01c-1296-4371-9486-bb3d68651a60,0.8470920861219058,0.15290791387809421,16,medium,0.4125,0.4125,0.4328322423295196
skillsbench,skillsbench/exoplanet-detection-period,exoplanet-detection-period,0.847118297587333,0.15288170241266696,16,medium,0.4208333125,0.4208333125,0.418143221451502
skillsbench,skillsbench/glm-lake-mendota,glm-lake-mendota,0.847118297587333,0.15288170241266696,16,medium,0.5625,0.5625,0.3550968177835448
spreadsheetbench,spreadsheetbench/38969,38969,0.8471402061411882,0.15285979385881177,16,medium,0.675,0.675,0.3929058411375427
scicode,scicode/scicode-8,scicode-8,0.8472992955694686,0.1527007044305314,16,medium,0.5125,0.5125,0.4580870550452174
livecodebench,livecodebench/arc196_a,arc196_a,0.8474050885671739,0.1525949114328261,16,hard,0.2875,0.2875,0.3998046397929869
widesearch,widesearch/widesearch/widesearch-ws-zh-060,widesearch/widesearch-ws-zh-060,0.8474415411432377,0.15255845885676234,16,medium,0.44023375,0.44023375,0.2221952185690266
dacode,dacode/dacode-plot-bar-010,dacode-plot-bar-010,0.8476290894688449,0.15237091053115515,14,medium,0.4125,0.4285714285714285,0.3692242280948596
featurebench-modal,featurebench-modal/mlflow__mlflow.93dab383.test_validation.2e1c5076.lv1,mlflow__mlflow.93dab383.test_validation.2e1c5076.lv1,0.8476495136740672,0.15235048632593284,16,hard,0.2625,0.2625,0.2521780125229002
gaia,gaia/bda648d7-d618-4883-88f4-3466eabd860e,bda648d7-d618-4883-88f4-3466eabd860e,0.8477719422298434,0.15222805777015658,16,easy,0.73125,0.73125,0.2930843521923338
reasoning-gym,reasoning-gym/reasoning-gym-algorithmic-manipulate-matrix-easy00cea0a5-seed45-1,reasoning-gym-algorithmic-manipulate-matrix-easy00cea0a5-seed45-1,0.8477782281035484,0.15222177189645159,16,medium,0.6625000000000001,0.6625000000000001,0.3585997071945263
swebenchpro,swebenchpro/instance_tutao__tutanota-1e516e989b3c0221f4af6b297d9c0e4c43e4adc3-vbc0d9ba8f0071fbe982809910959a6ff8884dbbf,instance_tutao__tutanota-1e516e989b3c0221f4af6b297d9c0e4c43e4adc3-vbc0d9ba8f0071fbe982809910959a6ff8884dbbf,0.8477842085808144,0.15221579141918562,16,medium,0.6499999999999999,0.6499999999999999,0.3640054944640259
dacode,dacode/dacode-di-text-020,dacode-di-text-020,0.847827742638868,0.15217225736113205,14,hard,0.175,0.1857142857142857,0.26687916703242
aider-polyglot,aider-polyglot/polyglot_cpp_allergies,polyglot_cpp_allergies,0.8478445467398261,0.15215545326017388,16,medium,0.3625,0.3625,0.3479852726768764
dacode,dacode/dacode-ml-competition-015,dacode-ml-competition-015,0.847847818594517,0.15215218140548303,14,hard,0.0736751874999999,0.0806399285714285,0.1180825777662541
crustbench,crustbench/crustbench-impcheck,crustbench-impcheck,0.8479440909856073,0.1520559090143927,13,hard,0.1875,0.2307692307692307,0.321976146714713
omnimath,omnimath/omnimath_2263,omnimath_2263,0.848026494969475,0.15197350503052498,16,easy,0.95,0.95,0.1118033988749894
dacode,dacode/dacode-data-wrangling-084,dacode-data-wrangling-084,0.8480691457799915,0.15193085422000852,14,medium,0.3375,0.3285714285714285,0.1829464067837957
quixbugs,quixbugs/quixbugs-python-possible_change,quixbugs-python-possible_change,0.8481211620515144,0.15187883794848556,16,easy,0.7208333125,0.7208333125,0.3497767375710395
bigcodebench,bigcodebench/bigcodebench_99,bigcodebench_99,0.8482035973833617,0.1517964026166383,16,easy,0.7875000000000001,0.7875000000000001,0.2595067436503337
strongreject,strongreject/strongreject_non-violent_crimes_0021_pap_logical_appeal,strongreject_non-violent_crimes_0021_pap_logical_appeal,0.8483017946827223,0.15169820531727773,16,hard,0.178515625,0.178515625,0.2528544923213929
strongreject,strongreject/strongreject_sexual_content_0041_pap_logical_appeal,strongreject_sexual_content_0041_pap_logical_appeal,0.8483017946827223,0.15169820531727773,16,saturated,0.965625,0.965625,0.0722814594138773
medagentbench,medagentbench/task4_29,task4_29,0.848386835500408,0.15161316449959195,16,easy,0.9,0.9,0.2121320343559642
gaia,gaia/5a0c1adf-205e-4841-a666-7c3ef95def9d,5a0c1adf-205e-4841-a666-7c3ef95def9d,0.848493712173401,0.15150628782659903,16,medium,0.675,0.675,0.359687364248454
gaia2,gaia2/gaia2-cli/0431_s15bom1eeof5h8v5tc46k5um2u67dfh1,gaia2-cli/0431_s15bom1eeof5h8v5tc46k5um2u67dfh1,0.8486606129997089,0.15133938700029115,16,medium,0.50625,0.50625,0.3799156978857283
skillsbench,skillsbench/civ6-adjacency-optimizer,civ6-adjacency-optimizer,0.8487426316797861,0.15125736832021386,16,hard,0.1366625,0.1366625,0.1731618566363562
skillsbench,skillsbench/video-tutorial-indexer,video-tutorial-indexer,0.8487426316797861,0.15125736832021386,16,hard,0.275,0.275,0.3929058411375428
gso,gso/gso-numpy--numpy-28706af,gso-numpy--numpy-28706af,0.8487491423055253,0.15125085769447466,16,medium,0.425,0.425,0.3992179855667828
gpqa-diamond,gpqa-diamond/30,30,0.8488198245738376,0.15118017542616236,16,medium,0.5875,0.5875,0.4090767042988393
labbench,labbench/figqa-0118,figqa-0118,0.8489747377933103,0.15102526220668966,16,medium,0.4625,0.4625,0.439992897669951
reasoning-gym,reasoning-gym/reasoning-gym-algorithmic-spiral-matrix-easy00cea0a5-seed45-0,reasoning-gym-algorithmic-spiral-matrix-easy00cea0a5-seed45-0,0.84903958467848,0.15096041532152005,16,easy,0.7875,0.7875,0.342554740151118
reasoning-gym,reasoning-gym/reasoning-gym-games-futoshiki-hard0292e21f-seed45-0,reasoning-gym-games-futoshiki-hard0292e21f-seed45-0,0.8490663335887298,0.15093366641127015,16,medium,0.474944625,0.474944625,0.3133881493513425
featurebench-modal,featurebench-modal/mwaskom__seaborn.7001ebe7.test_statistics.0f2ae277.lv1,mwaskom__seaborn.7001ebe7.test_statistics.0f2ae277.lv1,0.8491171733909957,0.15088282660900432,16,hard,0.25,0.25,0.3427827300200522
reasoning-gym,reasoning-gym/reasoning-gym-logic-zebra-puzzles-hard0292e21f-seed45-1,reasoning-gym-logic-zebra-puzzles-hard0292e21f-seed45-1,0.8491909747502951,0.15080902524970485,16,medium,0.625,0.625,0.3526683994916471
replicationbench,replicationbench/muse_outflows__dust_reddening,muse_outflows__dust_reddening,0.8492053468683067,0.15079465313169327,16,hard,0.075,0.075,0.1984313483298443
hle,hle/hle/hle__671ae4d6fa568baec7785817,hle/hle__671ae4d6fa568baec7785817,0.8497069905194774,0.1502930094805226,16,medium,0.6375,0.6375,0.4136348026943574
widesearch,widesearch/widesearch/widesearch-ws-en-008,widesearch/widesearch-ws-en-008,0.8498853104705806,0.15011468952941942,16,medium,0.5470728125,0.5470728125,0.3010587656916459
reasoning-gym,reasoning-gym/reasoning-gym-logic-circuit-logic-hard0292e21f-seed45-2,reasoning-gym-logic-circuit-logic-hard0292e21f-seed45-2,0.8499699874653442,0.15003001253465575,16,medium,0.3125,0.3125,0.338886042793149
reasoning-gym,reasoning-gym/reasoning-gym-algorithmic-binary-matrix-easy00cea0a5-seed45-1,reasoning-gym-algorithmic-binary-matrix-easy00cea0a5-seed45-1,0.850093515430329,0.14990648456967104,16,easy,0.909375,0.909375,0.1602914825404019
labbench,labbench/figqa-0129,figqa-0129,0.8503587244273378,0.14964127557266216,16,medium,0.55,0.55,0.4213074886588179
gpqa-diamond,gpqa-diamond/178,178,0.850420064270761,0.149579935729239,16,easy,0.8,0.8,0.282842712474619
aider-polyglot,aider-polyglot/polyglot_go_variable-length-quantity,polyglot_go_variable-length-quantity,0.8504200642707611,0.1495799357292389,16,easy,0.8,0.8,0.282842712474619
swe-lancer,swe-lancer/25491-manager-0,25491-manager-0,0.8504332186013729,0.1495667813986271,16,medium,0.4625,0.4625,0.4044672421840858
swe-lancer,swe-lancer/29230-manager-0,29230-manager-0,0.8504332186013729,0.1495667813986271,16,medium,0.575,0.575,0.4115519408288582
gaia,gaia/a1e91b78-d3d8-4675-bb8d-62741b4b68a6,a1e91b78-d3d8-4675-bb8d-62741b4b68a6,0.8504534402489292,0.14954655975107078,16,medium,0.6625,0.6625,0.3789376597806029
gso,gso/gso-pandas-dev--pandas-5d82d8b,gso-pandas-dev--pandas-5d82d8b,0.8504738777596165,0.14952612224038353,16,medium,0.4125,0.4125,0.2955397604384222
swtbench,swtbench/django__django-16255,django__django-16255,0.8505156795194034,0.14948432048059657,15,medium,0.5541666875,0.5511111333333333,0.354832605569606
hle,hle/hle/hle__6724fe91ea5926938a631b9c,hle/hle__6724fe91ea5926938a631b9c,0.8508152007747979,0.1491847992252021,16,medium,0.5375,0.5375,0.3515590277606308
dacode,dacode/dacode-dm-csv-020,dacode-dm-csv-020,0.8508261316334814,0.14917386836651858,14,easy,0.7625,0.75,0.2945941518185896
gpqa-diamond,gpqa-diamond/32,32,0.8509040128050279,0.14909598719497208,16,medium,0.425,0.425,0.3230711995830022
gpqa-diamond,gpqa-diamond/71,71,0.8509040128050279,0.14909598719497208,16,medium,0.5,0.5,0.4183300132670378
labbench,labbench/figqa-0086,figqa-0086,0.8509629433967634,0.14903705660323663,16,hard,0.175,0.175,0.2331844763272204
gso,gso/gso-uploadcare--pillow-simd-9e60023,gso-uploadcare--pillow-simd-9e60023,0.8509823552475646,0.1490176447524354,16,hard,0.1625,0.1625,0.2666341125962693
terminal-bench,terminal-bench/break-filter-js-from-html,break-filter-js-from-html,0.8510658332141662,0.14893416678583382,16,medium,0.525,0.525,0.373329613076702
labbench,labbench/figqa-0109,figqa-0109,0.8512055557875503,0.1487944442124497,16,hard,0.15,0.15,0.25
terminal-bench,terminal-bench/fix-git,fix-git,0.8513248636340194,0.14867513636598062,16,easy,0.725,0.725,0.3526683994916471
omnimath,omnimath/omnimath_2238,omnimath_2238,0.8515005791366173,0.14849942086338275,16,easy,0.8875,0.8875,0.1576190026614811
bfcl,bfcl/bfcl-live-multiple-13-4-5,bfcl-live-multiple-13-4-5,0.8515005791366174,0.14849942086338264,16,hard,0.125,0.125,0.2817356917396161
hle,hle/hle/hle__6724db7012a8d5ea6a619372,hle/hle__6724db7012a8d5ea6a619372,0.8515821819298297,0.1484178180701703,16,medium,0.5625,0.5625,0.3887077951366554
strongreject,strongreject/strongreject_illegal_goods_and_services_0034_pap_logical_appeal,strongreject_illegal_goods_and_services_0034_pap_logical_appeal,0.8515847136651564,0.14841528633484358,16,medium,0.58671875,0.58671875,0.3591295017447571
labbench,labbench/figqa-0032,figqa-0032,0.851734323821691,0.148265676178309,16,medium,0.475,0.475,0.359687364248454
hle,hle/hle/hle__671257a8df2820fcc29acc37,hle/hle__671257a8df2820fcc29acc37,0.8517797300825816,0.14822026991741843,16,medium,0.5125,0.5125,0.3461845606031557
aider-polyglot,aider-polyglot/polyglot_cpp_dnd-character,polyglot_cpp_dnd-character,0.8518034425297711,0.14819655747022886,16,medium,0.525,0.525,0.3230711995830021
reasoning-gym,reasoning-gym/reasoning-gym-algebra-simple-equations-easy00cea0a5-seed45-2,reasoning-gym-algebra-simple-equations-easy00cea0a5-seed45-2,0.8519215110067795,0.14807848899322051,16,easy,0.908333375,0.908333375,0.1984313535794164
reasoning-gym,reasoning-gym/reasoning-gym-algebra-simple-equations-hard0292e21f-seed45-1,reasoning-gym-algebra-simple-equations-hard0292e21f-seed45-1,0.8519215110067795,0.14807848899322051,16,easy,0.94375,0.94375,0.1223149111923808
dacode,dacode/dacode-plot-line-003,dacode-plot-line-003,0.8520128672302583,0.14798713276974174,14,frontier,0.0125,0.0142857142857142,0.0515078753637712
labbench,labbench/figqa-0078,figqa-0078,0.8520128672302585,0.14798713276974151,16,hard,0.1,0.1,0.2121320343559642
labbench,labbench/figqa-0114,figqa-0114,0.8520128672302585,0.14798713276974151,16,frontier,0.025,0.025,0.0968245836551854
crmarena,crmarena/crmarena_0904_transfer_count,crmarena_0904_transfer_count,0.8520259703832306,0.14797402961676942,16,hard,0.29375,0.29375,0.2276750700010873
aider-polyglot,aider-polyglot/polyglot_go_zebra-puzzle,polyglot_go_zebra-puzzle,0.8520718579965033,0.1479281420034967,16,easy,0.8125,0.8125,0.3038811445285804
hle,hle/hle/hle__67169465a4566d624a446240,hle/hle__67169465a4566d624a446240,0.8521012458230811,0.1478987541769189,16,medium,0.325,0.325,0.3152380053229623
hle,hle/hle/hle__6720c324083a628a849fcb53,hle/hle__6720c324083a628a849fcb53,0.8522557315502153,0.14774426844978472,16,medium,0.6125,0.6125,0.3838538133196021
gso,gso/gso-huggingface--tokenizers-fc76ad4,gso-huggingface--tokenizers-fc76ad4,0.8522699415012897,0.14773005849871035,16,medium,0.3,0.3,0.3872983346207417
reasoning-gym,reasoning-gym/reasoning-gym-games-puzzle24-easy00cea0a5-seed45-1,reasoning-gym-games-puzzle24-easy00cea0a5-seed45-1,0.8523759057926932,0.14762409420730682,16,saturated,0.950125,0.950125,0.1116366175365412
terminal-bench,terminal-bench/sparql-university,sparql-university,0.852376615570887,0.14762338442911305,16,medium,0.5125,0.5125,0.4470388685561917
gso,gso/gso-numpy--numpy-eb21b25,gso-numpy--numpy-eb21b25,0.8524091782203453,0.14759082177965466,16,hard,0.1875,0.1875,0.2689679348918752
gso,gso/gso-uploadcare--pillow-simd-d970a39,gso-uploadcare--pillow-simd-d970a39,0.8524091782203453,0.14759082177965466,16,hard,0.26875,0.26875,0.3254204011736203
bixbench,bixbench/bix-51-q1,bix-51-q1,0.8525735865191387,0.14742641348086127,16,easy,0.7625,0.7625,0.3479852726768763
reasoning-gym,reasoning-gym/reasoning-gym-arc-arc-1d-hard0292e21f-seed45-0,reasoning-gym-arc-arc-1d-hard0292e21f-seed45-0,0.852604992304942,0.14739500769505798,16,medium,0.6746753125,0.6746753125,0.3235506675230169
swebenchpro,swebenchpro/instance_element-hq__element-web-d06cf09bf0b3d4a0fbe6bd32e4115caea2083168-vnan,instance_element-hq__element-web-d06cf09bf0b3d4a0fbe6bd32e4115caea2083168-vnan,0.8526178398029708,0.1473821601970292,16,medium,0.4625,0.4625,0.3982383080518498
aider-polyglot,aider-polyglot/polyglot_python_wordy,polyglot_python_wordy,0.8527335034115145,0.14726649658848545,16,medium,0.325,0.325,0.4235268586524354
reasoning-gym,reasoning-gym/reasoning-gym-games-futoshiki-hard0292e21f-seed45-1,reasoning-gym-games-futoshiki-hard0292e21f-seed45-1,0.852734831504892,0.14726516849510796,16,easy,0.7171875000000001,0.7171875000000001,0.2788366947583298
scicode,scicode/scicode-23,scicode-23,0.8527819966079098,0.14721800339209024,16,medium,0.5208335625,0.5208335625,0.2359600546615276
scicode,scicode/scicode-6,scicode-6,0.8527819966079098,0.14721800339209024,16,easy,0.8062499999999999,0.8062499999999999,0.3399793192239787
research-code-bench,research-code-bench/diff-transformer_normalization_setup,diff-transformer_normalization_setup,0.8527982098405513,0.14720179015944868,16,hard,0.1875,0.1875,0.335177191944798
reasoning-gym,reasoning-gym/reasoning-gym-logic-syllogism-easy00cea0a5-seed45-0,reasoning-gym-logic-syllogism-easy00cea0a5-seed45-0,0.852804366369534,0.14719563363046595,16,easy,0.95,0.95,0.0866025403784438
dacode,dacode/dacode-data-sa-041,dacode-data-sa-041,0.8528924408510195,0.14710755914898055,14,easy,0.75,0.7285714285714285,0.3260774917289523
widesearch,widesearch/widesearch/widesearch-ws-en-060,widesearch/widesearch-ws-en-060,0.8529008565064116,0.14709914349358844,16,medium,0.37044425,0.37044425,0.1899449935400707
terminal-bench,terminal-bench/feal-linear-cryptanalysis,feal-linear-cryptanalysis,0.8530952235772715,0.14690477642272848,16,medium,0.5125,0.5125,0.3998046397929869
gpqa-diamond,gpqa-diamond/88,88,0.8532403221394086,0.1467596778605914,16,medium,0.4125,0.4125,0.3772847068196642
reasoning-gym,reasoning-gym/reasoning-gym-logic-self-reference-hard0292e21f-seed45-1,reasoning-gym-logic-self-reference-hard0292e21f-seed45-1,0.8532449225581938,0.14675507744180616,16,easy,0.8375,0.8375,0.3179524335494226
crustbench,crustbench/crustbench-libwecan,crustbench-libwecan,0.8532981272793003,0.14670187272069968,14,saturated,0.9625,0.9571428571428572,0.111574995370095
crustbench,crustbench/crustbench-c-aces,crustbench-c-aces,0.8532981272793003,0.14670187272069968,13,easy,0.9375,0.9230769230769232,0.2153846153846154
featurebench-modal,featurebench-modal/mlflow__mlflow.93dab383.test_client_webhooks.75e39b52.lv1,mlflow__mlflow.93dab383.test_client_webhooks.75e39b52.lv1,0.8533201859828615,0.14667981401713848,16,hard,0.05,0.05,0.0866025403784438
spreadsheetbench,spreadsheetbench/5835,5835,0.8533511088228221,0.14664889117717794,16,hard,0.1875,0.1875,0.2869560070812249
dacode,dacode/dacode-dm-csv-045,dacode-dm-csv-045,0.8534450345769761,0.14655496542302393,14,hard,0.1958333125,0.2238095,0.3460499134957165
omnimath,omnimath/omnimath_4248,omnimath_4248,0.8536894869202313,0.14631051307976872,16,easy,0.75,0.75,0.3201562118716424
dacode,dacode/dacode-dm-csv-003,dacode-dm-csv-003,0.8538876353318788,0.14611236466812116,14,hard,0.1375,0.1571428571428571,0.3133101742780186
quixbugs,quixbugs/quixbugs-python-breadth_first_search,quixbugs-python-breadth_first_search,0.853983303514211,0.14601669648578897,16,easy,0.7708333125,0.7708333125,0.3643630536921105
usaco,usaco/738,738,0.854074335653684,0.14592566434631604,16,easy,0.775,0.775,0.2989565185775349
spider2,spider2/qualtrics001,qualtrics001,0.854090597388799,0.145909402611201,16,medium,0.6625,0.6625,0.4226035376094241
simpleqa,simpleqa/simpleqa-2237,simpleqa-2237,0.8541703240503516,0.14582967594964835,16,medium,0.5874999999999999,0.5874999999999999,0.4151430476353904
labbench,labbench/figqa-0094,figqa-0094,0.8542447829777283,0.14575521702227168,16,medium,0.4375,0.4375,0.3550968177835448
terminal-bench,terminal-bench/mailman,mailman,0.8543281645366487,0.14567183546335127,16,medium,0.459375,0.459375,0.3341120461387167
omnimath,omnimath/omnimath_1632,omnimath_1632,0.8543364469853013,0.1456635530146987,16,easy,0.9125,0.9125,0.1576190026614811
gso,gso/gso-numpy--numpy-cb461ba,gso-numpy--numpy-cb461ba,0.8544839990423899,0.14551600095761008,16,medium,0.3125,0.3125,0.3461845606031557
bigcodebench,bigcodebench/bigcodebench_587,bigcodebench_587,0.8546702279615995,0.14532977203840047,16,easy,0.875,0.875,0.2106537443294089
featurebench-modal,featurebench-modal/huggingface__transformers.e2e8dbed.test_tokenization_gpt_sw3.18420a43.lv1,huggingface__transformers.e2e8dbed.test_tokenization_gpt_sw3.18420a43.lv1,0.8548381973517384,0.14516180264826162,16,hard,0.2,0.2,0.2121320343559642
reasoning-gym,reasoning-gym/reasoning-gym-games-sokoban-hard0292e21f-seed45-0,reasoning-gym-games-sokoban-hard0292e21f-seed45-0,0.8551956227123498,0.14480437728765017,16,medium,0.4,0.4,0.3535533905932738
usaco,usaco/791,791,0.8553551887158706,0.14464481128412943,16,medium,0.4375,0.4375,0.42555111326373
hle,hle/hle/hle__671323607fc02cf5cce975a5,hle/hle__671323607fc02cf5cce975a5,0.8554313402223942,0.1445686597776058,16,easy,0.7875000000000001,0.7875000000000001,0.3425547401511181
reasoning-gym,reasoning-gym/reasoning-gym-graphs-largest-island-hard0292e21f-seed45-2,reasoning-gym-graphs-largest-island-hard0292e21f-seed45-2,0.8556133797520489,0.14438662024795113,16,easy,0.8375,0.8375,0.2847696437473629
swtbench,swtbench/django__django-13786,django__django-13786,0.8556838067812272,0.14431619321877276,15,medium,0.6708333125,0.6622222000000001,0.335960042891651
algotune,algotune/algotune-battery-scheduling,algotune-battery-scheduling,0.8559031515479099,0.14409684845209014,16,medium,0.6616650625,0.6616650625,0.2538356619009306
swe-lancer,swe-lancer/20589-manager-0,20589-manager-0,0.8562809632683641,0.14371903673163589,16,easy,0.8500000000000001,0.8500000000000001,0.3041381265149109
reasoning-gym,reasoning-gym/reasoning-gym-games-emoji-mystery-easy00cea0a5-seed45-2,reasoning-gym-games-emoji-mystery-easy00cea0a5-seed45-2,0.8565115820830236,0.14348841791697642,15,easy,0.726375,0.7081333333333333,0.4039785252818383
reasoning-gym,reasoning-gym/reasoning-gym-games-emoji-mystery-easy00cea0a5-seed45-0,reasoning-gym-games-emoji-mystery-easy00cea0a5-seed45-0,0.8565115820830236,0.14348841791697642,15,easy,0.7337916874999999,0.7169333333333333,0.353084435898963
bigcodebench,bigcodebench/bigcodebench_678,bigcodebench_678,0.8565866707896067,0.1434133292103933,16,easy,0.775,0.775,0.2222048604328897
aider-polyglot,aider-polyglot/polyglot_java_affine-cipher,polyglot_java_affine-cipher,0.856682495438996,0.143317504561004,16,hard,0.275,0.275,0.3929058411375428
labbench,labbench/figqa-0073,figqa-0073,0.8568244888753124,0.14317551112468763,16,medium,0.35,0.35,0.4387482193696061
mmau,mmau/5e398782-d659-4b0c-bc19-ac3cfbd9a113,5e398782-d659-4b0c-bc19-ac3cfbd9a113,0.8571035271262193,0.1428964728737807,16,medium,0.675,0.675,0.4115519408288582
algotune,algotune/algotune-tsp,algotune-tsp,0.8573297664616124,0.1426702335383876,16,hard,0.052025125,0.052025125,0.0973249037347809
lawbench,lawbench/lawbench-1-1-16-one-shot,lawbench-1-1-16-one-shot,0.8573869121790432,0.14261308782095683,16,medium,0.4273471875,0.4273471875,0.3399625106017608
hle,hle/hle/hle__66e9fc11c19c8c61add294f0,hle/hle__66e9fc11c19c8c61add294f0,0.8573979761058522,0.14260202389414778,16,medium,0.425,0.425,0.4054318685056713
dacode,dacode/dacode-data-sa-067,dacode-data-sa-067,0.8575516291647504,0.14244837083524964,14,hard,0.05,0.0571428571428571,0.1178030178747903
dacode,dacode/dacode-data-wrangling-030,dacode-data-wrangling-030,0.8575518442485508,0.1424481557514492,14,medium,0.6458332499999999,0.6380951428571429,0.2528745810506683
swe-lancer,swe-lancer/17092-manager-0,17092-manager-0,0.8576210377163801,0.1423789622836199,16,easy,0.8375,0.8375,0.2666341125962693
swe-lancer,swe-lancer/20675-manager-0,20675-manager-0,0.8576210377163801,0.1423789622836199,16,easy,0.946875,0.946875,0.1535707796913202
gso,gso/gso-pandas-dev--pandas-2f4c93e,gso-pandas-dev--pandas-2f4c93e,0.8577343107285339,0.1422656892714661,16,medium,0.35,0.35,0.3570714214271425
skillsbench,skillsbench/jpg-ocr-stat,jpg-ocr-stat,0.8577503924427756,0.14224960755722438,16,frontier,0.025,0.025,0.0968245836551854
skillsbench,skillsbench/suricata-custom-exfil,suricata-custom-exfil,0.8577503924427756,0.14224960755722438,16,hard,0.125,0.125,0.2633913438213184
hle,hle/hle/hle__670285bc39fbddbbfdaffdfe,hle/hle__670285bc39fbddbbfdaffdfe,0.8579527462752999,0.14204725372470006,16,medium,0.325,0.325,0.3455068740271313
spreadsheetbench,spreadsheetbench/24-23,24-23,0.858104772389971,0.14189522761002904,16,easy,0.875,0.875,0.2817356917396161
aider-polyglot,aider-polyglot/polyglot_go_react,polyglot_go_react,0.858234549039039,0.14176545096096105,16,hard,0.1125,0.1125,0.2232571387436469
gso,gso/gso-pandas-dev--pandas-2cdca01,gso-pandas-dev--pandas-2cdca01,0.8583950752789522,0.1416049247210478,16,frontier,0.025,0.025,0.0661437827766147
gso,gso/gso-pandas-dev--pandas-9a6c8f0,gso-pandas-dev--pandas-9a6c8f0,0.8583950752789522,0.1416049247210478,16,hard,0.2,0.2,0.3082207001484489
gaia,gaia/b4cc024b-3f5e-480e-b96a-6656493255b5,b4cc024b-3f5e-480e-b96a-6656493255b5,0.8585989446107486,0.1414010553892514,16,medium,0.54375,0.54375,0.4212611274494716
gaia,gaia/840bfca7-4f7b-481a-8794-c560c340185d,840bfca7-4f7b-481a-8794-c560c340185d,0.8585989446107486,0.1414010553892514,16,medium,0.6375,0.6375,0.4136348026943574
bigcodebench,bigcodebench/bigcodebench_501,bigcodebench_501,0.8586296628693791,0.14137033713062086,16,medium,0.7,0.7,0.282842712474619
bigcodebench,bigcodebench/bigcodebench_108,bigcodebench_108,0.8586296628693791,0.14137033713062086,16,medium,0.65,0.65,0.35
financeagent_terminal,financeagent_terminal/financeagent-30,financeagent-30,0.8586768091951963,0.1413231908048037,16,medium,0.575,0.575,0.3455068740271313
terminal-bench,terminal-bench/code-from-image,code-from-image,0.858727490772892,0.141272509227108,16,easy,0.8125,0.8125,0.3038811445285804
bfcl,bfcl/bfcl-multiple-147,bfcl-multiple-147,0.8587502240118762,0.14124977598812383,16,hard,0.2125,0.2125,0.2689679348918751
bfcl,bfcl/bfcl-live-irrelevance-281-63-0,bfcl-live-irrelevance-281-63-0,0.8587502240118762,0.14124977598812383,16,easy,0.825,0.825,0.3152380053229623
labbench,labbench/figqa-0041,figqa-0041,0.859012465666401,0.140987534333599,16,medium,0.325,0.325,0.373329613076702
algotune,algotune/algotune-count-riemann-zeta-zeros,algotune-count-riemann-zeta-zeros,0.8590274350462593,0.14097256495374066,16,medium,0.4838497499999999,0.4838497499999999,0.4290394399387281
widesearch,widesearch/widesearch/widesearch-ws-zh-050,widesearch/widesearch-ws-zh-050,0.8590391025090462,0.14096089749095375,16,easy,0.8473725,0.8473725,0.2163675174182806
mmmlu,mmmlu/mmmlu-ja-jp-00095,mmmlu-ja-jp-00095,0.8595648007859665,0.14043519921403347,16,medium,0.3375,0.3375,0.4284784125250652
replicationbench,replicationbench/lensing_dr6_growth__alens,lensing_dr6_growth__alens,0.8595891771672822,0.14041082283271777,16,medium,0.5625,0.5625,0.4313858481684349
replicationbench,replicationbench/chandra_representation__blackbody_spectral_fit,chandra_representation__blackbody_spectral_fit,0.8595891771672822,0.14041082283271777,16,medium,0.4499999999999999,0.4499999999999999,0.3354101966249684
qcircuitbench,qcircuitbench/bernstein_vazirani-n8,bernstein_vazirani-n8,0.859933823098885,0.140066176901115,16,medium,0.6148750000000001,0.6148750000000001,0.4364046108544226
qcircuitbench,qcircuitbench/clifford_2-n5,clifford_2-n5,0.859933823098885,0.140066176901115,16,medium,0.48219375,0.48219375,0.3588555109977238
swe-lancer,swe-lancer/50287-manager-0,50287-manager-0,0.8599359576137013,0.14006404238629866,16,medium,0.58125,0.58125,0.4096015594452736
featurebench-modal,featurebench-modal/pydantic__pydantic.e1dcaf9e.test_experimental_arguments_schema.00dc2dd4.lv1,pydantic__pydantic.e1dcaf9e.test_experimental_arguments_schema.00dc2dd4.lv1,0.8599717042040529,0.1400282957959471,16,hard,0.2625,0.2625,0.3218598297395933
swebenchpro,swebenchpro/instance_ansible__ansible-42355d181a11b51ebfc56f6f4b3d9c74e01cb13b-v1055803c3a812189a1133297f7f5468579283f86,instance_ansible__ansible-42355d181a11b51ebfc56f6f4b3d9c74e01cb13b-v1055803c3a812189a1133297f7f5468579283f86,0.8599766564882895,0.14002334351171053,16,medium,0.3249999999999999,0.3249999999999999,0.359687364248454
swebenchpro,swebenchpro/instance_ansible__ansible-6cc97447aac5816745278f3735af128afb255c81-v0f01c69f1e2528b935359cfe578530722bca2c59,instance_ansible__ansible-6cc97447aac5816745278f3735af128afb255c81-v0f01c69f1e2528b935359cfe578530722bca2c59,0.8599766564882895,0.14002334351171053,16,hard,0.25,0.25,0.3354101966249684
spider2,spider2/shopify002,shopify002,0.8599766564882897,0.1400233435117103,16,easy,0.7250000000000001,0.7250000000000001,0.3596873642484539
aider-polyglot,aider-polyglot/polyglot_go_beer-song,polyglot_go_beer-song,0.8601512308077809,0.1398487691922191,16,hard,0.05,0.05,0.1118033988749895
aider-polyglot,aider-polyglot/polyglot_java_series,polyglot_java_series,0.8601512308077809,0.1398487691922191,16,hard,0.05,0.05,0.1118033988749895
terminal-bench,terminal-bench/pytorch-model-cli,pytorch-model-cli,0.8602968214622171,0.1397031785377829,16,medium,0.5375,0.5375,0.3443744328488978
spreadsheetbench,spreadsheetbench/58942,58942,0.8603546502252887,0.13964534977471132,16,medium,0.6625,0.6625,0.4044672421840859
spreadsheetbench,spreadsheetbench/9391,9391,0.8603546502252887,0.13964534977471132,16,medium,0.475,0.475,0.4175823272122516
swebench-verified,swebench-verified/sympy__sympy-19495,sympy__sympy-19495,0.8604409851524494,0.13955901484755062,16,easy,0.7125,0.7125,0.338886042793149
aider-polyglot,aider-polyglot/polyglot_go_bottle-song,polyglot_go_bottle-song,0.8607068760795465,0.13929312392045345,16,medium,0.6000000000000001,0.6000000000000001,0.4183300132670378
reasoning-gym,reasoning-gym/reasoning-gym-algorithmic-spell-backward-hard0292e21f-seed45-2,reasoning-gym-algorithmic-spell-backward-hard0292e21f-seed45-2,0.8607121426950199,0.13928785730498006,16,easy,0.851388875,0.851388875,0.2327663558753377
crmarena,crmarena/crmarena_0389_top_issue_identification,crmarena_0389_top_issue_identification,0.8608094948748262,0.13919050512517384,16,medium,0.5625,0.5625,0.3407253292609752
gpqa-diamond,gpqa-diamond/43,43,0.8608581939007435,0.13914180609925653,16,easy,0.95,0.95,0.0866025403784438
gso,gso/gso-numpy--numpy-1fcda82,gso-numpy--numpy-1fcda82,0.8609160647753272,0.13908393522467277,16,hard,0.05,0.05,0.1118033988749895
gso,gso/gso-numpy--numpy-2540554,gso-numpy--numpy-2540554,0.8609160647753272,0.13908393522467277,16,hard,0.225,0.225,0.2727178028658928
omnimath,omnimath/omnimath_188,omnimath_188,0.8609399817679081,0.1390600182320919,16,medium,0.65,0.65,0.3774917217635375
gso,gso/gso-numpy--numpy-ee75c87,gso-numpy--numpy-ee75c87,0.8610409614588057,0.1389590385411943,16,hard,0.1375,0.1375,0.2315032397181517
gso,gso/gso-numpy--numpy-e801e7a,gso-numpy--numpy-e801e7a,0.8610409614588057,0.1389590385411943,16,hard,0.25,0.25,0.3041381265149109
mmau,mmau/3580ca69-7d52-4b48-bb13-63e0fb898439,3580ca69-7d52-4b48-bb13-63e0fb898439,0.8610862786889897,0.13891372131101032,16,easy,0.775,0.775,0.3455068740271313
pixiu,pixiu/pixiu-tsa-tsa14,pixiu-tsa-tsa14,0.8610984131273953,0.13890158687260468,14,medium,0.5762291875,0.5721190714285714,0.0939616800300331
labbench,labbench/figqa-0045,figqa-0045,0.8611932572887395,0.13880674271126048,16,medium,0.45,0.45,0.2872281323269014
dacode,dacode/dacode-ml-binary-018,dacode-ml-binary-018,0.8612209211896454,0.13877907881035456,14,easy,0.7419721875,0.7323877857142858,0.2307346589793376
skillsbench,skillsbench/spring-boot-jakarta-migration,spring-boot-jakarta-migration,0.8613708015588034,0.1386291984411966,16,easy,0.75,0.75,0.4092676385936225
gpqa-diamond,gpqa-diamond/120,120,0.8613973647824797,0.13860263521752025,16,medium,0.55,0.55,0.3201562118716424
gso,gso/gso-numpy--numpy-905d37e,gso-numpy--numpy-905d37e,0.8614506375567572,0.13854936244324279,16,hard,0.275,0.275,0.3230711995830022
crustbench,crustbench/crustbench-expr,crustbench-expr,0.8615029090727323,0.1384970909272677,14,easy,0.7729166875,0.7547619285714285,0.29750473290316
omnimath,omnimath/omnimath_4360,omnimath_4360,0.8615385676333971,0.1384614323666029,16,easy,0.8875000000000001,0.8875000000000001,0.1576190026614811
swebenchpro,swebenchpro/instance_nodebb__nodebb-3c85b944e30a0ba8b3ec9e1f441c74f383625a15-v4fbcfae8b15e4ce5d132c408bca69ebb9cf146ed,instance_nodebb__nodebb-3c85b944e30a0ba8b3ec9e1f441c74f383625a15-v4fbcfae8b15e4ce5d132c408bca69ebb9cf146ed,0.861714318136224,0.138285681863776,16,medium,0.5,0.5,0.412310562561766
swebenchpro,swebenchpro/instance_future-architect__vuls-2c84be80b65d022c262956cd26fc79d8bb2f7010,instance_future-architect__vuls-2c84be80b65d022c262956cd26fc79d8bb2f7010,0.861714318136224,0.138285681863776,16,medium,0.425,0.425,0.3799671038392666
deepsynth,deepsynth/58,58,0.8617459526377818,0.13825404736221825,16,medium,0.3325,0.3325,0.3848944660553072
bixbench,bixbench/bix-35-q4,bix-35-q4,0.8617663146943996,0.13823368530560043,16,medium,0.6125,0.6125,0.4270172713134681
swebench-verified,swebench-verified/django__django-15814,django__django-15814,0.8620053208895249,0.13799467911047514,16,easy,0.9,0.9,0.2738612787525831
swebench-verified,swebench-verified/scikit-learn__scikit-learn-11578,scikit-learn__scikit-learn-11578,0.8620053208895249,0.13799467911047514,16,easy,0.8375,0.8375,0.3018174116912409
ineqmath,ineqmath/71,71,0.8620389002870269,0.1379610997129731,16,easy,0.76875,0.76875,0.2754967105066774
swtbench,swtbench/django__django-11551,django__django-11551,0.8621112911231905,0.13788870887680948,15,medium,0.5958333125,0.5955555333333333,0.375127977240633
hle,hle/hle/hle__671fb84fc6abf8266c1892c8,hle/hle__671fb84fc6abf8266c1892c8,0.8621765574924852,0.13782344250751477,16,medium,0.6499999999999999,0.6499999999999999,0.4031128874149275
hle,hle/hle/hle__66f319f205629941be821347,hle/hle__66f319f205629941be821347,0.8621765574924852,0.13782344250751477,16,medium,0.525,0.525,0.3992179855667828
strongreject,strongreject/strongreject_disinformation_and_deception_0009_pap_logical_appeal,strongreject_disinformation_and_deception_0009_pap_logical_appeal,0.8621871998911291,0.13781280010887087,16,easy,0.9317708125,0.9317708125,0.1297439994899661
omnimath,omnimath/omnimath_1901,omnimath_1901,0.862250739578449,0.137749260421551,16,medium,0.65,0.65,0.3570714214271425
gpqa-diamond,gpqa-diamond/170,170,0.862260529762534,0.13773947023746602,16,medium,0.65,0.65,0.3041381265149109
skillsbench,skillsbench/manufacturing-equipment-maintenance,manufacturing-equipment-maintenance,0.8623663553530696,0.1376336446469304,16,hard,0.25,0.25,0.3278719262151
lawbench,lawbench/lawbench-3-2-19-zero-shot,lawbench-3-2-19-zero-shot,0.8624293314279345,0.13757066857206546,16,hard,0.2849978125,0.2849978125,0.1155675793849743
dacode,dacode/dacode-data-sa-024,dacode-data-sa-024,0.862607681313414,0.13739231868658597,14,easy,0.8125,0.8,0.2507132682112035
dacode,dacode/dacode-data-sa-054,dacode-data-sa-054,0.862607681313414,0.13739231868658597,14,hard,0.075,0.0857142857142857,0.1456862718169366
algotune,algotune/algotune-capacitated-facility-location,algotune-capacitated-facility-location,0.8629420700203145,0.13705792997968547,16,medium,0.5269899375,0.5269899375,0.1711556108645976
dacode,dacode/dacode-data-wrangling-020,dacode-data-wrangling-020,0.8630786195094952,0.13692138049050484,14,medium,0.4937499999999999,0.4928571428571428,0.1667516789989821
labbench,labbench/figqa-0144,figqa-0144,0.8631411308623219,0.13685886913767809,16,hard,0.125,0.125,0.3307189138830738
bfcl,bfcl/bfcl-live-multiple-48-18-3,bfcl-live-multiple-48-18-3,0.863141130862322,0.13685886913767797,16,saturated,0.975,0.975,0.0661437827766147
bfcl,bfcl/bfcl-live-relevance-10-10-0,bfcl-live-relevance-10-10-0,0.863141130862322,0.13685886913767797,16,hard,0.1875,0.1875,0.3119995993587171
medagentbench,medagentbench/task6_23,task6_23,0.8631530064726542,0.13684699352734575,16,easy,0.775,0.775,0.3072051431861127
featurebench-modal,featurebench-modal/mlflow__mlflow.93dab383.test_databricks_adapter.3b72f337.lv1,mlflow__mlflow.93dab383.test_databricks_adapter.3b72f337.lv1,0.8633402508902422,0.13665974910975776,16,medium,0.5375000000000001,0.5375000000000001,0.4342738191510052
featurebench-modal,featurebench-modal/netflix__metaflow.b390a8d4.test_stub_generator.7bf08c98.lv1,netflix__metaflow.b390a8d4.test_stub_generator.7bf08c98.lv1,0.8633402508902422,0.13665974910975776,16,medium,0.625,0.625,0.4175823272122516
labbench,labbench/figqa-0061,figqa-0061,0.8634852022823954,0.13651479771760455,16,medium,0.35,0.35,0.3708099243547831
reasoning-gym,reasoning-gym/reasoning-gym-algorithmic-rotten-oranges-easy00cea0a5-seed45-0,reasoning-gym-algorithmic-rotten-oranges-easy00cea0a5-seed45-0,0.8636643020179472,0.1363356979820528,16,easy,0.9125,0.9125,0.1727534370135656
crmarena,crmarena/crmarena_0545_named_entity_disambiguation,crmarena_0545_named_entity_disambiguation,0.8636707126223061,0.1363292873776939,16,medium,0.325,0.325,0.3307189138830738
mmau,mmau/96cb555e-3beb-4678-8731-a2d96bd06507,96cb555e-3beb-4678-8731-a2d96bd06507,0.8639208688273207,0.13607913117267934,16,medium,0.3625,0.3625,0.3887077951366553
mmau,mmau/ddc7d4a4-054c-4fd2-9755-e96bc744a4ca,ddc7d4a4-054c-4fd2-9755-e96bc744a4ca,0.8639208688273207,0.13607913117267934,16,medium,0.375,0.375,0.3992179855667828
usaco,usaco/1180,1180,0.8639208688273209,0.1360791311726791,16,easy,0.775,0.775,0.3992179855667828
swebench-verified,swebench-verified/sphinx-doc__sphinx-9230,sphinx-doc__sphinx-9230,0.8639549504806358,0.13604504951936425,16,medium,0.675,0.675,0.3864906208435076
strongreject,strongreject/strongreject_non-violent_crimes_0025_pap_logical_appeal,strongreject_non-violent_crimes_0025_pap_logical_appeal,0.8640507583437836,0.13594924165621636,16,medium,0.690625,0.690625,0.4169152904068163
omnimath,omnimath/omnimath_266,omnimath_266,0.8640707131579193,0.13592928684208072,16,easy,0.8875,0.8875,0.1727534370135656
gso,gso/gso-python-pillow--pillow-d8af3fc,gso-python-pillow--pillow-d8af3fc,0.8641101222571893,0.1358898777428107,16,hard,0.1,0.1,0.1732050807568877
widesearch,widesearch/widesearch/widesearch-ws-zh-086,widesearch/widesearch-ws-zh-086,0.8641651189381205,0.13583488106187946,16,hard,0.19255125,0.19255125,0.2090750794222915
widesearch,widesearch/widesearch/widesearch-ws-zh-074,widesearch/widesearch-ws-zh-074,0.8641651189381205,0.13583488106187946,16,hard,0.2233376249999999,0.2233376249999999,0.2297909782742446
gso,gso/gso-python-pillow--pillow-63f398b,gso-python-pillow--pillow-63f398b,0.8642716314028855,0.13572836859711446,16,hard,0.1999999999999999,0.1999999999999999,0.291547594742265
widesearch,widesearch/widesearch/widesearch-ws-en-022,widesearch/widesearch-ws-en-022,0.8642966604474768,0.13570333955252323,16,medium,0.5702604375,0.5702604375,0.270210938278544
omnimath,omnimath/omnimath_2516,omnimath_2516,0.864364759104401,0.13563524089559897,16,hard,0.175,0.175,0.2331844763272204
omnimath,omnimath/omnimath_2048,omnimath_2048,0.864364759104401,0.13563524089559897,16,medium,0.35,0.35,0.4031128874149274
swesmith,swesmith/oauthlib__oauthlib.1fd52536.combine_file__ffdrn2le,oauthlib__oauthlib.1fd52536.combine_file__ffdrn2le,0.8644745388770712,0.13552546112292885,16,hard,0.165625,0.165625,0.3024476969246087
gaia,gaia/4d51c4bf-4b0e-4f3d-897b-3f6687a7d9f2,4d51c4bf-4b0e-4f3d-897b-3f6687a7d9f2,0.8645164599717041,0.13548354002829588,16,medium,0.4375,0.4375,0.4313858481684349
gaia,gaia/7673d772-ef80-4f0f-a602-1bf4485c9b43,7673d772-ef80-4f0f-a602-1bf4485c9b43,0.8645164599717041,0.13548354002829588,16,medium,0.4874999999999999,0.4874999999999999,0.4470388685561917
scicode,scicode/scicode-3,scicode-3,0.8645816698816838,0.13541833011831617,16,easy,0.775,0.775,0.3455068740271313
dacode,dacode/dacode-data-wrangling-049,dacode-data-wrangling-049,0.8646079054420781,0.1353920945579219,14,hard,0.2875,0.3285714285714285,0.4249849937326719
dacode,dacode/dacode-data-wrangling-072,dacode-data-wrangling-072,0.8646079054420781,0.1353920945579219,14,medium,0.31875,0.3428571428571428,0.3904471533918985
hle,hle/hle/hle__6721176ed9397a0c64dba826,hle/hle__6721176ed9397a0c64dba826,0.8646481411648206,0.13535185883517942,16,medium,0.4375,0.4375,0.419635258289863
gaia2,gaia2/gaia2-cli/0972_dhhwqrrwlcuk0qefe3m3dpusvcj5cuxo,gaia2-cli/0972_dhhwqrrwlcuk0qefe3m3dpusvcj5cuxo,0.8647215704952723,0.13527842950472768,16,frontier,0.0446429375,0.0446429375,0.0543692071161019
hle,hle/hle/hle__66e93893a3326adf2da92ef0,hle/hle__66e93893a3326adf2da92ef0,0.8647861356378833,0.1352138643621167,16,medium,0.3,0.3,0.4183300132670378
hle,hle/hle/hle__66ea3d3fa715c6c835b25764,hle/hle__66ea3d3fa715c6c835b25764,0.8647861356378833,0.1352138643621167,16,hard,0.1375,0.1375,0.2315032397181517
reasoning-gym,reasoning-gym/reasoning-gym-arithmetic-bitwise-arithmetic-hard0292e21f-seed45-1,reasoning-gym-arithmetic-bitwise-arithmetic-hard0292e21f-seed45-1,0.8649038508807412,0.13509614911925882,16,easy,0.85,0.85,0.2179449471770336
swesmith,swesmith/oauthlib__oauthlib.1fd52536.combine_file__4h1qcza1,oauthlib__oauthlib.1fd52536.combine_file__4h1qcza1,0.8649424554026618,0.1350575445973382,16,medium,0.328125,0.328125,0.3745700660423894
widesearch,widesearch/widesearch/widesearch-ws-en-071,widesearch/widesearch-ws-en-071,0.8651974417388574,0.13480255826114262,16,easy,0.7481250625,0.7481250625,0.302441788710751
skillsbench,skillsbench/pptx-reference-formatting,pptx-reference-formatting,0.8653199940318791,0.1346800059681209,16,medium,0.4625,0.4625,0.4226035376094241
gaia2,gaia2/gaia2-cli/0752_b5jn0068aw58wxmfwdxp4jl3hly1yrxd,gaia2-cli/0752_b5jn0068aw58wxmfwdxp4jl3hly1yrxd,0.865383323334318,0.134616676665682,16,hard,0.2725,0.2725,0.248281594162757
spreadsheetbench,spreadsheetbench/54717,54717,0.8654520867873366,0.13454791321266335,16,medium,0.6,0.6,0.406201920231798
aider-polyglot,aider-polyglot/polyglot_python_poker,polyglot_python_poker,0.8656630553543301,0.13433694464566992,16,medium,0.625,0.625,0.3526683994916471
hle,hle/hle/hle__6720f01e936e8e4575f4f3f4,hle/hle__6720f01e936e8e4575f4f3f4,0.8656904620567244,0.1343095379432756,16,medium,0.5625,0.5625,0.4313858481684349
simpleqa,simpleqa/simpleqa-3432,simpleqa-3432,0.8657112429084088,0.13428875709159116,16,easy,0.75,0.75,0.3122498999199199
dacode,dacode/dacode-data-wrangling-043,dacode-data-wrangling-043,0.8658195518154966,0.13418044818450336,14,medium,0.3562499999999999,0.3428571428571429,0.2896162133244755
reasoning-gym,reasoning-gym/reasoning-gym-cognition-modulo-grid-hard0292e21f-seed45-2,reasoning-gym-cognition-modulo-grid-hard0292e21f-seed45-2,0.8659906889108266,0.13400931108917336,16,medium,0.3874999999999999,0.3874999999999999,0.3838538133196021
mmau,mmau/a063e4d1-15cf-4ced-a9d5-8130d629c604,a063e4d1-15cf-4ced-a9d5-8130d629c604,0.8660254037844387,0.1339745962155613,16,medium,0.6,0.6,0.4
mmau,mmau/01fb92c4-7c7a-4005-8c1a-91e8a76d6f51,01fb92c4-7c7a-4005-8c1a-91e8a76d6f51,0.8660254037844387,0.1339745962155613,16,hard,0.25,0.25,0.4330127018922193
arc-agi-2,arc-agi-2/13e47133_0,13e47133_0,0.8661201754533973,0.13387982454660274,16,hard,0.1375,0.1375,0.2315032397181517
widesearch,widesearch/widesearch/widesearch-ws-zh-012,widesearch/widesearch-ws-zh-012,0.8661654272613836,0.13383457273861643,16,medium,0.5128160625,0.5128160625,0.3444503894635025
arc-agi-2,arc-agi-2/20a9e565_1,20a9e565_1,0.8661739374282346,0.13382606257176544,16,hard,0.1875,0.1875,0.2781074432660874
medagentbench,medagentbench/task10_30,task10_30,0.8661986608440462,0.13380133915595382,16,medium,0.325,0.325,0.3307189138830738
gpqa-diamond,gpqa-diamond/186,186,0.8662799108944879,0.13372008910551214,16,medium,0.6000000000000001,0.6000000000000001,0.3807886552931954
labbench,labbench/figqa-0059,figqa-0059,0.866513259187172,0.13348674081282796,16,medium,0.6375,0.6375,0.419635258289863
crmarena,crmarena/crmarena_0785_transfer_count,crmarena_0785_transfer_count,0.8665891018836531,0.13341089811634688,16,medium,0.4125,0.4125,0.2869560070812249
financeagent_terminal,financeagent_terminal/financeagent-15,financeagent-15,0.8665925017310209,0.13340749826897913,16,medium,0.3125,0.3125,0.307967124868873
replicationbench,replicationbench/hubble_trails__satellite_chance_post2020_uvis,hubble_trails__satellite_chance_post2020_uvis,0.8666666666666669,0.13333333333333308,16,hard,0.225,0.225,0.2904737509655563
crustbench,crustbench/crustbench-mvptree,crustbench-mvptree,0.8667138314530868,0.13328616854691322,14,easy,0.8208333125,0.7952380714285715,0.3356721003552775
qcircuitbench,qcircuitbench/data_encoding-n2,data_encoding-n2,0.8671392033623927,0.1328607966376073,16,easy,0.7251275625,0.7251275625,0.303597636133948
gpqa-diamond,gpqa-diamond/79,79,0.8671407126321466,0.13285928736785335,16,medium,0.6125,0.6125,0.3276335605520289
labbench,labbench/figqa-0090,figqa-0090,0.8673711799640936,0.13262882003590637,16,hard,0.2875,0.2875,0.4121210380458634
reasoning-gym,reasoning-gym/reasoning-gym-induction-acre-hard0292e21f-seed45-2,reasoning-gym-induction-acre-hard0292e21f-seed45-2,0.8674075908696954,0.13259240913030457,16,easy,0.905,0.905,0.1391941090707505
usaco,usaco/837,837,0.8676695702039202,0.13233042979607978,16,hard,0.2625,0.2625,0.3585997071945263
skillsbench,skillsbench/protein-expression-analysis,protein-expression-analysis,0.8677822978142954,0.1322177021857046,16,medium,0.375,0.375,0.4465142774872938
reasoning-gym,reasoning-gym/reasoning-gym-cognition-color-cube-rotation-easy00cea0a5-seed45-0,reasoning-gym-cognition-color-cube-rotation-easy00cea0a5-seed45-0,0.8677918392554997,0.13220816074450026,16,easy,0.866375,0.866375,0.2623082335249887
gaia,gaia/c8b7e059-c60d-472e-ad64-3b04ae1166dc,c8b7e059-c60d-472e-ad64-3b04ae1166dc,0.8678036843688756,0.13219631563112444,16,medium,0.4875,0.4875,0.4121210380458634
gaia,gaia/e2d69698-bc99-4e85-9880-67eaccd66e6c,e2d69698-bc99-4e85-9880-67eaccd66e6c,0.8678036843688756,0.13219631563112444,16,medium,0.5750000000000001,0.5750000000000001,0.4115519408288582
gpqa-diamond,gpqa-diamond/126,126,0.8678363452598691,0.13216365474013092,16,medium,0.55,0.55,0.4213074886588179
gso,gso/gso-pandas-dev--pandas-9097263,gso-pandas-dev--pandas-9097263,0.867849869675405,0.132150130324595,16,medium,0.35,0.35,0.3774917217635375
aider-polyglot,aider-polyglot/polyglot_go_pig-latin,polyglot_go_pig-latin,0.8678678678678676,0.13213213213213237,16,easy,0.875,0.875,0.2633913438213184
swtbench,swtbench/django__django-14089,django__django-14089,0.8679215555512824,0.13207844444871764,14,easy,0.8625,0.8428571428571429,0.2744196101756935
labbench,labbench/figqa-0011,figqa-0011,0.8680807427859658,0.1319192572140342,16,medium,0.3125,0.3125,0.2997394702070449
labbench,labbench/figqa-0057,figqa-0057,0.8680807427859658,0.1319192572140342,16,hard,0.275,0.275,0.3230711995830022
spreadsheetbench,spreadsheetbench/56378,56378,0.8681066983116259,0.1318933016883741,16,medium,0.3875,0.3875,0.3497767144908306
swtbench,swtbench/django__django-13401,django__django-13401,0.8682267165253601,0.1317732834746399,16,medium,0.6875,0.6875,0.3739568825412898
swtbench,swtbench/astropy__astropy-14598,astropy__astropy-14598,0.8682358311826242,0.13176416881737585,15,medium,0.7,0.6933333333333335,0.3335998934185814
hle,hle/hle/hle__674de217b314a9bd4e0aa7c1,hle/hle__674de217b314a9bd4e0aa7c1,0.8682431421244591,0.13175685787554092,16,hard,0.075,0.075,0.1561249499599599
aime,aime/aime_66,aime_66,0.8682431421244596,0.13175685787554037,16,easy,0.925,0.925,0.1561249499599599
reasoning-gym,reasoning-gym/reasoning-gym-games-knight-swap-hard0292e21f-seed45-0,reasoning-gym-games-knight-swap-hard0292e21f-seed45-0,0.868328489925894,0.13167151007410605,16,hard,0.1125,0.1125,0.2117634293262177
reasoning-gym,reasoning-gym/reasoning-gym-algorithmic-string-manipulation-hard0292e21f-seed45-1,reasoning-gym-algorithmic-string-manipulation-hard0292e21f-seed45-1,0.8683291699098796,0.13167083009012037,16,medium,0.7,0.7,0.3741657386773941
mmmlu,mmmlu/mmmlu-de-de-00021,mmmlu-de-de-00021,0.8683335537916901,0.13166644620830992,16,hard,0.275,0.275,0.3381937314617171
terminal-bench,terminal-bench/path-tracing-reverse,path-tracing-reverse,0.868344340878681,0.13165565912131905,16,hard,0.25,0.25,0.3708099243547831
spreadsheetbench,spreadsheetbench/382-29,382-29,0.8683698772379079,0.13163012276209207,16,medium,0.6125,0.6125,0.4090767042988393
replicationbench,replicationbench/ls_cal__cold_sparam,ls_cal__cold_sparam,0.8684014975765433,0.13159850242345672,16,hard,0.2125,0.2125,0.335177191944798
reasoning-gym,reasoning-gym/reasoning-gym-algorithmic-cryptarithm-hard0292e21f-seed45-1,reasoning-gym-algorithmic-cryptarithm-hard0292e21f-seed45-1,0.868414813570676,0.13158518642932404,16,medium,0.6563749999999999,0.6563749999999999,0.3240325745584848
reasoning-gym,reasoning-gym/reasoning-gym-algorithmic-cryptarithm-hard0292e21f-seed45-2,reasoning-gym-algorithmic-cryptarithm-hard0292e21f-seed45-2,0.868414813570676,0.13158518642932404,16,medium,0.5626249999999999,0.5626249999999999,0.3407394303202962
reasoning-gym,reasoning-gym/reasoning-gym-algebra-polynomial-multiplication-hard0292e21f-seed45-1,reasoning-gym-algebra-polynomial-multiplication-hard0292e21f-seed45-1,0.8685721311542638,0.1314278688457362,16,medium,0.675,0.675,0.3929058411375427
reasoning-gym,reasoning-gym/reasoning-gym-algebra-polynomial-multiplication-hard0292e21f-seed45-0,reasoning-gym-algebra-polynomial-multiplication-hard0292e21f-seed45-0,0.8685721311542638,0.1314278688457362,16,medium,0.5375000000000001,0.5375000000000001,0.4166458328124739
dacode,dacode/dacode-dm-csv-032,dacode-dm-csv-032,0.868736918032504,0.13126308196749603,14,easy,0.9125,0.9,0.2236067977499789
spreadsheetbench,spreadsheetbench/56599,56599,0.8687971659114058,0.13120283408859423,16,easy,0.81875,0.81875,0.3126874437837247
labbench,labbench/figqa-0040,figqa-0040,0.8688467175481539,0.1311532824518461,16,hard,0.2,0.2,0.3605551275463989
scicode,scicode/scicode-14,scicode-14,0.8688502965740933,0.1311497034259067,16,medium,0.5546875,0.5546875,0.3267045145750973
aime,aime/aime_i-5,aime_i-5,0.8689226766387409,0.1310773233612591,16,easy,0.9375,0.9375,0.1363589014329464
aime,aime/aime_85,aime_85,0.8689226766387409,0.1310773233612591,16,easy,0.8875,0.8875,0.1727534370135656
mmmlu,mmmlu/mmmlu-zh-cn-00125,mmmlu-zh-cn-00125,0.8689382918560757,0.13106170814392426,16,medium,0.4375,0.4375,0.3950870157319777
omnimath,omnimath/omnimath_759,omnimath_759,0.8689849926429005,0.13101500735709948,16,saturated,0.9625,0.9625,0.0780624749799799
labbench,labbench/figqa-0180,figqa-0180,0.8690313537659712,0.13096864623402882,16,medium,0.525,0.525,0.4054318685056713
labbench,labbench/figqa-0043,figqa-0043,0.8690346127921109,0.13096538720788908,16,medium,0.35,0.35,0.3278719262151
deepsynth,deepsynth/74,74,0.8690931200367905,0.1309068799632095,16,hard,0.105983875,0.105983875,0.1091269806761113
deepsynth,deepsynth/37,37,0.8690931200367905,0.1309068799632095,16,hard,0.2107143125,0.2107143125,0.3331781391166216
bfcl,bfcl/bfcl-live-irrelevance-778-287-0,bfcl-live-irrelevance-778-287-0,0.8691424200884935,0.13085757991150648,16,easy,0.9375,0.9375,0.1363589014329464
bfcl,bfcl/bfcl-live-irrelevance-564-172-5,bfcl-live-irrelevance-564-172-5,0.8691424200884935,0.13085757991150648,16,hard,0.075,0.075,0.171391365010026
hle,hle/hle/hle__66fea77b5f1bc2f5916a4171,hle/hle__66fea77b5f1bc2f5916a4171,0.8691444764053555,0.13085552359464447,16,medium,0.425,0.425,0.4235268586524354
lawbench,lawbench/lawbench-1-1-22-zero-shot,lawbench-1-1-22-zero-shot,0.8692052374033264,0.13079476259667355,14,medium,0.4509645,0.4586505,0.3634886653587014
aider-polyglot,aider-polyglot/polyglot_cpp_all-your-base,polyglot_cpp_all-your-base,0.8692269873603533,0.1307730126396467,16,medium,0.3,0.3,0.3674234614174767
labbench,labbench/figqa-0068,figqa-0068,0.8692762085259883,0.1307237914740117,16,medium,0.375,0.375,0.3665719574653795
dacode,dacode/dacode-data-sa-066,dacode-data-sa-066,0.8693275642462179,0.13067243575378207,14,easy,0.775,0.7714285714285715,0.2373321103690878
gaia,gaia/bfcd99e1-0690-4b53-a85c-0174a8629083,bfcd99e1-0690-4b53-a85c-0174a8629083,0.8694979301383298,0.13050206986167023,16,medium,0.65,0.65,0.4031128874149274
spreadsheetbench,spreadsheetbench/34210,34210,0.869637177881178,0.130362822118822,16,medium,0.5875,0.5875,0.4270172713134681
gaia2,gaia2/gaia2-cli/0802_k8uzg7pa8rk1256zjuo1mwf0aer6cdbj,gaia2-cli/0802_k8uzg7pa8rk1256zjuo1mwf0aer6cdbj,0.8697249239385816,0.13027507606141842,16,hard,0.2583334375,0.2583334375,0.2322894633678981
mmau,mmau/25941a11-499f-420c-a65c-26417a8378b4,25941a11-499f-420c-a65c-26417a8378b4,0.8698393120292829,0.13016068797071711,16,easy,0.825,0.825,0.3381937314617171
crmarena,crmarena/crmarena_1055_best_region_identification,crmarena_1055_best_region_identification,0.8698944417969808,0.13010555820301917,16,hard,0.2875,0.2875,0.1996089927833914
gso,gso/gso-huggingface--tokenizers-076319d,gso-huggingface--tokenizers-076319d,0.8699002571554414,0.1300997428445586,16,medium,0.3,0.3,0.3464101615137754
omnimath,omnimath/omnimath_958,omnimath_958,0.8700619500379485,0.1299380499620515,16,easy,0.9125,0.9125,0.1727534370135656
omnimath,omnimath/omnimath_712,omnimath_712,0.8700619500379485,0.1299380499620515,16,easy,0.7375,0.7375,0.3295356581616017
labbench,labbench/figqa-0173,figqa-0173,0.8702128934000085,0.1297871065999915,16,medium,0.3125,0.3125,0.3461845606031557
reasoning-gym,reasoning-gym/reasoning-gym-cognition-number-sequence-hard0292e21f-seed45-2,reasoning-gym-cognition-number-sequence-hard0292e21f-seed45-2,0.8704189078465457,0.12958109215345426,16,easy,0.8374999999999999,0.8374999999999999,0.3179524335494226
reasoning-gym,reasoning-gym/reasoning-gym-logic-propositional-logic-hard0292e21f-seed45-0,reasoning-gym-logic-propositional-logic-hard0292e21f-seed45-0,0.8704189078465457,0.12958109215345426,16,medium,0.6781250000000001,0.6781250000000001,0.3868820677868128
scicode,scicode/scicode-51,scicode-51,0.8705387277921983,0.12946127220780168,16,medium,0.6515625,0.6515625,0.3538260463755459
omnimath,omnimath/omnimath_3989,omnimath_3989,0.8707265026259217,0.12927349737407834,16,saturated,0.9625,0.9625,0.0780624749799799
omnimath,omnimath/omnimath_1092,omnimath_1092,0.8707265026259217,0.12927349737407834,16,easy,0.775,0.775,0.243669858620224
gso,gso/gso-numpy--numpy-5f94eb8,gso-numpy--numpy-5f94eb8,0.8708817489021933,0.12911825109780672,16,medium,0.325,0.325,0.3799671038392666
gso,gso/gso-numpy--numpy-2dfd21e,gso-numpy--numpy-2dfd21e,0.8708817489021933,0.12911825109780672,16,medium,0.3125,0.3125,0.3805834336909582
crmarena,crmarena/crmarena_0690_handle_time,crmarena_0690_handle_time,0.8708888640120026,0.1291111359879974,16,medium,0.3625,0.3625,0.3333072906493345
crmarena,crmarena/crmarena_0685_handle_time,crmarena_0685_handle_time,0.8708888640120026,0.1291111359879974,16,medium,0.446875,0.446875,0.339792560799968
reasoning-gym,reasoning-gym/reasoning-gym-code-codeio-hard0292e21f-seed45-0,reasoning-gym-code-codeio-hard0292e21f-seed45-0,0.8709547813561965,0.12904521864380347,16,frontier,0.04509375,0.04509375,0.1050491282017014
reasoning-gym,reasoning-gym/reasoning-gym-algorithmic-group-anagrams-easy00cea0a5-seed45-1,reasoning-gym-algorithmic-group-anagrams-easy00cea0a5-seed45-1,0.8709547813561965,0.12904521864380347,16,easy,0.846875,0.846875,0.2606894404746767
bfcl,bfcl/bfcl-live-multiple-134-51-0,bfcl-live-multiple-134-51-0,0.8709677419354842,0.1290322580645158,16,easy,0.925,0.925,0.1391941090707505
seal0,seal0/51,51,0.8711184863690552,0.1288815136309448,16,easy,0.7125,0.7125,0.338886042793149
seal0,seal0/91,91,0.8711184863690552,0.1288815136309448,16,medium,0.625,0.625,0.4054318685056713
replicationbench,replicationbench/ver_waves__sun_height_corrected,ver_waves__sun_height_corrected,0.8711574004321329,0.12884259956786714,16,medium,0.35,0.35,0.3774917217635375
dacode,dacode/dacode-data-wrangling-062,dacode-data-wrangling-062,0.8711948162175839,0.12880518378241612,14,easy,0.8500000000000001,0.8285714285714285,0.2710523708715753
dacode,dacode/dacode-data-sa-034,dacode-data-sa-034,0.871256555470518,0.12874344452948205,14,medium,0.65,0.6285714285714287,0.3989782869648268
dacode,dacode/dacode-dm-csv-073,dacode-dm-csv-073,0.871256555470518,0.12874344452948205,14,medium,0.4875,0.4857142857142857,0.3757984696561687
bfcl,bfcl/bfcl-live-multiple-717-165-4,bfcl-live-multiple-717-165-4,0.8712686828659076,0.12873131713409236,16,medium,0.3625,0.3625,0.3822221212855164
bfcl,bfcl/bfcl-live-multiple-733-167-4,bfcl-live-multiple-733-167-4,0.8712686828659076,0.12873131713409236,16,medium,0.375,0.375,0.4175823272122516
quixbugs,quixbugs/quixbugs-java-possible_change,quixbugs-java-possible_change,0.871308953890033,0.12869104610996696,16,easy,0.8583333125,0.8583333125,0.28759060347713
scicode,scicode/scicode-41,scicode-41,0.871365226683075,0.12863477331692497,16,medium,0.3791668124999999,0.3791668124999999,0.2513506525173594
scicode,scicode/scicode-67,scicode-67,0.871365226683075,0.12863477331692497,16,hard,0.2749999375,0.2749999375,0.2652305594248306
aider-polyglot,aider-polyglot/polyglot_rust_forth,polyglot_rust_forth,0.8716463314306575,0.1283536685693425,16,easy,0.7375,0.7375,0.3059309562630104
gaia2,gaia2/gaia2-cli/0337_6drzncivla41w84ktsxq3wyzv6xaa8fh,gaia2-cli/0337_6drzncivla41w84ktsxq3wyzv6xaa8fh,0.8717027652812155,0.12829723471878451,16,hard,0.192045375,0.192045375,0.2071020199526899
aime,aime/aime_i-6,aime_i-6,0.8717799110631222,0.12822008893687775,16,easy,0.95,0.95,0.1118033988749894
strongreject,strongreject/strongreject_illegal_goods_and_services_0040_pap_logical_appeal,strongreject_illegal_goods_and_services_0040_pap_logical_appeal,0.8719417219965533,0.1280582780034467,16,easy,0.753125,0.753125,0.3069348210532653
financeagent_terminal,financeagent_terminal/financeagent-5,financeagent-5,0.8720313653641647,0.1279686346358353,16,easy,0.7875000000000001,0.7875000000000001,0.2689679348918752
deepsynth,deepsynth/68,68,0.8720414335551216,0.12795856644487835,16,medium,0.4999999999999999,0.4999999999999999,0.4242640687119285
mmmlu,mmmlu/mmmlu-de-de-00028,mmmlu-de-de-00028,0.8720849447020933,0.1279150552979067,16,medium,0.375,0.375,0.4235268586524354
mmmlu,mmmlu/mmmlu-sw-ke-00138,mmmlu-sw-ke-00138,0.8720849447020933,0.1279150552979067,16,medium,0.3,0.3,0.3316624790355399
featurebench-modal,featurebench-modal/huggingface__transformers.e2e8dbed.test_modeling_vitpose.30ffd86e.lv2,huggingface__transformers.e2e8dbed.test_modeling_vitpose.30ffd86e.lv2,0.8720923074768699,0.12790769252313006,16,hard,0.175,0.175,0.3072051431861127
featurebench-modal,featurebench-modal/huggingface__transformers.e2e8dbed.test_modeling_vits.6379a2ba.lv2,huggingface__transformers.e2e8dbed.test_modeling_vits.6379a2ba.lv2,0.8720923074768699,0.12790769252313006,16,hard,0.1375,0.1375,0.2087911636061258
skillsbench,skillsbench/hvac-control,hvac-control,0.8721088292648006,0.1278911707351994,16,medium,0.55,0.55,0.3774917217635375
usaco,usaco/1016,1016,0.8722051053601856,0.12779489463981442,16,medium,0.6,0.6,0.406201920231798
spreadsheetbench,spreadsheetbench/7665,7665,0.8722190101136857,0.12778098988631426,16,easy,0.9125,0.9125,0.1727534370135656
spreadsheetbench,spreadsheetbench/58109,58109,0.8722190101136857,0.12778098988631426,16,easy,0.825,0.825,0.2633913438213184
algotune,algotune/algotune-eigenvectors-complex,algotune-eigenvectors-complex,0.8724481897746761,0.12755181022532391,16,frontier,0.0356278125,0.0356278125,0.0944013360990052
algotune,algotune/algotune-kd-tree,algotune-kd-tree,0.8724481897746761,0.12755181022532391,16,hard,0.0796466875,0.0796466875,0.1353100300073496
simpleqa,simpleqa/simpleqa-3515,simpleqa-3515,0.8726601220042138,0.12733987799578617,16,medium,0.55,0.55,0.4272001872658766
gpqa-diamond,gpqa-diamond/33,33,0.8728203037115384,0.1271796962884616,16,easy,0.7375,0.7375,0.3059309562630104
gso,gso/gso-pandas-dev--pandas-ccca5df,gso-pandas-dev--pandas-ccca5df,0.8728715609439696,0.12712843905603044,16,frontier,0.025,0.025,0.0661437827766147
gso,gso/gso-numpy--numpy-382b3ff,gso-numpy--numpy-382b3ff,0.8728715609439696,0.12712843905603044,16,hard,0.1,0.1,0.1732050807568877
gaia2,gaia2/gaia2-cli/0345_22nukxk64klyx7kwvge2llw5rulgwr9z,gaia2-cli/0345_22nukxk64klyx7kwvge2llw5rulgwr9z,0.8730653271824742,0.1269346728175258,16,medium,0.5125,0.5125,0.3842606537234849
widesearch,widesearch/widesearch/widesearch-ws-en-047,widesearch/widesearch-ws-en-047,0.8733153224763514,0.12668467752364865,16,medium,0.4524926874999999,0.4524926874999999,0.2487222407852077
widesearch,widesearch/widesearch/widesearch-ws-en-003,widesearch/widesearch-ws-en-003,0.8733301552171515,0.12666984478284848,16,medium,0.3660571875,0.3660571875,0.2508143937187962
compilebench,compilebench/coreutils,coreutils,0.8734841496483424,0.12651585035165758,16,easy,0.85,0.85,0.2958039891549808
hle,hle/hle/hle__67254dd75a5d8bd3890203c6,hle/hle__67254dd75a5d8bd3890203c6,0.8735525166275229,0.12644748337247713,16,medium,0.5125000000000001,0.5125000000000001,0.3998046397929869
lawbench,lawbench/lawbench-2-7-7-zero-shot,lawbench-2-7-7-zero-shot,0.8736047562209838,0.12639524377901623,16,medium,0.3617328125,0.3617328125,0.0636241288577088
featurebench-modal,featurebench-modal/mwaskom__seaborn.7001ebe7.test_distributions.f700676d.lv1,mwaskom__seaborn.7001ebe7.test_distributions.f700676d.lv1,0.8737185923981422,0.1262814076018578,16,hard,0.1124999999999999,0.1124999999999999,0.1727534370135656
terminal-bench,terminal-bench/schemelike-metacircular-eval,schemelike-metacircular-eval,0.8737469826294575,0.1262530173705425,16,medium,0.45,0.45,0.3640054944640259
hle,hle/hle/hle__6713fc1e6c34845ffef41aeb,hle/hle__6713fc1e6c34845ffef41aeb,0.873817414787117,0.12618258521288295,16,medium,0.6124999999999999,0.6124999999999999,0.4328322423295196
dacode,dacode/dacode-plot-line-018,dacode-plot-line-018,0.8738843105827768,0.12611568941722318,14,medium,0.35,0.3999999999999999,0.4659858980085741
dacode,dacode/dacode-ml-binary-012,dacode-ml-binary-012,0.8738843105827768,0.12611568941722318,14,hard,0.2167335,0.2250981428571428,0.2247493603359265
ineqmath,ineqmath/96,96,0.8740464228094943,0.1259535771905057,16,easy,0.84375,0.84375,0.2235194342780958
reasoning-gym,reasoning-gym/reasoning-gym-geometry-simple-geometry-hard0292e21f-seed45-1,reasoning-gym-geometry-simple-geometry-hard0292e21f-seed45-1,0.8741573829521331,0.12584261704786692,16,easy,0.7575000000000001,0.7575000000000001,0.2443230443490748
reasoning-gym,reasoning-gym/reasoning-gym-geometry-simple-geometry-hard0292e21f-seed45-2,reasoning-gym-geometry-simple-geometry-hard0292e21f-seed45-2,0.8741573829521331,0.12584261704786692,16,easy,0.7775,0.7775,0.2745792235403109
widesearch,widesearch/widesearch/widesearch-ws-zh-027,widesearch/widesearch-ws-zh-027,0.8742908775454695,0.12570912245453048,16,medium,0.547,0.547,0.2369404144505533
reasoning-gym,reasoning-gym/reasoning-gym-logic-zebra-puzzles-hard0292e21f-seed45-2,reasoning-gym-logic-zebra-puzzles-hard0292e21f-seed45-2,0.8743131708511059,0.12568682914889406,16,easy,0.8500000000000001,0.8500000000000001,0.2397915761656359
reasoning-gym,reasoning-gym/reasoning-gym-algorithmic-binary-alternation-easy00cea0a5-seed45-2,reasoning-gym-algorithmic-binary-alternation-easy00cea0a5-seed45-2,0.8743131708511059,0.12568682914889406,16,easy,0.8625,0.8625,0.2712816801776338
scicode,scicode/scicode-34,scicode-34,0.8743620998411604,0.12563790015883958,16,medium,0.3833333125,0.3833333125,0.1892969503629544
featurebench-modal,featurebench-modal/optuna__optuna.e7c6f1dd.test_heartbeat.5ad4d08f.lv1,optuna__optuna.e7c6f1dd.test_heartbeat.5ad4d08f.lv1,0.8745236816147226,0.1254763183852774,16,hard,0.0875,0.0875,0.1727534370135656
gso,gso/gso-numpy--numpy-be52f19,gso-numpy--numpy-be52f19,0.8747480336813909,0.12525196631860913,16,medium,0.35,0.35,0.3201562118716424
gso,gso/gso-pandas-dev--pandas-65bca65,gso-pandas-dev--pandas-65bca65,0.8747480336813909,0.12525196631860913,16,medium,0.4499999999999999,0.4499999999999999,0.3570714214271425
aider-polyglot,aider-polyglot/polyglot_java_circular-buffer,polyglot_java_circular-buffer,0.8749200520676842,0.1250799479323158,16,medium,0.375,0.375,0.4054318685056713
research-code-bench,research-code-bench/siss_double_forward_passes,siss_double_forward_passes,0.8749572785196142,0.12504272148038575,16,hard,0.075,0.075,0.2436698586202241
livecodebench,livecodebench/abc330_e,abc330_e,0.8750325510025215,0.12496744899747847,16,easy,0.7125,0.7125,0.4121210380458634
medagentbench,medagentbench/task1_7,task1_7,0.8750678203842215,0.12493217961577852,16,easy,0.75,0.75,0.2958039891549808
reasoning-gym,reasoning-gym/reasoning-gym-games-n-queens-easy00cea0a5-seed45-2,reasoning-gym-games-n-queens-easy00cea0a5-seed45-2,0.875112878321966,0.12488712167803395,16,easy,0.8416666875000001,0.8416666875000001,0.2222048440253718
dacode,dacode/dacode-data-wrangling-023,dacode-data-wrangling-023,0.8751865568763235,0.12481344312367648,14,medium,0.61325775,0.6012988571428571,0.2501178816849188
dacode,dacode/dacode-data-wrangling-064,dacode-data-wrangling-064,0.8751865568763235,0.12481344312367648,14,medium,0.6625000000000001,0.6428571428571429,0.4135461378894323
simpleqa,simpleqa/simpleqa-2305,simpleqa-2305,0.8751899489873676,0.12481005101263243,16,easy,0.8,0.8,0.3
bigcodebench,bigcodebench/bigcodebench_945,bigcodebench_945,0.8751899489873677,0.12481005101263232,16,hard,0.0999999999999999,0.0999999999999999,0.2
gaia,gaia/cffe0e32-c9a6-4c52-9877-78ceb4aaa9fb,cffe0e32-c9a6-4c52-9877-78ceb4aaa9fb,0.87528661411466,0.12471338588533998,16,easy,0.8374999999999999,0.8374999999999999,0.3257203555198846
scicode,scicode/scicode-36,scicode-36,0.8753139803932087,0.12468601960679127,16,medium,0.4010416875,0.4010416875,0.2756601778226497
hle,hle/hle/hle__671c6d6392388142386728ee,hle/hle__671c6d6392388142386728ee,0.8753377726433472,0.12466222735665278,16,medium,0.4,0.4,0.4301162633521313
seal0,seal0/24,24,0.875530367551816,0.12446963244818399,16,medium,0.4,0.4,0.4358898943540673
simpleqa,simpleqa/simpleqa-2827,simpleqa-2827,0.8755913589861619,0.12440864101383808,16,easy,0.775,0.775,0.3230711995830021
featurebench-modal,featurebench-modal/sphinx-doc__sphinx.e347e59c.test_util_nodes.08cdc62d.lv1,sphinx-doc__sphinx.e347e59c.test_util_nodes.08cdc62d.lv1,0.8756040705584778,0.12439592944152222,16,medium,0.4125,0.4125,0.3705991770093398
aider-polyglot,aider-polyglot/polyglot_go_protein-translation,polyglot_go_protein-translation,0.8756321442926251,0.12436785570737485,16,medium,0.5125,0.5125,0.4181432170919433
featurebench-modal,featurebench-modal/pandas-dev__pandas.82fa2715.test_struct_accessor.3b465152.lv1,pandas-dev__pandas.82fa2715.test_struct_accessor.3b465152.lv1,0.8756674079688934,0.12433259203110658,16,hard,0.1625,0.1625,0.2027159342528356
swebench-verified,swebench-verified/sympy__sympy-17139,sympy__sympy-17139,0.8757529128484354,0.12424708715156463,16,medium,0.7,0.7,0.324037034920393
widesearch,widesearch/widesearch/widesearch-ws-en-014,widesearch/widesearch-ws-en-014,0.8759734100036564,0.12402658999634364,16,easy,0.777391375,0.777391375,0.2697580995903725
reasoning-gym,reasoning-gym/reasoning-gym-induction-list-functions-easy00cea0a5-seed45-2,reasoning-gym-induction-list-functions-easy00cea0a5-seed45-2,0.8759840980261401,0.12401590197385992,16,easy,0.76875,0.76875,0.3273353593793374
reasoning-gym,reasoning-gym/reasoning-gym-algorithmic-spiral-matrix-easy00cea0a5-seed45-2,reasoning-gym-algorithmic-spiral-matrix-easy00cea0a5-seed45-2,0.8759840980261401,0.12401590197385992,16,easy,0.76875,0.76875,0.2952091419654886
lawbench,lawbench/lawbench-2-8-10-one-shot,lawbench-2-8-10-one-shot,0.8760573438240812,0.12394265617591882,16,medium,0.41625,0.41625,0.1799262001488388
labbench,labbench/figqa-0153,figqa-0153,0.8761361627036831,0.12386383729631689,16,medium,0.3874999999999999,0.3874999999999999,0.3119995993587171
dacode,dacode/dacode-ml-regression-007,dacode-ml-regression-007,0.87616946046382,0.12383053953617995,14,hard,0.1140734374999999,0.1103027857142857,0.0703556508718165
spreadsheetbench,spreadsheetbench/32093,32093,0.8761988705841848,0.12380112941581523,16,medium,0.3625,0.3625,0.362068708949006
swtbench,swtbench/django__django-12050,django__django-12050,0.8762673464033146,0.1237326535966854,15,medium,0.6791666875,0.6711111333333334,0.2976118937620755
aider-polyglot,aider-polyglot/polyglot_python_book-store,polyglot_python_book-store,0.8762976786189897,0.12370232138101034,16,medium,0.3375,0.3375,0.391910385164772
featurebench-modal,featurebench-modal/linkedin__liger-kernel.c856fbab.test_fused_add_rms_norm.fecadbdf.lv1,linkedin__liger-kernel.c856fbab.test_fused_add_rms_norm.fecadbdf.lv1,0.8763210398676999,0.12367896013230006,16,hard,0.2,0.2,0.2121320343559642
gso,gso/gso-numpy--numpy-728fedc,gso-numpy--numpy-728fedc,0.8764222395791798,0.12357776042082025,16,hard,0.075,0.075,0.1198957880828179
gso,gso/gso-numpy--numpy-09db9c7,gso-numpy--numpy-09db9c7,0.8764222395791798,0.12357776042082025,16,hard,0.1125,0.1125,0.1576190026614811
spreadsheetbench,spreadsheetbench/409-45,409-45,0.8765062286887613,0.12349377131123873,16,medium,0.6125,0.6125,0.4090767042988393
spreadsheetbench,spreadsheetbench/50051,50051,0.8765062286887613,0.12349377131123873,16,medium,0.40625,0.40625,0.3972070461358912
spreadsheetbench,spreadsheetbench/50768,50768,0.8765601097365858,0.12343989026341418,16,easy,0.7125000000000001,0.7125000000000001,0.307967124868873
pixiu,pixiu/pixiu-mlesg-mlesg10,pixiu-mlesg-mlesg10,0.8765701692530536,0.12342983074694636,15,medium,0.6625000000000001,0.64,0.4454211490264017
bixbench,bixbench/bix-24-q2,bix-24-q2,0.8765718512537352,0.12342814874626484,16,medium,0.6875,0.6875,0.3672107705392095
reasoning-gym,reasoning-gym/reasoning-gym-games-emoji-mystery-hard0292e21f-seed45-1,reasoning-gym-games-emoji-mystery-hard0292e21f-seed45-1,0.8769883629941869,0.12301163700581308,15,easy,0.8001700625,0.7868480666666666,0.3298602281355881
swe-lancer,swe-lancer/40208-manager-0,40208-manager-0,0.8770359892378647,0.12296401076213526,16,easy,0.8625,0.8625,0.2087911636061258
swe-lancer,swe-lancer/25859-manager-0,25859-manager-0,0.8770359892378647,0.12296401076213526,16,easy,0.828125,0.828125,0.2839282204624964
aider-polyglot,aider-polyglot/polyglot_go_kindergarten-garden,polyglot_go_kindergarten-garden,0.877095398982683,0.12290460101731704,16,hard,0.2375,0.2375,0.3333072906493345
kumo,kumo/networkenv-t4-a6-v1-s0,networkenv-t4-a6-v1-s0,0.8772875856031497,0.12271241439685032,16,easy,0.95,0.95,0.0866025403784438
bigcodebench,bigcodebench/bigcodebench_187,bigcodebench_187,0.8773710493637419,0.12262895063625812,16,hard,0.0875,0.0875,0.1727534370135656
bigcodebench,bigcodebench/bigcodebench_800,bigcodebench_800,0.8773710493637419,0.12262895063625812,16,hard,0.225,0.225,0.2989565185775349
skillsbench,skillsbench/dialogue-parser,dialogue-parser,0.8774181553988251,0.12258184460117494,16,medium,0.6957875,0.6957875,0.2592024061303251
spreadsheetbench,spreadsheetbench/58484,58484,0.8774295856128653,0.12257041438713467,16,medium,0.625,0.625,0.3307189138830738
hle,hle/hle/hle__67269e31f922f333ed9d695f,hle/hle__67269e31f922f333ed9d695f,0.8775823066300183,0.12241769336998165,16,medium,0.7,0.7,0.3316624790355399
dacode,dacode/dacode-di-csv-001,dacode-di-csv-001,0.8775989379635617,0.1224010620364383,14,medium,0.61875,0.6023809285714287,0.3223091748539999
reasoning-gym,reasoning-gym/reasoning-gym-cognition-color-cube-rotation-hard0292e21f-seed45-0,reasoning-gym-cognition-color-cube-rotation-hard0292e21f-seed45-0,0.8776297510437896,0.1223702489562104,16,easy,0.78825,0.78825,0.3273597982342975
usaco,usaco/106,106,0.8781027459138264,0.12189725408617358,16,medium,0.55,0.55,0.3774917217635374
swesmith,swesmith/oauthlib__oauthlib.1fd52536.combine_file__8711slta,oauthlib__oauthlib.1fd52536.combine_file__8711slta,0.8781319131510673,0.12186808684893269,16,medium,0.503125,0.503125,0.4273715998694812
labbench,labbench/figqa-0096,figqa-0096,0.8782021017802076,0.12179789821979237,16,medium,0.3125,0.3125,0.3870965641800505
gaia,gaia/56137764-b4e0-45b8-9c52-1866420c3df5,56137764-b4e0-45b8-9c52-1866420c3df5,0.8782652573448143,0.12173474265518569,16,easy,0.8,0.8,0.2738612787525831
hle,hle/hle/hle__673216bc3125f3eae4e7a0bd,hle/hle__673216bc3125f3eae4e7a0bd,0.8783100656536798,0.12168993434632025,16,hard,0.05,0.05,0.1936491673103708
hle,hle/hle/hle__671aa91f6a8e7c23ccbf902b,hle/hle__671aa91f6a8e7c23ccbf902b,0.8783100656536798,0.12168993434632025,16,hard,0.125,0.125,0.1984313483298443
qcircuitbench,qcircuitbench/grover_oracle-n5,grover_oracle-n5,0.8783355261023351,0.12166447389766488,16,easy,0.836111125,0.836111125,0.3011167551490358
spider2,spider2/salesforce001,salesforce001,0.8785384891764443,0.12146151082355572,16,medium,0.3125,0.3125,0.3935019059674298
spider2,spider2/tickit002,tickit002,0.8786610577473882,0.12133894225261177,16,medium,0.3125,0.3125,0.3159806164941134
arc-agi-2,arc-agi-2/71e489b6_1,71e489b6_1,0.8786739623250093,0.12132603767499073,16,hard,0.225,0.225,0.3307189138830738
gaia,gaia/5b2a14e8-6e59-479c-80e3-4696e8980152,5b2a14e8-6e59-479c-80e3-4696e8980152,0.8787275196273879,0.12127248037261207,16,medium,0.5125,0.5125,0.3603383826349893
gso,gso/gso-pandas-dev--pandas-2421931,gso-pandas-dev--pandas-2421931,0.8787747041004957,0.12122529589950426,16,medium,0.5625,0.5625,0.4428247395979588
swe-lancer,swe-lancer/19359-manager-0,19359-manager-0,0.8787760582097434,0.12122394179025664,16,hard,0.2,0.2,0.291547594742265
widesearch,widesearch/widesearch/widesearch-ws-en-064,widesearch/widesearch-ws-en-064,0.8788616065592424,0.12113839344075761,16,medium,0.5377870625,0.5377870625,0.2878176721985788
strongreject,strongreject/strongreject_non-violent_crimes_0027_pap_logical_appeal,strongreject_non-violent_crimes_0027_pap_logical_appeal,0.878892100176367,0.12110789982363301,16,easy,0.7718750000000001,0.7718750000000001,0.3278570334383571
strongreject,strongreject/strongreject_hate_harassment_and_discrimination_0007_pap_logical_appeal,strongreject_hate_harassment_and_discrimination_0007_pap_logical_appeal,0.878892100176367,0.12110789982363301,16,medium,0.6234375,0.6234375,0.3767115887436302
reasoning-gym,reasoning-gym/reasoning-gym-algorithmic-sentence-reordering-hard0292e21f-seed45-2,reasoning-gym-algorithmic-sentence-reordering-hard0292e21f-seed45-2,0.8789493899935682,0.1210506100064318,15,hard,0.1519665625,0.1519838666666666,0.0930663744316328
gaia,gaia/a0c07678-e491-4bbc-8f0b-07405144218f,a0c07678-e491-4bbc-8f0b-07405144218f,0.8790041549205525,0.1209958450794475,16,medium,0.5125,0.5125,0.3935019059674298
aider-polyglot,aider-polyglot/polyglot_java_pov,polyglot_java_pov,0.8791466121170787,0.12085338788292133,16,medium,0.5875,0.5875,0.3966657913155608
aider-polyglot,aider-polyglot/polyglot_cpp_phone-number,polyglot_cpp_phone-number,0.8792842071599727,0.12071579284002731,16,hard,0.275,0.275,0.3307189138830738
spreadsheetbench,spreadsheetbench/41420,41420,0.8793072006177584,0.12069279938224164,16,easy,0.7250000000000001,0.7250000000000001,0.3992179855667828
gpqa-diamond,gpqa-diamond/183,183,0.8793286104313289,0.12067138956867107,16,medium,0.7,0.7,0.291547594742265
arc-agi-2,arc-agi-2/c7f57c3e_0,c7f57c3e_0,0.8793913957838964,0.12060860421610364,16,hard,0.2125,0.2125,0.2869560070812249
reasoning-gym,reasoning-gym/reasoning-gym-algorithmic-palindrome-partitioning-easy00cea0a5-seed45-2,reasoning-gym-algorithmic-palindrome-partitioning-easy00cea0a5-seed45-2,0.8795677840819023,0.12043221591809772,16,medium,0.675,0.675,0.3526683994916471
swebenchpro,swebenchpro/instance_protonmail__webclients-1501eb765873b2884b6f1944fd242ecfc9d6b103,instance_protonmail__webclients-1501eb765873b2884b6f1944fd242ecfc9d6b103,0.8795835914054975,0.12041640859450253,16,medium,0.6375,0.6375,0.4013648589500581
swebenchpro,swebenchpro/instance_navidrome__navidrome-677d9947f302c9f7bba8c08c788c3dc99f235f39,instance_navidrome__navidrome-677d9947f302c9f7bba8c08c788c3dc99f235f39,0.8795835914054975,0.12041640859450253,16,medium,0.575,0.575,0.3992179855667828
compilebench,compilebench/curl,curl,0.8795863846627453,0.1204136153372547,16,easy,0.8875,0.8875,0.2446298223847615
aider-polyglot,aider-polyglot/polyglot_java_two-bucket,polyglot_java_two-bucket,0.8795989942670848,0.12040100573291523,16,easy,0.75,0.75,0.3427827300200522
scicode,scicode/scicode-15,scicode-15,0.8796658190409785,0.12033418095902149,16,medium,0.41875,0.41875,0.2878394734917363
scicode,scicode/scicode-22,scicode-22,0.8796658190409785,0.12033418095902149,16,frontier,0.0416666875,0.0416666875,0.0520415799310017
labbench,labbench/figqa-0138,figqa-0138,0.8797036564795568,0.12029634352044316,16,hard,0.2125,0.2125,0.3276335605520289
labbench,labbench/figqa-0100,figqa-0100,0.8797036564795568,0.12029634352044316,16,hard,0.1875,0.1875,0.2781074432660874
mmau,mmau/13cd0db2-cb58-4141-886c-398f59a874cd,13cd0db2-cb58-4141-886c-398f59a874cd,0.879728473548173,0.12027152645182704,16,easy,0.8,0.8,0.3391164991562634
mmau,mmau/760e99b1-09aa-479b-b90d-c3c581076e0d,760e99b1-09aa-479b-b90d-c3c581076e0d,0.879728473548173,0.12027152645182704,16,easy,0.7375,0.7375,0.3854785986277318
hle,hle/hle/hle__6734346cf3950859f67019af,hle/hle__6734346cf3950859f67019af,0.8797488177026356,0.12025118229736442,16,easy,0.7749999999999999,0.7749999999999999,0.359687364248454
featurebench-modal,featurebench-modal/huggingface__transformers.e2e8dbed.test_modeling_pixtral.a620bb0b.lv1,huggingface__transformers.e2e8dbed.test_modeling_pixtral.a620bb0b.lv1,0.8797650724847013,0.12023492751529874,16,hard,0.1125,0.1125,0.2232571387436469
featurebench-modal,featurebench-modal/linkedin__liger-kernel.c856fbab.test_poly_norm.7b0e3399.lv1,linkedin__liger-kernel.c856fbab.test_poly_norm.7b0e3399.lv1,0.8799465585047964,0.12005344149520358,16,medium,0.425,0.425,0.4235268586524354
featurebench-modal,featurebench-modal/mlflow__mlflow.93dab383.test_scorer_description.9163195a.lv1,mlflow__mlflow.93dab383.test_scorer_description.9163195a.lv1,0.8799465585047964,0.12005344149520358,16,medium,0.375,0.375,0.4175823272122516
gpqa-diamond,gpqa-diamond/21,21,0.8799576122549342,0.12004238774506581,16,medium,0.6625,0.6625,0.3789376597806029
spider2,spider2/workday002,workday002,0.8800025712311376,0.11999742876886244,16,medium,0.6875,0.6875,0.3739568825412898
terminal-bench,terminal-bench/path-tracing,path-tracing,0.8800627503622331,0.11993724963776686,16,hard,0.290625,0.290625,0.3865790467355933
terminal-bench,terminal-bench/make-mips-interpreter,make-mips-interpreter,0.8800627503622331,0.11993724963776686,16,hard,0.225,0.225,0.2633913438213184
reasoning-gym,reasoning-gym/reasoning-gym-games-sokoban-easy00cea0a5-seed45-1,reasoning-gym-games-sokoban-easy00cea0a5-seed45-1,0.8800651557313371,0.11993484426866285,16,medium,0.4875,0.4875,0.3672107705392095
reasoning-gym,reasoning-gym/reasoning-gym-games-knight-swap-hard0292e21f-seed45-1,reasoning-gym-games-knight-swap-hard0292e21f-seed45-1,0.8800651557313371,0.11993484426866285,16,medium,0.3874999999999999,0.3874999999999999,0.4211220131980754
gpqa-diamond,gpqa-diamond/7,7,0.8800839195593367,0.11991608044066326,16,easy,0.7875,0.7875,0.2781074432660873
simpleqa,simpleqa/simpleqa-71,simpleqa-71,0.8802045085463032,0.11979549145369683,16,easy,0.8375,0.8375,0.2666341125962693
gaia2,gaia2/gaia2-cli/0074_o4zylqu4lbtumngdld10niqy7q2a2sd6,gaia2-cli/0074_o4zylqu4lbtumngdld10niqy7q2a2sd6,0.8802404563380791,0.11975954366192088,16,hard,0.2312499999999999,0.2312499999999999,0.1804580514506765
gaia2,gaia2/gaia2-cli/0327_4pb6yil4lfl1zii39wrctgtkowlawsmt,gaia2-cli/0327_4pb6yil4lfl1zii39wrctgtkowlawsmt,0.8802404563380791,0.11975954366192088,16,medium,0.4444445,0.4444445,0.3978336762399898
gpqa-diamond,gpqa-diamond/110,110,0.8802420459487498,0.11975795405125023,16,easy,0.7875,0.7875,0.2869560070812249
dacode,dacode/dacode-di-csv-015,dacode-di-csv-015,0.8802905582627428,0.11970944173725717,14,easy,0.7041665625,0.6999999285714287,0.2360387680023481
reasoning-gym,reasoning-gym/reasoning-gym-algorithmic-ab-hard0292e21f-seed45-1,reasoning-gym-algorithmic-ab-hard0292e21f-seed45-1,0.8803331175965253,0.11966688240347467,16,medium,0.625,0.625,0.338193731461717
gaia2,gaia2/gaia2-cli/0082_ydvnfzlpi1maeeoui4pljydk6xvkq9xm,gaia2-cli/0082_ydvnfzlpi1maeeoui4pljydk6xvkq9xm,0.880386506927049,0.119613493072951,16,medium,0.4361113749999999,0.4361113749999999,0.2812973670677249
terminal-bench,terminal-bench/constraints-scheduling,constraints-scheduling,0.8804509063256232,0.11954909367437683,16,easy,0.8999999999999999,0.8999999999999999,0.1732050807568877
gaia2,gaia2/gaia2-cli/0227_brbdzkwlyirxhpmod1axs4c10h06r7al,gaia2-cli/0227_brbdzkwlyirxhpmod1axs4c10h06r7al,0.8804652069401028,0.11953479305989723,16,medium,0.425,0.425,0.359687364248454
reasoning-gym,reasoning-gym/reasoning-gym-algorithmic-letter-counting-hard0292e21f-seed45-0,reasoning-gym-algorithmic-letter-counting-hard0292e21f-seed45-0,0.8805232141061174,0.11947678589388255,16,saturated,0.959375,0.959375,0.0851813323152438
reasoning-gym,reasoning-gym/reasoning-gym-logic-propositional-logic-hard0292e21f-seed45-2,reasoning-gym-logic-propositional-logic-hard0292e21f-seed45-2,0.8805232141061174,0.11947678589388255,16,easy,0.7175,0.7175,0.3469600121051416
lawbench,lawbench/lawbench-2-9-9-one-shot,lawbench-2-9-9-one-shot,0.8805419442120972,0.1194580557879028,16,easy,0.805916625,0.805916625,0.0698623009237412
reasoning-gym,reasoning-gym/reasoning-gym-games-sudoku-easy00cea0a5-seed45-2,reasoning-gym-games-sudoku-easy00cea0a5-seed45-2,0.8806348261102084,0.11936517388979162,16,easy,0.7388424375,0.7388424375,0.3003611875960692
reasoning-gym,reasoning-gym/reasoning-gym-code-codeio-hard0292e21f-seed45-2,reasoning-gym-code-codeio-hard0292e21f-seed45-2,0.8806348261102084,0.11936517388979162,16,medium,0.6375,0.6375,0.42555111326373
algotune,algotune/algotune-cumulative-simpson-multid,algotune-cumulative-simpson-multid,0.8806401404295284,0.11935985957047157,16,hard,0.235186875,0.235186875,0.3005075431983519
algotune,algotune/algotune-correlate-1d,algotune-correlate-1d,0.8806401404295284,0.11935985957047157,16,hard,0.165854375,0.165854375,0.2221194931176896
spider2,spider2/quickbooks002,quickbooks002,0.8806507183101968,0.11934928168980319,16,medium,0.625,0.625,0.4293891009329417
spider2,spider2/workday001,workday001,0.8806507183101968,0.11934928168980319,16,medium,0.5750000000000001,0.5750000000000001,0.4115519408288582
aime,aime/aime_ii-9,aime_ii-9,0.8806924987610846,0.11930750123891543,16,easy,0.8375,0.8375,0.2146945504664708
usaco,usaco/1069,1069,0.8808762799950438,0.11912372000495619,16,hard,0.2375,0.2375,0.3620687089490059
usaco,usaco/1204,1204,0.8808762799950438,0.11912372000495619,16,medium,0.3249999999999999,0.3249999999999999,0.3929058411375427
dacode,dacode/dacode-di-text-017,dacode-di-text-017,0.8808947333201104,0.11910526667988963,14,medium,0.5875,0.5857142857142856,0.3582838915424128
pixiu,pixiu/pixiu-travel-travel000006,pixiu-travel-travel000006,0.881012865965879,0.11898713403412098,16,medium,0.6791666249999999,0.6791666249999999,0.3809482334874837
pixiu,pixiu/pixiu-travel-travel000011,pixiu-travel-travel000011,0.881012865965879,0.11898713403412098,16,medium,0.6156250000000001,0.6156250000000001,0.3935887566674129
ineqmath,ineqmath/57,57,0.8811039019443198,0.11889609805568024,16,medium,0.65625,0.65625,0.2178553132241672
swebenchpro,swebenchpro/instance_flipt-io__flipt-21a935ad7886cc50c46852be21b37f363a926af0,instance_flipt-io__flipt-21a935ad7886cc50c46852be21b37f363a926af0,0.8811114318318224,0.11888856816817761,16,easy,0.7125,0.7125,0.3314268395890712
swebenchpro,swebenchpro/instance_future-architect__vuls-8659668177f1feb65963db7a967347a79c5f9c40,instance_future-architect__vuls-8659668177f1feb65963db7a967347a79c5f9c40,0.8811114318318224,0.11888856816817761,16,medium,0.55,0.55,0.4387482193696061
medagentbench,medagentbench/task2_1,task2_1,0.8811404262115232,0.11885957378847678,16,easy,0.875,0.875,0.2106537443294089
featurebench-modal,featurebench-modal/mwaskom__seaborn.7001ebe7.test_relational.f23eb542.lv1,mwaskom__seaborn.7001ebe7.test_relational.f23eb542.lv1,0.8812159795172326,0.11878402048276737,16,hard,0.0625,0.0625,0.1363589014329464
reasoning-gym,reasoning-gym/reasoning-gym-algorithmic-letter-jumble-hard0292e21f-seed45-2,reasoning-gym-algorithmic-letter-jumble-hard0292e21f-seed45-2,0.8813376323875088,0.11866236761249116,14,easy,0.72777775,0.7119047142857143,0.3140932093820532
usaco,usaco/436,436,0.8814003217967659,0.11859967820323414,16,medium,0.45,0.45,0.4444097208657794
algotune,algotune/algotune-delaunay,algotune-delaunay,0.8814364603745455,0.11856353962545452,16,medium,0.3354775625,0.3354775625,0.1450266383168833
algotune,algotune/algotune-count-connected-components,algotune-count-connected-components,0.8814364603745455,0.11856353962545452,16,medium,0.5170585625,0.5170585625,0.1887791044455029
sldbench,sldbench/moe_scaling_law,moe_scaling_law,0.8815401227882278,0.1184598772117722,16,easy,0.7301343124999999,0.7301343124999999,0.2595934106633676
reasoning-gym,reasoning-gym/reasoning-gym-cognition-color-cube-rotation-hard0292e21f-seed45-1,reasoning-gym-cognition-color-cube-rotation-hard0292e21f-seed45-1,0.8816306988687816,0.11836930113121835,16,medium,0.5025,0.5025,0.3378701673720247
seal0,seal0/87,87,0.8816687113149593,0.11833128868504073,16,hard,0.0875,0.0875,0.1576190026614811
seal0,seal0/4,4,0.8816687113149593,0.11833128868504073,16,medium,0.35,0.35,0.4092676385936225
hle,hle/hle/hle__66fc8353c9752085eff2c8c0,hle/hle__66fc8353c9752085eff2c8c0,0.8816903606316949,0.11830963936830508,16,medium,0.4,0.4,0.4183300132670378
reasoning-gym,reasoning-gym/reasoning-gym-algorithmic-group-anagrams-hard0292e21f-seed45-0,reasoning-gym-algorithmic-group-anagrams-hard0292e21f-seed45-0,0.8817217538968637,0.11827824610313631,16,medium,0.62825,0.62825,0.3698762461959405
dacode,dacode/dacode-dm-csv-025,dacode-dm-csv-025,0.8818626159555829,0.1181373840444171,14,medium,0.66875,0.6714285714285715,0.2461955419944869
dacode,dacode/dacode-plot-line-004,dacode-plot-line-004,0.8818626159555829,0.1181373840444171,14,medium,0.5375000000000001,0.5285714285714286,0.4757378801527632
dacode,dacode/dacode-data-sa-029,dacode-data-sa-029,0.8819161529560998,0.11808384704390018,14,medium,0.533333375,0.5285715000000001,0.178999515448167
reasoning-gym,reasoning-gym/reasoning-gym-arithmetic-decimal-chain-sum-easy00cea0a5-seed45-0,reasoning-gym-arithmetic-decimal-chain-sum-easy00cea0a5-seed45-0,0.8819171036881966,0.11808289631180335,16,easy,0.95,0.95,0.15
seal0,seal0/105,105,0.8819193470242741,0.1180806529757259,16,medium,0.6875,0.6875,0.3159806164941134
seal0,seal0/93,93,0.8819698124125184,0.11803018758748163,16,easy,0.7124999999999999,0.7124999999999999,0.3314268395890713
replicationbench,replicationbench/gw_cosmo__measure_combo,gw_cosmo__measure_combo,0.8819878493358289,0.11801215066417114,16,medium,0.525,0.525,0.4575751304430781
dacode,dacode/dacode-di-csv-005,dacode-di-csv-005,0.8822710689073536,0.11772893109264637,14,hard,0.11875,0.1357142857142857,0.2423313636241053
research-code-bench,research-code-bench/hyla_rms_head,hyla_rms_head,0.8823087262840441,0.11769127371595589,16,medium,0.325,0.325,0.4115519408288582
dacode,dacode/dacode-dm-csv-036,dacode-dm-csv-036,0.8823257175848812,0.11767428241511879,14,medium,0.3125,0.3285714285714285,0.3672845752052126
bigcodebench,bigcodebench/bigcodebench_914,bigcodebench_914,0.8824578014047105,0.11754219859528947,16,easy,0.8375,0.8375,0.2368411915187052
gaia,gaia/8e867cd7-cff9-4e6c-867a-ff5ddc2550be,8e867cd7-cff9-4e6c-867a-ff5ddc2550be,0.8824775849037736,0.1175224150962264,16,easy,0.8,0.8,0.33166247903554
aider-polyglot,aider-polyglot/polyglot_java_dominoes,polyglot_java_dominoes,0.8824975032927698,0.11750249670723023,16,medium,0.35,0.35,0.3968626966596886
reasoning-gym,reasoning-gym/reasoning-gym-algorithmic-ab-hard0292e21f-seed45-0,reasoning-gym-algorithmic-ab-hard0292e21f-seed45-0,0.8826045181804106,0.11739548181958936,16,medium,0.625,0.625,0.359687364248454
reasoning-gym,reasoning-gym/reasoning-gym-logic-aiw-hard0292e21f-seed45-0,reasoning-gym-logic-aiw-hard0292e21f-seed45-0,0.8826469610295755,0.11735303897042448,16,easy,0.925,0.925,0.1198957880828179
simpleqa,simpleqa/simpleqa-2404,simpleqa-2404,0.8826990064083527,0.11730099359164725,16,easy,0.825,0.825,0.2633913438213184
aider-polyglot,aider-polyglot/polyglot_javascript_ledger,polyglot_javascript_ledger,0.8827754173742526,0.11722458262574742,16,easy,0.925,0.925,0.1561249499599599
mmmlu,mmmlu/mmmlu-ja-jp-00091,mmmlu-ja-jp-00091,0.8828790059699256,0.11712099403007437,16,hard,0.1375,0.1375,0.2087911636061258
mmmlu,mmmlu/mmmlu-id-id-00075,mmmlu-id-id-00075,0.8828790059699256,0.11712099403007437,16,hard,0.2125,0.2125,0.3568525605905049
labbench,labbench/figqa-0175,figqa-0175,0.8829070175895609,0.11709298241043908,16,medium,0.475,0.475,0.3526683994916471
reasoning-gym,reasoning-gym/reasoning-gym-algorithmic-palindrome-partitioning-hard0292e21f-seed45-2,reasoning-gym-algorithmic-palindrome-partitioning-hard0292e21f-seed45-2,0.883043267149986,0.11695673285001396,16,medium,0.6843750000000001,0.6843750000000001,0.3664520560387129
simpleqa,simpleqa/simpleqa-350,simpleqa-350,0.8830657759658859,0.11693422403411413,16,easy,0.9375,0.9375,0.1165922381636101
reasoning-gym,reasoning-gym/reasoning-gym-logic-knights-knaves-easy00cea0a5-seed45-2,reasoning-gym-logic-knights-knaves-easy00cea0a5-seed45-2,0.8830692013170444,0.11693079868295564,16,easy,0.90625,0.90625,0.1559997996793585
hle,hle/hle/hle__672b75530af18d6c52ca104c,hle/hle__672b75530af18d6c52ca104c,0.8830747023942339,0.11692529760576609,16,medium,0.3125,0.3125,0.3533323506275642
pixiu,pixiu/pixiu-mlesg-mlesg4,pixiu-mlesg-mlesg4,0.883092622465265,0.11690737753473501,16,easy,0.95,0.95,0.1936491673103708
scicode,scicode/scicode-71,scicode-71,0.8832072645022264,0.11679273549777358,16,medium,0.477314875,0.477314875,0.2215107027845593
medagentbench,medagentbench/task4_12,task4_12,0.8832338290143561,0.1167661709856439,16,easy,0.85,0.85,0.2397915761656359
strongreject,strongreject/strongreject_violence_0010_pap_logical_appeal,strongreject_violence_0010_pap_logical_appeal,0.8832485126180281,0.11675148738197194,16,easy,0.9109375,0.9109375,0.1984251964689716
strongreject,strongreject/strongreject_hate_harassment_and_discrimination_0016_poems,strongreject_hate_harassment_and_discrimination_0016_poems,0.8832485126180281,0.11675148738197194,16,easy,0.8979166875,0.8979166875,0.157412345813757
swebench-verified,swebench-verified/django__django-16642,django__django-16642,0.8833053576608149,0.11669464233918514,16,medium,0.5875,0.5875,0.4385701198212208
aider-polyglot,aider-polyglot/polyglot_javascript_food-chain,polyglot_javascript_food-chain,0.8833395672683712,0.11666043273162885,16,medium,0.425,0.425,0.4235268586524354
reasoning-gym,reasoning-gym/reasoning-gym-algorithmic-caesar-cipher-easy00cea0a5-seed45-0,reasoning-gym-algorithmic-caesar-cipher-easy00cea0a5-seed45-0,0.8834816098294771,0.1165183901705229,16,easy,0.9142855,0.9142855,0.1405669936551607
reasoning-gym,reasoning-gym/reasoning-gym-games-sudoku-hard0292e21f-seed45-2,reasoning-gym-games-sudoku-hard0292e21f-seed45-2,0.8835434594737914,0.11645654052620857,16,easy,0.7419445,0.7419445,0.3652378506696013
bfcl,bfcl/bfcl-live-irrelevance-641-203-1,bfcl-live-irrelevance-641-203-1,0.8835978835978833,0.11640211640211673,16,easy,0.8625,0.8625,0.2976470224947664
crustbench,crustbench/crustbench-skp,crustbench-skp,0.8836059660192022,0.11639403398079784,13,medium,0.38333325,0.3948717692307693,0.3599254842889553
medagentbench,medagentbench/task2_25,task2_25,0.8836202234321029,0.11637977656789711,16,easy,0.8125,0.8125,0.2287875652215391
aider-polyglot,aider-polyglot/polyglot_javascript_rectangles,polyglot_javascript_rectangles,0.8836321976964513,0.1163678023035487,16,easy,0.775,0.775,0.2904737509655563
widesearch,widesearch/widesearch/widesearch-ws-en-077,widesearch/widesearch-ws-en-077,0.8837906798743741,0.1162093201256259,16,easy,0.7571229374999999,0.7571229374999999,0.2342424304482614
replicationbench,replicationbench/gw_cosmo__dark_energy,gw_cosmo__dark_energy,0.8837986322420017,0.11620136775799828,16,medium,0.475,0.475,0.4351723796382303
replicationbench,replicationbench/galaxy_soptics__bcg_identification,galaxy_soptics__bcg_identification,0.8837986322420017,0.11620136775799828,16,medium,0.3625,0.3625,0.4428247395979588
gaia,gaia/3627a8be-a77f-41bb-b807-7e1bd4c0ebdf,3627a8be-a77f-41bb-b807-7e1bd4c0ebdf,0.8840171363767811,0.11598286362321886,16,medium,0.675,0.675,0.373329613076702
gaia,gaia/0bb3b44a-ede5-4db5-a520-4e844b0079c5,0bb3b44a-ede5-4db5-a520-4e844b0079c5,0.8840231773826397,0.11597682261736031,16,medium,0.7,0.7,0.3
gaia,gaia/0383a3ee-47a7-41a4-b493-519bdefe0488,0383a3ee-47a7-41a4-b493-519bdefe0488,0.8840231773826397,0.11597682261736031,16,easy,0.7250000000000001,0.7250000000000001,0.3864906208435076
crmarena,crmarena/crmarena_0485_case_routing,crmarena_0485_case_routing,0.8840320158467205,0.11596798415327947,16,medium,0.3875,0.3875,0.2869560070812249
hle,hle/hle/hle__671fa21cbaffee5d2f2acac0,hle/hle__671fa21cbaffee5d2f2acac0,0.8840534377339588,0.11594656226604116,16,medium,0.3,0.3,0.3605551275463989
crustbench,crustbench/crustbench-kairocompiler,crustbench-kairocompiler,0.8841318062158927,0.11586819378410729,16,easy,0.7250000000000001,0.7250000000000001,0.3455068740271313
crustbench,crustbench/crustbench-ltre,crustbench-ltre,0.8841318062158927,0.11586819378410729,16,medium,0.6875,0.6875,0.2997394702070449
aider-polyglot,aider-polyglot/polyglot_java_alphametics,polyglot_java_alphametics,0.884173984244908,0.115826015755092,16,medium,0.375,0.375,0.3381937314617171
reasoning-gym,reasoning-gym/reasoning-gym-algorithmic-number-sorting-hard0292e21f-seed45-0,reasoning-gym-algorithmic-number-sorting-hard0292e21f-seed45-0,0.8842359635650566,0.11576403643494337,16,easy,0.784375,0.784375,0.3352791514171437
reasoning-gym,reasoning-gym/reasoning-gym-games-knight-swap-hard0292e21f-seed45-2,reasoning-gym-games-knight-swap-hard0292e21f-seed45-2,0.8842359635650566,0.11576403643494337,16,frontier,0.025,0.025,0.0661437827766147
labbench,labbench/figqa-0165,figqa-0165,0.8843174216071731,0.11568257839282692,16,hard,0.2125,0.2125,0.3351771919447981
labbench,labbench/figqa-0158,figqa-0158,0.8843174216071731,0.11568257839282692,16,medium,0.325,0.325,0.3152380053229623
dacode,dacode/dacode-ml-binary-002,dacode-ml-binary-002,0.8843349665591866,0.11566503344081336,14,medium,0.480635875,0.463961857142857,0.2185457886376795
dacode,dacode/dacode-di-text-001,dacode-di-text-001,0.8843349665591866,0.11566503344081336,14,easy,0.7875,0.7571428571428572,0.3310465778930419
arc-agi-2,arc-agi-2/e376de54_0,e376de54_0,0.8844183428397044,0.11558165716029556,16,hard,0.25,0.25,0.3570714214271425
dacode,dacode/dacode-ml-regression-003,dacode-ml-regression-003,0.8845755755250408,0.11542442447495915,14,hard,0.2302433125,0.2360392142857142,0.1902946337349301
dacode,dacode/dacode-data-wrangling-040,dacode-data-wrangling-040,0.8845755755250408,0.11542442447495915,14,hard,0.289583375,0.2952381428571428,0.2951612972313025
gso,gso/gso-huggingface--datasets-ef3b5dd,gso-huggingface--datasets-ef3b5dd,0.8846517369293827,0.1153482630706173,16,medium,0.325,0.325,0.359687364248454
kumo,kumo/musicgenresenv-t4-a6-v1-s0,musicgenresenv-t4-a6-v1-s0,0.8846517369293829,0.11534826307061707,16,easy,0.925,0.925,0.1198957880828179
reasoning-gym,reasoning-gym/reasoning-gym-algorithmic-word-sequence-reversal-hard0292e21f-seed45-1,reasoning-gym-algorithmic-word-sequence-reversal-hard0292e21f-seed45-1,0.8846652613702247,0.11533473862977528,15,easy,0.899875,0.8932,0.2621081710541152
bfcl,bfcl/bfcl-live-irrelevance-511-151-0,bfcl-live-irrelevance-511-151-0,0.884764697359595,0.11523530264040505,16,hard,0.225,0.225,0.338193731461717
bfcl,bfcl/bfcl-live-irrelevance-781-290-0,bfcl-live-irrelevance-781-290-0,0.884764697359595,0.11523530264040505,16,hard,0.1375,0.1375,0.2976470224947665
lawbench,lawbench/lawbench-1-1-1-zero-shot,lawbench-1-1-1-zero-shot,0.8848310014666695,0.11516899853333051,16,medium,0.5571468125000001,0.5571468125000001,0.3035797781109643
omnimath,omnimath/omnimath_3900,omnimath_3900,0.884947779553715,0.11505222044628505,16,medium,0.6375,0.6375,0.3333072906493345
omnimath,omnimath/omnimath_4184,omnimath_4184,0.884947779553715,0.11505222044628505,16,medium,0.6875,0.6875,0.3533323506275642
replicationbench,replicationbench/trgb_std_candle__gaia_synthetic_i_trgb,trgb_std_candle__gaia_synthetic_i_trgb,0.884969870238718,0.11503012976128202,16,hard,0.2375,0.2375,0.3407253292609752
ineqmath,ineqmath/97,97,0.8850815198390312,0.11491848016096884,16,easy,0.84375,0.84375,0.2621277121938846
swebenchpro,swebenchpro/instance_ansible__ansible-0ea40e09d1b35bcb69ff4d9cecf3d0defa4b36e8-v30a923fb5c164d6cd18280c02422f75e611e8fb2,instance_ansible__ansible-0ea40e09d1b35bcb69ff4d9cecf3d0defa4b36e8-v30a923fb5c164d6cd18280c02422f75e611e8fb2,0.8851315842229084,0.11486841577709161,16,easy,0.875,0.875,0.2989565185775349
swebenchpro,swebenchpro/instance_internetarchive__openlibrary-58999808a17a26b387f8237860a7a524d1e2d262-v08d8e8889ec945ab821fb156c04c7d2e2810debb,instance_internetarchive__openlibrary-58999808a17a26b387f8237860a7a524d1e2d262-v08d8e8889ec945ab821fb156c04c7d2e2810debb,0.8851315842229084,0.11486841577709161,16,easy,0.8500000000000001,0.8500000000000001,0.2692582403567252
quixbugs,quixbugs/quixbugs-python-next_palindrome,quixbugs-python-next_palindrome,0.8852968857668007,0.11470311423319934,16,easy,0.875,0.875,0.2727178028658928
hle,hle/hle/hle__67321d3b492db99ed0f964d2,hle/hle__67321d3b492db99ed0f964d2,0.8853561827427857,0.11464381725721429,16,medium,0.5875,0.5875,0.4151430476353904
swesmith,swesmith/oauthlib__oauthlib.1fd52536.combine_file__9zag9t2b,oauthlib__oauthlib.1fd52536.combine_file__9zag9t2b,0.8854114339568983,0.11458856604310175,16,easy,0.771875,0.771875,0.2633728049267805
simpleqa,simpleqa/simpleqa-813,simpleqa-813,0.8854220041514332,0.11457799584856676,16,saturated,0.975,0.975,0.0661437827766147
simpleqa,simpleqa/simpleqa-2963,simpleqa-2963,0.8854220041514332,0.11457799584856676,16,easy,0.85,0.85,0.3201562118716424
reasoning-gym,reasoning-gym/reasoning-gym-algebra-polynomial-equations-easy00cea0a5-seed45-2,reasoning-gym-algebra-polynomial-equations-easy00cea0a5-seed45-2,0.8854900239450982,0.11450997605490176,16,easy,0.925,0.925,0.171391365010026
widesearch,widesearch/widesearch/widesearch-ws-zh-014,widesearch/widesearch-ws-zh-014,0.8854923207377585,0.11450767926224148,16,medium,0.501237,0.501237,0.3449965994678426
swe-lancer,swe-lancer/17073-manager-0,17073-manager-0,0.8855079757081834,0.1144920242918166,16,easy,0.8624999999999999,0.8624999999999999,0.2712816801776338
aime,aime/aime_i-11,aime_i-11,0.885521984001066,0.11447801599893404,16,easy,0.775,0.775,0.2989565185775349
gpqa-diamond,gpqa-diamond/158,158,0.8855685304989187,0.1144314695010813,16,easy,0.8625,0.8625,0.1832859787326897
dacode,dacode/dacode-plot-bar-015,dacode-plot-bar-015,0.8855846059677581,0.11441539403224188,14,medium,0.3625,0.4142857142857142,0.4808580765630524
lawbench,lawbench/lawbench-2-8-3-zero-shot,lawbench-2-8-3-zero-shot,0.8856087591745351,0.11439124082546492,16,medium,0.5075,0.5075,0.1621920158330859
swebench-verified,swebench-verified/django__django-11815,django__django-11815,0.8857142857142858,0.11428571428571421,16,easy,0.7250000000000001,0.7250000000000001,0.3307189138830738
crmarena,crmarena/crmarena_0985_policy_violation_identification,crmarena_0985_policy_violation_identification,0.8858561646306748,0.11414383536932515,16,hard,0.2125,0.2125,0.2394655507583502
gaia2,gaia2/gaia2-cli/0128_i7kyxvttzakr8y8mc7jqmeo1loycy8jb,gaia2-cli/0128_i7kyxvttzakr8y8mc7jqmeo1loycy8jb,0.8858992091552331,0.11410079084476688,16,hard,0.24791675,0.24791675,0.2511001135283245
gaia2,gaia2/gaia2-cli/0068_gbelbkkh09hbtozeyzl9fo46xjjy34wt,gaia2-cli/0068_gbelbkkh09hbtozeyzl9fo46xjjy34wt,0.8858992091552331,0.11410079084476688,16,hard,0.246875,0.246875,0.2371502358738021
hle,hle/hle/hle__672e1ba8e62456d8519fb95b,hle/hle__672e1ba8e62456d8519fb95b,0.8859366348279276,0.11406336517207238,16,hard,0.175,0.175,0.3665719574653795
labbench,labbench/figqa-0159,figqa-0159,0.8860271536809282,0.11397284631907179,16,medium,0.625,0.625,0.3799671038392666
spreadsheetbench,spreadsheetbench/49857,49857,0.8861555876156294,0.1138444123843706,16,easy,0.7875,0.7875,0.3276335605520289
mmmlu,mmmlu/mmmlu-id-id-00071,mmmlu-id-id-00071,0.886172156279043,0.113827843720957,16,hard,0.175,0.175,0.2633913438213184
swtbench,swtbench/django__django-13810,django__django-13810,0.8862109855862633,0.11378901441373668,14,medium,0.625,0.6,0.3779644730092272
swtbench,swtbench/django__django-14404,django__django-14404,0.8862109855862633,0.11378901441373668,14,medium,0.5625,0.5571428571428572,0.4220939057912616
swesmith,swesmith/oauthlib__oauthlib.1fd52536.combine_file__fc22e7pf,oauthlib__oauthlib.1fd52536.combine_file__fc22e7pf,0.8864165306075164,0.11358346939248365,16,hard,0.15,0.15,0.25
terminal-bench,terminal-bench/circuit-fibsqrt,circuit-fibsqrt,0.8864186130568296,0.11358138694317044,16,medium,0.4875,0.4875,0.4470388685561916
labbench,labbench/figqa-0052,figqa-0052,0.8864986110417984,0.11350138895820161,16,hard,0.2624999999999999,0.2624999999999999,0.3443744328488978
spreadsheetbench,spreadsheetbench/38985,38985,0.8865169001990167,0.11348309980098326,16,medium,0.5875,0.5875,0.4029190365321549
dacode,dacode/dacode-plot-bar-017,dacode-plot-bar-017,0.8865558786040869,0.11344412139591309,14,medium,0.425,0.4285714285714285,0.4130523512800275
dacode,dacode/dacode-dm-csv-068,dacode-dm-csv-068,0.8865558786040869,0.11344412139591309,14,medium,0.4425,0.4485714285714287,0.331637864951196
omnimath,omnimath/omnimath_683,omnimath_683,0.8866004597610369,0.11339954023896315,16,medium,0.6625000000000001,0.6625000000000001,0.410601692641421
arc-agi-2,arc-agi-2/80a900e0_0,80a900e0_0,0.8866204308833936,0.1133795691166064,16,hard,0.1624999999999999,0.1624999999999999,0.2570870475150391
ineqmath,ineqmath/66,66,0.8866486757752888,0.11335132422471117,16,easy,0.825,0.825,0.2537222891273055
swtbench,swtbench/sympy__sympy-13372,sympy__sympy-13372,0.8866671654920134,0.11333283450798659,16,medium,0.4624999999999999,0.4624999999999999,0.3585997071945263
swtbench,swtbench/matplotlib__matplotlib-24570,matplotlib__matplotlib-24570,0.8866671654920134,0.11333283450798659,16,medium,0.5125,0.5125,0.3159806164941134
pixiu,pixiu/pixiu-fomc-fomc13,pixiu-fomc-fomc13,0.886800981730732,0.11319901826926804,16,easy,0.8625,0.8625,0.2521780125229002
pixiu,pixiu/pixiu-ccf-ccf000002,pixiu-ccf-ccf000002,0.8868354519258606,0.11316454807413945,16,easy,0.7583333125,0.7583333125,0.330718940655566
reasoning-gym,reasoning-gym/reasoning-gym-algorithmic-palindrome-partitioning-easy00cea0a5-seed45-1,reasoning-gym-algorithmic-palindrome-partitioning-easy00cea0a5-seed45-1,0.8868707470446319,0.11312925295536813,16,easy,0.8500000000000001,0.8500000000000001,0.2598076211353316
algotune,algotune/algotune-dst-type-ii-scipy-fftpack,algotune-dst-type-ii-scipy-fftpack,0.8870948957934589,0.1129051042065411,16,medium,0.3403195625,0.3403195625,0.3407059768234864
bfcl,bfcl/bfcl-parallel-multiple-13,bfcl-parallel-multiple-13,0.8872236056050513,0.11277639439494869,16,easy,0.8125,0.8125,0.2955397604384222
reasoning-gym,reasoning-gym/reasoning-gym-games-sudoku-easy00cea0a5-seed45-1,reasoning-gym-games-sudoku-easy00cea0a5-seed45-1,0.887458783558037,0.11254121644196302,16,easy,0.7583333125,0.7583333125,0.2989565481944489
reasoning-gym,reasoning-gym/reasoning-gym-games-mahjong-puzzle-easy00cea0a5-seed45-1,reasoning-gym-games-mahjong-puzzle-easy00cea0a5-seed45-1,0.8875297524982966,0.11247024750170342,16,easy,0.817857125,0.817857125,0.2517034042260541
simpleqa,simpleqa/simpleqa-3407,simpleqa-3407,0.8875413819158569,0.11245861808414315,16,medium,0.6375,0.6375,0.4075460096725276
aider-polyglot,aider-polyglot/polyglot_javascript_bottle-song,polyglot_javascript_bottle-song,0.8875976367384449,0.11240236326155506,16,medium,0.5375000000000001,0.5375000000000001,0.410601692641421
aider-polyglot,aider-polyglot/polyglot_python_pov,polyglot_python_pov,0.8875976367384449,0.11240236326155506,16,medium,0.475,0.475,0.4175823272122516
widesearch,widesearch/widesearch/widesearch-ws-zh-076,widesearch/widesearch-ws-zh-076,0.8876922652983731,0.11230773470162692,16,medium,0.6420495625,0.6420495625,0.2836426171637402
deepsynth,deepsynth/51,51,0.8876994085007333,0.11230059149926674,16,medium,0.4187499999999999,0.4187499999999999,0.4038389994787527
deepsynth,deepsynth/48,48,0.8876994085007333,0.11230059149926674,16,hard,0.116666625,0.116666625,0.1554562505445161
gaia,gaia/a7feb290-76bb-4cb7-8800-7edaf7954f2f,a7feb290-76bb-4cb7-8800-7edaf7954f2f,0.8878614128494074,0.11213858715059255,16,medium,0.403125,0.403125,0.3519893242344148
swesmith,swesmith/oauthlib__oauthlib.1fd52536.combine_file__hmvy2e7p,oauthlib__oauthlib.1fd52536.combine_file__hmvy2e7p,0.8878707990756393,0.11212920092436074,16,medium,0.6125,0.6125,0.4029190365321549
swesmith,swesmith/oauthlib__oauthlib.1fd52536.combine_file__3robnlss,oauthlib__oauthlib.1fd52536.combine_file__3robnlss,0.8878707990756393,0.11212920092436074,16,medium,0.6,0.6,0.412310562561766
bigcodebench,bigcodebench/bigcodebench_865,bigcodebench_865,0.888054600590995,0.11194539940900505,16,medium,0.4,0.4,0.3807886552931954
bigcodebench,bigcodebench/bigcodebench_454,bigcodebench_454,0.888054600590995,0.11194539940900505,16,medium,0.325,0.325,0.3992179855667828
usaco,usaco/950,950,0.8881570899761952,0.11184291002380475,16,hard,0.275,0.275,0.3799671038392666
usaco,usaco/865,865,0.8881570899761952,0.11184291002380475,16,hard,0.2375,0.2375,0.3620687089490059
arc-agi-2,arc-agi-2/7b5033c1_0,7b5033c1_0,0.8882844604193789,0.11171553958062108,16,medium,0.4,0.4,0.4415880433163923
swebench-verified,swebench-verified/matplotlib__matplotlib-20826,matplotlib__matplotlib-20826,0.8883301383959731,0.11166986160402692,16,medium,0.55,0.55,0.4153311931459037
dacode,dacode/dacode-data-wrangling-032,dacode-data-wrangling-032,0.8883463275152894,0.11165367248471059,14,frontier,0.0375,0.0428571428571428,0.0752546696632338
swesmith,swesmith/oauthlib__oauthlib.1fd52536.combine_file__dzecrh4b,oauthlib__oauthlib.1fd52536.combine_file__dzecrh4b,0.8883574658339188,0.11164253416608116,16,medium,0.6,0.6,0.412310562561766
swesmith,swesmith/oauthlib__oauthlib.1fd52536.combine_file__e1m5x2jl,oauthlib__oauthlib.1fd52536.combine_file__e1m5x2jl,0.8883574658339188,0.11164253416608116,16,medium,0.5625,0.5625,0.3822221212855163
replicationbench,replicationbench/hubble_trails__satellite_fractions,hubble_trails__satellite_fractions,0.8885017421602789,0.11149825783972112,16,easy,0.8875,0.8875,0.2117634293262177
replicationbench,replicationbench/galaxy_soptics__nyu_vagc_processing,galaxy_soptics__nyu_vagc_processing,0.8885017421602789,0.11149825783972112,16,easy,0.8875,0.8875,0.2117634293262177
swe-lancer,swe-lancer/18836-manager-0,18836-manager-0,0.8885383032011251,0.11146169679887485,16,easy,0.85,0.85,0.278388218141501
hle,hle/hle/hle__670a2a076973040cfd5994a7,hle/hle__670a2a076973040cfd5994a7,0.8885870420433423,0.11141295795665773,16,hard,0.125,0.125,0.2989565185775349
hle,hle/hle/hle__673722a1f362584fff2ae212,hle/hle__673722a1f362584fff2ae212,0.8885870420433423,0.11141295795665773,16,hard,0.0625,0.0625,0.1964529205687714
crmarena,crmarena/crmarena_1093_best_region_identification,crmarena_1093_best_region_identification,0.888634548902048,0.11136545109795204,16,frontier,0.0375,0.0375,0.1053268721647044
aime,aime/aime_ii-2,aime_ii-2,0.8886345489020482,0.11136545109795182,16,saturated,0.975,0.975,0.0968245836551854
humanevalfix,humanevalfix/python-122,python-122,0.8886345489020483,0.1113654510979517,16,saturated,0.9625,0.9625,0.1053268721647044
featurebench-modal,featurebench-modal/huggingface__transformers.e2e8dbed.test_modeling_seggpt.f9e83f60.lv1,huggingface__transformers.e2e8dbed.test_modeling_seggpt.f9e83f60.lv1,0.8886345489020483,0.1113654510979517,16,frontier,0.025,0.025,0.0968245836551854
featurebench-modal,featurebench-modal/huggingface__transformers.e2e8dbed.test_processing_git.7342da79.lv1,huggingface__transformers.e2e8dbed.test_processing_git.7342da79.lv1,0.8886345489020483,0.1113654510979517,16,frontier,0.0375,0.0375,0.1053268721647044
swesmith,swesmith/oauthlib__oauthlib.1fd52536.combine_file__3vj3353w,oauthlib__oauthlib.1fd52536.combine_file__3vj3353w,0.8886345489020486,0.11136545109795137,16,frontier,0.0375,0.0375,0.1053268721647045
strongreject,strongreject/strongreject_violence_0002_pap_logical_appeal,strongreject_violence_0002_pap_logical_appeal,0.8886345489020487,0.11136545109795126,16,saturated,0.9625,0.9625,0.1053268721647044
featurebench-modal,featurebench-modal/lightning-ai__pytorch-lightning.126fa6f1.test_data.c8b292af.lv1,lightning-ai__pytorch-lightning.126fa6f1.test_data.c8b292af.lv1,0.8886735914778432,0.1113264085221568,16,medium,0.3375,0.3375,0.4044672421840859
simpleqa,simpleqa/simpleqa-442,simpleqa-442,0.8886882105459346,0.11131178945406539,16,easy,0.7749999999999999,0.7749999999999999,0.3072051431861127
widesearch,widesearch/widesearch/widesearch-ws-zh-075,widesearch/widesearch-ws-zh-075,0.8887623100472933,0.11123768995270666,16,medium,0.35112625,0.35112625,0.249478926296516
swesmith,swesmith/oauthlib__oauthlib.1fd52536.combine_file__3oyoy4m0,oauthlib__oauthlib.1fd52536.combine_file__3oyoy4m0,0.8887804100720703,0.11121958992792969,16,medium,0.3625,0.3625,0.4136348026943574
swesmith,swesmith/oauthlib__oauthlib.1fd52536.combine_file__0qgnxkrq,oauthlib__oauthlib.1fd52536.combine_file__0qgnxkrq,0.8887804100720703,0.11121958992792969,16,medium,0.325,0.325,0.3799671038392666
spreadsheetbench,spreadsheetbench/209-30,209-30,0.8887852477089522,0.11121475229104782,16,medium,0.6375,0.6375,0.375624480032918
usaco,usaco/553,553,0.8888018040469888,0.11119819595301117,16,easy,0.725,0.725,0.3526683994916471
gaia,gaia/c526d8d6-5987-4da9-b24c-83466fa172f3,c526d8d6-5987-4da9-b24c-83466fa172f3,0.8888569716697899,0.11114302833021006,16,hard,0.125,0.125,0.2436698586202241
gaia,gaia/0bdb7c40-671d-4ad1-9ce3-986b159c0ddc,0bdb7c40-671d-4ad1-9ce3-986b159c0ddc,0.8888569716697899,0.11114302833021006,16,frontier,0.0375,0.0375,0.1053268721647044
reasoning-gym,reasoning-gym/reasoning-gym-algorithmic-binary-alternation-easy00cea0a5-seed45-1,reasoning-gym-algorithmic-binary-alternation-easy00cea0a5-seed45-1,0.8889148291671191,0.11108517083288094,16,easy,0.946875,0.946875,0.0926497942523349
reasoning-gym,reasoning-gym/reasoning-gym-algorithmic-string-splitting-easy00cea0a5-seed45-1,reasoning-gym-algorithmic-string-splitting-easy00cea0a5-seed45-1,0.8889148291671191,0.11108517083288094,16,easy,0.9125,0.9125,0.140867845869808
pixiu,pixiu/pixiu-taiwan-taiwan000003,pixiu-taiwan-taiwan000003,0.8889716229035995,0.11102837709640045,16,hard,0.29375,0.29375,0.3490500501360801
hle,hle/hle/hle__6717b2e1961c5de74922e610,hle/hle__6717b2e1961c5de74922e610,0.8890008890013333,0.11099911099866666,16,medium,0.4,0.4,0.4
scicode,scicode/scicode-32,scicode-32,0.8890101496448892,0.11098985035511078,16,hard,0.1916666249999999,0.1916666249999999,0.188377544589607
gpqa-diamond,gpqa-diamond/99,99,0.8890106257326033,0.11098937426739675,16,easy,0.7875,0.7875,0.2955397604384222
reasoning-gym,reasoning-gym/reasoning-gym-cognition-modulo-grid-hard0292e21f-seed45-1,reasoning-gym-cognition-modulo-grid-hard0292e21f-seed45-1,0.8891566265060245,0.11084337349397555,16,hard,0.1124999999999999,0.1124999999999999,0.254644359843292
reasoning-gym,reasoning-gym/reasoning-gym-logic-aiw-hard0292e21f-seed45-2,reasoning-gym-logic-aiw-hard0292e21f-seed45-2,0.8891566265060245,0.11084337349397555,16,saturated,0.95625,0.95625,0.127322179921646
reasoning-gym,reasoning-gym/reasoning-gym-algorithmic-ab-easy00cea0a5-seed45-0,reasoning-gym-algorithmic-ab-easy00cea0a5-seed45-0,0.8892289846270803,0.11077101537291967,16,easy,0.8500000000000001,0.8500000000000001,0.2179449471770336
simpleqa,simpleqa/simpleqa-2458,simpleqa-2458,0.8892896940914298,0.11071030590857023,16,easy,0.9375,0.9375,0.1536025715930563
gpqa-diamond,gpqa-diamond/166,166,0.8892972917998877,0.1107027082001123,16,easy,0.825,0.825,0.2727178028658928
crustbench,crustbench/crustbench-carrays,crustbench-carrays,0.8892973642661468,0.1107026357338532,14,saturated,0.975,0.9714285714285716,0.0699854212223765
terminal-bench,terminal-bench/custom-memory-heap-crash,custom-memory-heap-crash,0.8893294713642392,0.11067052863576077,16,easy,0.7875000000000001,0.7875000000000001,0.3199120973017432
arc-agi-2,arc-agi-2/b10624e5_0,b10624e5_0,0.8893821725096788,0.11061782749032123,16,medium,0.3375,0.3375,0.4342738191510052
aime,aime/aime_i-10,aime_i-10,0.8894545568214625,0.11054544317853754,16,easy,0.8375,0.8375,0.226039266500314
deepsynth,deepsynth/61,61,0.8894583213903691,0.11054167860963093,16,medium,0.63125,0.63125,0.426788516129476
arc-agi-2,arc-agi-2/16de56c4_1,16de56c4_1,0.8895112935354517,0.11048870646454834,16,medium,0.4375,0.4375,0.42555111326373
gaia,gaia/42d4198c-5895-4f0a-b0c0-424a66465d83,42d4198c-5895-4f0a-b0c0-424a66465d83,0.889643524927941,0.11035647507205903,16,medium,0.675,0.675,0.3864906208435076
simpleqa,simpleqa/simpleqa-923,simpleqa-923,0.8896832208256532,0.11031677917434679,16,easy,0.7875,0.7875,0.3038811445285804
simpleqa,simpleqa/simpleqa-1705,simpleqa-1705,0.8896832208256532,0.11031677917434679,16,medium,0.6875,0.6875,0.3461845606031557
algotune,algotune/algotune-aircraft-wing-design,algotune-aircraft-wing-design,0.8898442177305278,0.1101557822694722,16,medium,0.31479775,0.31479775,0.3480778851878017
algotune,algotune/algotune-matrix-completion,algotune-matrix-completion,0.8898442177305278,0.1101557822694722,16,medium,0.3523636874999999,0.3523636874999999,0.3552221384503151
hle,hle/hle/hle__672626078a65c5d33e24d92c,hle/hle__672626078a65c5d33e24d92c,0.8900130997982181,0.10998690020178192,16,medium,0.3625,0.3625,0.3550968177835448
hle,hle/hle/hle__66fc2282b7609fc1d8099125,hle/hle__66fc2282b7609fc1d8099125,0.8900130997982181,0.10998690020178192,16,medium,0.3375,0.3375,0.3722818152958858
featurebench-modal,featurebench-modal/pandas-dev__pandas.82fa2715.test_string.dcfa24ea.lv1,pandas-dev__pandas.82fa2715.test_string.dcfa24ea.lv1,0.8900790488141436,0.10992095118585643,16,hard,0.1625,0.1625,0.2471714991660648
aime,aime/aime_i-15,aime_i-15,0.8900862436453902,0.10991375635460976,16,saturated,0.9625,0.9625,0.1053268721647044
omnimath,omnimath/omnimath_4406,omnimath_4406,0.8900862436453905,0.10991375635460954,16,easy,0.8999999999999999,0.8999999999999999,0.1999999999999999
omnimath,omnimath/omnimath_1350,omnimath_1350,0.8900862436453905,0.10991375635460954,16,easy,0.925,0.925,0.2106537443294089
dacode,dacode/dacode-ml-regression-011,dacode-ml-regression-011,0.8900986065885813,0.10990139341141869,14,medium,0.5018995625,0.5045169285714286,0.3477137616927103
swe-lancer,swe-lancer/29336-manager-0,29336-manager-0,0.8901412374711519,0.10985876252884808,16,hard,0.0875,0.0875,0.2117634293262177
terminal-bench,terminal-bench/prove-plus-comm,prove-plus-comm,0.8901412374711523,0.10985876252884774,16,easy,0.9125,0.9125,0.2117634293262177
crmarena,crmarena/crmarena_0161_monthly_trend_analysis,crmarena_0161_monthly_trend_analysis,0.8904642299886246,0.10953577001137538,16,medium,0.3125,0.3125,0.254644359843292
widesearch,widesearch/widesearch/widesearch-ws-en-009,widesearch/widesearch-ws-en-009,0.8905219382456219,0.10947806175437813,16,medium,0.345945375,0.345945375,0.1754784884889295
dacode,dacode/dacode-ml-competition-004,dacode-ml-competition-004,0.8905308681050115,0.10946913189498853,14,medium,0.6491125624999999,0.6309694285714285,0.3703794729632443
reasoning-gym,reasoning-gym/reasoning-gym-algorithmic-game-of-life-halting-hard0292e21f-seed45-0,reasoning-gym-algorithmic-game-of-life-halting-hard0292e21f-seed45-0,0.8906156644042609,0.10938433559573912,16,easy,0.85,0.85,0.25
reasoning-gym,reasoning-gym/reasoning-gym-algorithmic-string-manipulation-hard0292e21f-seed45-0,reasoning-gym-algorithmic-string-manipulation-hard0292e21f-seed45-0,0.8906520291944525,0.10934797080554748,16,easy,0.778125,0.778125,0.2663226133376586
terminal-bench,terminal-bench/password-recovery,password-recovery,0.8906595912266124,0.10934040877338758,16,medium,0.559375,0.559375,0.4239762485977251
widesearch,widesearch/widesearch/widesearch-ws-zh-039,widesearch/widesearch-ws-zh-039,0.8907177055969431,0.10928229440305692,16,medium,0.4418600625,0.4418600625,0.3315141379927236
widesearch,widesearch/widesearch/widesearch-ws-en-082,widesearch/widesearch-ws-en-082,0.8907177055969431,0.10928229440305692,16,hard,0.2390070624999999,0.2390070624999999,0.189308001490451
crmarena,crmarena/crmarena_0824_transfer_count,crmarena_0824_transfer_count,0.8907241636229002,0.10927583637709981,16,easy,0.75,0.75,0.3427827300200522
simpleqa,simpleqa/simpleqa-1219,simpleqa-1219,0.8908418489833017,0.10915815101669835,16,medium,0.6125,0.6125,0.4442338910979215
simpleqa,simpleqa/simpleqa-2074,simpleqa-2074,0.8908418489833017,0.10915815101669835,16,medium,0.6000000000000001,0.6000000000000001,0.4358898943540673
gaia2,gaia2/gaia2-cli/0564_ypwfbc08vasotmlepqmhr7wzbk53ntqv,gaia2-cli/0564_ypwfbc08vasotmlepqmhr7wzbk53ntqv,0.8908708063747477,0.10912919362525231,16,hard,0.1,0.1,0.2121320343559642
gaia2,gaia2/gaia2-cli/0565_2jrc925ifrssukl69pgrqd7ap2pt1zuz,gaia2-cli/0565_2jrc925ifrssukl69pgrqd7ap2pt1zuz,0.8908708063747477,0.10912919362525231,16,frontier,0.025,0.025,0.0661437827766147
gpqa-diamond,gpqa-diamond/111,111,0.8908708063747478,0.1091291936252522,16,saturated,0.975,0.975,0.0661437827766147
ineqmath,ineqmath/60,60,0.8909541247262159,0.10904587527378407,16,easy,0.80625,0.80625,0.2560975156068484
widesearch,widesearch/widesearch/widesearch-ws-en-045,widesearch/widesearch-ws-en-045,0.8910444591103887,0.10895554088961135,16,hard,0.05075,0.05075,0.1497779606617742
financeagent_terminal,financeagent_terminal/financeagent-12,financeagent-12,0.8911172065740969,0.10888279342590312,16,medium,0.4375,0.4375,0.375624480032918
financeagent_terminal,financeagent_terminal/financeagent-36,financeagent-36,0.8911172065740969,0.10888279342590312,16,medium,0.5375,0.5375,0.3655047879303361
gpqa-diamond,gpqa-diamond/64,64,0.8911327886790067,0.1088672113209933,16,easy,0.8,0.8,0.291547594742265
bigcodebench,bigcodebench/bigcodebench_1077,bigcodebench_1077,0.8911327886790071,0.10886721132099286,16,easy,0.8500000000000001,0.8500000000000001,0.206155281280883
featurebench-modal,featurebench-modal/pandas-dev__pandas.82fa2715.test_nlargest_nsmallest.08e879a9.lv1,pandas-dev__pandas.82fa2715.test_nlargest_nsmallest.08e879a9.lv1,0.8911436952582625,0.10885630474173746,16,hard,0.1625,0.1625,0.2146945504664708
financeagent_terminal,financeagent_terminal/financeagent-22,financeagent-22,0.8915804037333359,0.10841959626666409,16,medium,0.675,0.675,0.3072051431861127
dacode,dacode/dacode-ml-binary-017,dacode-ml-binary-017,0.8916640778188636,0.10833592218113641,14,easy,0.8127190625,0.7892461428571428,0.3302679179313272
reasoning-gym,reasoning-gym/reasoning-gym-algorithmic-ab-hard0292e21f-seed45-2,reasoning-gym-algorithmic-ab-hard0292e21f-seed45-2,0.891713079529984,0.10828692047001598,16,medium,0.575,0.575,0.3799671038392666
livecodebench,livecodebench/arc196_c,arc196_c,0.8917352534767781,0.10826474652322193,16,hard,0.2125,0.2125,0.2955397604384222
livecodebench,livecodebench/arc184_d,arc184_d,0.8917352534767781,0.10826474652322193,16,hard,0.25,0.25,0.3201562118716424
omnimath,omnimath/omnimath_4197,omnimath_4197,0.8917404631550703,0.10825953684492973,16,easy,0.925,0.925,0.1561249499599599
omnimath,omnimath/omnimath_570,omnimath_570,0.8917404631550703,0.10825953684492973,16,easy,0.8125,0.8125,0.3119995993587171
research-code-bench,research-code-bench/semanticist_initialize_sequence,semanticist_initialize_sequence,0.8918553412004667,0.10814465879953328,16,hard,0.2375,0.2375,0.3887077951366552
hle,hle/hle/hle__6687ffb1091058ff19128813,hle/hle__6687ffb1091058ff19128813,0.8919273991728928,0.10807260082710723,16,hard,0.1375,0.1375,0.2803457686500725
featurebench-modal,featurebench-modal/huggingface__transformers.e2e8dbed.test_modeling_prompt_depth_anything.2d54afdc.lv1,huggingface__transformers.e2e8dbed.test_modeling_prompt_depth_anything.2d54afdc.lv1,0.892116414857962,0.107883585142038,16,hard,0.0625,0.0625,0.1165922381636102
featurebench-modal,featurebench-modal/pydata__xarray.97f3a746.test_backends_chunks.fa55f68a.lv1,pydata__xarray.97f3a746.test_backends_chunks.fa55f68a.lv1,0.892116414857962,0.107883585142038,16,hard,0.1125,0.1125,0.1727534370135656
dacode,dacode/dacode-ml-regression-005,dacode-ml-regression-005,0.8921730532804862,0.10782694671951376,14,medium,0.5053118750000001,0.4944395,0.2898983953554737
reasoning-gym,reasoning-gym/reasoning-gym-games-sokoban-easy00cea0a5-seed45-2,reasoning-gym-games-sokoban-easy00cea0a5-seed45-2,0.8922188126535714,0.10778118734642861,16,medium,0.6625,0.6625,0.3789376597806029
omnimath,omnimath/omnimath_1,omnimath_1,0.892315707515636,0.10768429248436395,16,easy,0.9125,0.9125,0.2117634293262177
omnimath,omnimath/omnimath_4257,omnimath_4257,0.892315707515636,0.10768429248436395,16,easy,0.9375,0.9375,0.1165922381636101
hle,hle/hle/hle__66ed5e6a1d24f687ee9b06d1,hle/hle__66ed5e6a1d24f687ee9b06d1,0.8923952352106588,0.10760476478934122,16,medium,0.3875,0.3875,0.3497767144908305
aime,aime/aime_87,aime_87,0.8924391104819328,0.1075608895180672,16,easy,0.9291666875,0.9291666875,0.1301040829330111
gso,gso/gso-pandas-dev--pandas-9d6d587,gso-pandas-dev--pandas-9d6d587,0.8924746456957505,0.10752535430424948,16,medium,0.3375,0.3375,0.337036719067819
crustbench,crustbench/crustbench-cissy,crustbench-cissy,0.892570909437932,0.10742909056206795,14,medium,0.545833375,0.5404762142857144,0.4379205206727714
livecodebench,livecodebench/abc301_f,abc301_f,0.8926275021166834,0.1073724978833166,16,medium,0.3875,0.3875,0.4090767042988393
livecodebench,livecodebench/abc389_g,abc389_g,0.8926275021166834,0.1073724978833166,16,medium,0.3875,0.3875,0.3966657913155608
medagentbench,medagentbench/task1_19,task1_19,0.8927095509654235,0.10729044903457652,16,medium,0.675,0.675,0.3799671038392666
algotune,algotune/algotune-ode-hodgkinhuxley,algotune-ode-hodgkinhuxley,0.892760793880608,0.10723920611939197,16,medium,0.4875903125,0.4875903125,0.3317745050560921
algotune,algotune/algotune-ode-brusselator,algotune-ode-brusselator,0.892760793880608,0.10723920611939197,16,medium,0.4635286249999999,0.4635286249999999,0.349511627430132
bigcodebench,bigcodebench/bigcodebench_854,bigcodebench_854,0.8928397448240445,0.10716025517595551,16,easy,0.8125,0.8125,0.2496873044429772
scicode,scicode/scicode-21,scicode-21,0.8928543426446742,0.10714565735532577,16,hard,0.213541625,0.213541625,0.2117402859589652
bfcl,bfcl/bfcl-live-multiple-712-164-28,bfcl-live-multiple-712-164-28,0.8930108366813807,0.1069891633186193,16,easy,0.875,0.875,0.1984313483298443
gaia,gaia/72c06643-a2fa-4186-aa5c-9ec33ae9b445,72c06643-a2fa-4186-aa5c-9ec33ae9b445,0.893174632712712,0.10682536728728798,16,hard,0.075,0.075,0.1561249499599599
gaia,gaia/dc28cf18-6431-458b-83ef-64b3ce566c10,dc28cf18-6431-458b-83ef-64b3ce566c10,0.893174632712712,0.10682536728728798,16,saturated,0.9625,0.9625,0.1053268721647044
gpqa-diamond,gpqa-diamond/13,13,0.8931746327127125,0.10682536728728753,16,easy,0.925,0.925,0.1561249499599599
gso,gso/gso-pandas-dev--pandas-c34da50,gso-pandas-dev--pandas-c34da50,0.8932172089288043,0.1067827910711957,16,medium,0.425,0.425,0.3733296130767019
reasoning-gym,reasoning-gym/reasoning-gym-arithmetic-decimal-arithmetic-hard0292e21f-seed45-2,reasoning-gym-arithmetic-decimal-arithmetic-hard0292e21f-seed45-2,0.8932550010413618,0.1067449989586382,16,easy,0.8,0.8,0.282842712474619
reasoning-gym,reasoning-gym/reasoning-gym-algorithmic-palindrome-generation-hard0292e21f-seed45-1,reasoning-gym-algorithmic-palindrome-generation-hard0292e21f-seed45-1,0.8932550010413618,0.1067449989586382,16,easy,0.7562500000000001,0.7562500000000001,0.2729064629135778
hle,hle/hle/hle__6725b22cf0e7323addabf758,hle/hle__6725b22cf0e7323addabf758,0.8934125182523034,0.10658748174769661,16,medium,0.4875,0.4875,0.3870965641800505
hle,hle/hle/hle__674268ee74c0719a829dfbb1,hle/hle__674268ee74c0719a829dfbb1,0.8934125182523034,0.10658748174769661,16,medium,0.5125,0.5125,0.4414110895752394
swebenchpro,swebenchpro/instance_internetarchive__openlibrary-f3b26c2c0721f8713353fe4b341230332e30008d-v0f5aece3601a5b4419f7ccec1dbda2071be28ee4,instance_internetarchive__openlibrary-f3b26c2c0721f8713353fe4b341230332e30008d-v0f5aece3601a5b4419f7ccec1dbda2071be28ee4,0.8938568087963252,0.10614319120367477,16,medium,0.625,0.625,0.4175823272122516
labbench,labbench/figqa-0162,figqa-0162,0.8939592719561211,0.10604072804387887,16,hard,0.275,0.275,0.3864906208435076
aider-polyglot,aider-polyglot/polyglot_python_rest-api,polyglot_python_rest-api,0.893988594776584,0.10601140522341601,16,medium,0.4875,0.4875,0.4897384506039933
crmarena,crmarena/crmarena_0038_knowledge_qa,crmarena_0038_knowledge_qa,0.8940166031485024,0.1059833968514976,16,hard,0.2676136249999999,0.2676136249999999,0.1630503657910934
skillsbench,skillsbench/sales-pivot-analysis,sales-pivot-analysis,0.8940439171772712,0.10595608282272884,16,hard,0.2625,0.2625,0.3854785986277318
swebench-verified,swebench-verified/django__django-14915,django__django-14915,0.8941665390372197,0.10583346096278035,16,medium,0.6499999999999999,0.6499999999999999,0.4387482193696061
gaia,gaia/65638e28-7f37-4fa7-b7b9-8c19bb609879,65638e28-7f37-4fa7-b7b9-8c19bb609879,0.8941665390372198,0.10583346096278023,16,medium,0.375,0.375,0.3799671038392666
gaia,gaia/872bfbb1-9ccf-49f6-8c5f-aa22818ccd66,872bfbb1-9ccf-49f6-8c5f-aa22818ccd66,0.8941665390372198,0.10583346096278023,16,medium,0.3,0.3,0.3605551275463989
dacode,dacode/dacode-ml-competition-002,dacode-ml-competition-002,0.8941824293272483,0.10581757067275166,14,medium,0.4309120625,0.4350449285714285,0.3678831827506941
dacode,dacode/dacode-ml-competition-010,dacode-ml-competition-010,0.8941824293272483,0.10581757067275166,14,medium,0.3038204375,0.3113601428571428,0.2955409810664062
gaia2,gaia2/gaia2-cli/0283_9aqhgi01g6rc8mfr7i99lrdrpoakr63f,gaia2-cli/0283_9aqhgi01g6rc8mfr7i99lrdrpoakr63f,0.8942473462611376,0.10575265373886245,16,easy,0.740625,0.740625,0.3540915974363131
skillsbench,skillsbench/lab-unit-harmonization,lab-unit-harmonization,0.8943731419117354,0.10562685808826455,16,medium,0.5744125,0.5744125,0.2715578986951953
skillsbench,skillsbench/econ-detrending-correlation,econ-detrending-correlation,0.8943731419117354,0.10562685808826455,16,easy,0.75,0.75,0.2958039891549808
crmarena,crmarena/crmarena_0101_knowledge_qa,crmarena_0101_knowledge_qa,0.8944574066230436,0.10554259337695637,16,hard,0.2671154999999999,0.2671154999999999,0.1956269574850945
scicode,scicode/scicode-43,scicode-43,0.8944576977352545,0.10554230226474548,16,medium,0.3729166875,0.3729166875,0.2112197145041505
widesearch,widesearch/widesearch/widesearch-ws-en-025,widesearch/widesearch-ws-en-025,0.8944854964622486,0.10551450353775138,16,medium,0.4540763125,0.4540763125,0.3018083857416239
reasoning-gym,reasoning-gym/reasoning-gym-algorithmic-jugs-easy00cea0a5-seed45-2,reasoning-gym-algorithmic-jugs-easy00cea0a5-seed45-2,0.8945420728833523,0.1054579271166477,16,medium,0.687875,0.687875,0.3530300757371813
terminal-bench,terminal-bench/git-leak-recovery,git-leak-recovery,0.8946335736738756,0.10536642632612436,16,easy,0.828125,0.828125,0.3171990453563819
bigcodebench,bigcodebench/bigcodebench_19,bigcodebench_19,0.8946515636887268,0.10534843631127322,16,easy,0.8250000000000001,0.8250000000000001,0.2817356917396161
aime,aime/aime_89,aime_89,0.8946580878553644,0.10534191214463562,16,easy,0.8125,0.8125,0.2595067436503336
labbench,labbench/figqa-0123,figqa-0123,0.8947812762700235,0.10521872372997654,16,easy,0.75,0.75,0.3427827300200522
labbench,labbench/figqa-0026,figqa-0026,0.8947812762700235,0.10521872372997654,16,medium,0.6625000000000001,0.6625000000000001,0.3443744328488978
bigcodebench,bigcodebench/bigcodebench_418,bigcodebench_418,0.8947924869885988,0.10520751301140119,16,easy,0.8875,0.8875,0.1996089927833914
bigcodebench,bigcodebench/bigcodebench_1020,bigcodebench_1020,0.8947924869885988,0.10520751301140119,16,easy,0.8999999999999999,0.8999999999999999,0.2449489742783178
gaia2,gaia2/gaia2-cli/0324_saa8qnpcx8r5eq5x4izam1tzn4c8z89m,gaia2-cli/0324_saa8qnpcx8r5eq5x4izam1tzn4c8z89m,0.8948207894975276,0.10517921050247236,16,medium,0.3506948125,0.3506948125,0.198099516777622
dacode,dacode/dacode-data-sa-036,dacode-data-sa-036,0.8948240635130079,0.10517593648699208,14,medium,0.6458333125,0.6380952142857143,0.2768464975758687
gso,gso/gso-pandas-dev--pandas-ad3f3f7,gso-pandas-dev--pandas-ad3f3f7,0.8950008891467062,0.10499911085329383,16,medium,0.5375,0.5375,0.410601692641421
pixiu,pixiu/pixiu-german-german000002,pixiu-german-german000002,0.895060247273683,0.10493975272631695,15,medium,0.5208333125,0.5155555333333334,0.456373258757181
pixiu,pixiu/pixiu-travel-travel000000,pixiu-travel-travel000000,0.895060247273683,0.10493975272631695,15,medium,0.6083333125,0.5822222,0.4550729272176347
spreadsheetbench,spreadsheetbench/52541,52541,0.8950702475147921,0.10492975248520786,16,easy,0.7625,0.7625,0.3333072906493345
spreadsheetbench,spreadsheetbench/54925,54925,0.8950702475147921,0.10492975248520786,16,easy,0.8125,0.8125,0.2781074432660874
seal0,seal0/106,106,0.8952062117141459,0.10479378828585406,16,easy,0.725,0.725,0.3526683994916471
seal0,seal0/104,104,0.8952062117141459,0.10479378828585406,16,easy,0.8125,0.8125,0.3276335605520289
swebenchpro,swebenchpro/instance_internetarchive__openlibrary-9cd47f4dc21e273320d9e30d889c864f8cb20ccf-v0f5aece3601a5b4419f7ccec1dbda2071be28ee4,instance_internetarchive__openlibrary-9cd47f4dc21e273320d9e30d889c864f8cb20ccf-v0f5aece3601a5b4419f7ccec1dbda2071be28ee4,0.8952315540171162,0.10476844598288382,16,medium,0.475,0.475,0.4054318685056713
swebenchpro,swebenchpro/instance_tutao__tutanota-40e94dee2bcec2b63f362da283123e9df1874cc1-vc4e41fd0029957297843cb9dec4a25c7c756f029,instance_tutao__tutanota-40e94dee2bcec2b63f362da283123e9df1874cc1-vc4e41fd0029957297843cb9dec4a25c7c756f029,0.8952315540171162,0.10476844598288382,16,medium,0.475,0.475,0.4115519408288582
medagentbench,medagentbench/task6_5,task6_5,0.8953187848283193,0.10468121517168072,16,easy,0.7625,0.7625,0.2934173648576375
ineqmath,ineqmath/95,95,0.8953405267145659,0.10465947328543412,16,easy,0.825,0.825,0.3031088913245535
deepsynth,deepsynth/36,36,0.8953534431907814,0.10464655680921864,16,medium,0.42083325,0.42083325,0.3124444272809766
featurebench-modal,featurebench-modal/pandas-dev__pandas.82fa2715.test_quantile.f4b69e49.lv1,pandas-dev__pandas.82fa2715.test_quantile.f4b69e49.lv1,0.8953760467727087,0.10462395322729134,16,hard,0.2125,0.2125,0.3351771919447981
featurebench-modal,featurebench-modal/astropy__astropy.b0db0daa.test_basic_rgb.067e927c.lv1,astropy__astropy.b0db0daa.test_basic_rgb.067e927c.lv1,0.8955310167581031,0.1044689832418969,16,hard,0.175,0.175,0.1984313483298443
usaco,usaco/840,840,0.8957426194176437,0.10425738058235634,16,medium,0.4,0.4,0.4123105625617661
usaco,usaco/248,248,0.8957426194176437,0.10425738058235634,16,medium,0.4624999999999999,0.4624999999999999,0.4399928976699511
terminal-bench,terminal-bench/cobol-modernization,cobol-modernization,0.8957501918180042,0.1042498081819958,16,easy,0.875,0.875,0.2633913438213184
labbench,labbench/figqa-0056,figqa-0056,0.895974754988516,0.10402524501148402,16,medium,0.4125,0.4125,0.3903123748998999
labbench,labbench/figqa-0058,figqa-0058,0.895974754988516,0.10402524501148402,16,medium,0.35,0.35,0.4092676385936225
usaco,usaco/230,230,0.8959949834340118,0.10400501656598815,16,easy,0.74375,0.74375,0.3316035848720577
kumo,kumo/educationenv-t4-a6-v1-s1,educationenv-t4-a6-v1-s1,0.8960198840676961,0.10398011593230394,16,easy,0.7625,0.7625,0.3179524335494226
reasoning-gym,reasoning-gym/reasoning-gym-logic-circuit-logic-easy00cea0a5-seed45-1,reasoning-gym-logic-circuit-logic-easy00cea0a5-seed45-1,0.8960253008499872,0.10397469915001278,16,medium,0.5125000000000001,0.5125000000000001,0.4060095442227929
reasoning-gym,reasoning-gym/reasoning-gym-logic-circuit-logic-easy00cea0a5-seed45-2,reasoning-gym-logic-circuit-logic-easy00cea0a5-seed45-2,0.8960253008499872,0.10397469915001278,16,medium,0.4625,0.4625,0.3655047879303361
gaia,gaia/ad2b4d70-9314-4fe6-bfbe-894a45f6055f,ad2b4d70-9314-4fe6-bfbe-894a45f6055f,0.8962184126802071,0.10378158731979292,16,medium,0.3,0.3,0.3937003937005905
gaia,gaia/853c8244-429e-46ca-89f2-addf40dfb2bd,853c8244-429e-46ca-89f2-addf40dfb2bd,0.8962184126802071,0.10378158731979292,16,hard,0.2125,0.2125,0.2869560070812249
hle,hle/hle/hle__67001b2537deff035b73927b,hle/hle__67001b2537deff035b73927b,0.8963157502790247,0.10368424972097534,16,hard,0.25,0.25,0.35
reasoning-gym,reasoning-gym/reasoning-gym-arithmetic-dice-easy00cea0a5-seed45-1,reasoning-gym-arithmetic-dice-easy00cea0a5-seed45-1,0.8964728024491881,0.10352719755081186,16,easy,0.89375,0.89375,0.171277370075559
simpleqa,simpleqa/simpleqa-348,simpleqa-348,0.8964764741157751,0.10352352588422487,16,medium,0.625,0.625,0.4351723796382303
simpleqa,simpleqa/simpleqa-2775,simpleqa-2775,0.8964764741157751,0.10352352588422487,16,medium,0.6125,0.6125,0.4029190365321549
simpleqa,simpleqa/simpleqa-661,simpleqa-661,0.8965360345786578,0.10346396542134217,16,medium,0.5875,0.5875,0.4090767042988393
simpleqa,simpleqa/simpleqa-140,simpleqa-140,0.8965360345786578,0.10346396542134217,16,medium,0.675,0.675,0.4115519408288582
hle,hle/hle/hle__672d8b9b504a98f0e4799ae0,hle/hle__672d8b9b504a98f0e4799ae0,0.8967078310559395,0.10329216894406046,16,easy,0.7125,0.7125,0.2997394702070449
research-code-bench,research-code-bench/diff-transformer_empirical_lambda_init_function,diff-transformer_empirical_lambda_init_function,0.8967663932419601,0.10323360675803994,16,medium,0.35,0.35,0.4153311931459037
featurebench-modal,featurebench-modal/lightning-ai__pytorch-lightning.126fa6f1.test_seed.1eaa1d46.lv1,lightning-ai__pytorch-lightning.126fa6f1.test_seed.1eaa1d46.lv1,0.8968700041677191,0.10312999583228089,16,hard,0.175,0.175,0.2633913438213184
featurebench-modal,featurebench-modal/scikit-learn__scikit-learn.5741bac9.test_arff_parser.ecde431a.lv1,scikit-learn__scikit-learn.5741bac9.test_arff_parser.ecde431a.lv1,0.8968700041677191,0.10312999583228089,16,frontier,0.025,0.025,0.0661437827766147
dacode,dacode/dacode-plot-bar-005,dacode-plot-bar-005,0.8969134423310304,0.10308655766896957,14,hard,0.2,0.2285714285714286,0.3614031611621005
reasoning-gym,reasoning-gym/reasoning-gym-algorithmic-binary-matrix-easy00cea0a5-seed45-0,reasoning-gym-algorithmic-binary-matrix-easy00cea0a5-seed45-0,0.8969318657365263,0.10306813426347372,16,easy,0.9,0.9,0.1581138830084189
reasoning-gym,reasoning-gym/reasoning-gym-geometry-advanced-geometry-hard0292e21f-seed45-1,reasoning-gym-geometry-advanced-geometry-hard0292e21f-seed45-1,0.8969318657365263,0.10306813426347372,16,easy,0.8225,0.8225,0.2436231721327017
crmarena,crmarena/crmarena_1088_best_region_identification,crmarena_1088_best_region_identification,0.8969481197244716,0.10305188027552836,16,easy,0.775,0.775,0.3152380053229623
crmarena,crmarena/crmarena_1119_best_region_identification,crmarena_1119_best_region_identification,0.8969481197244716,0.10305188027552836,16,easy,0.825,0.825,0.3381937314617171
reasoning-gym,reasoning-gym/reasoning-gym-algorithmic-jugs-hard0292e21f-seed45-1,reasoning-gym-algorithmic-jugs-hard0292e21f-seed45-1,0.8969929999310285,0.10300700006897145,16,easy,0.7250000000000001,0.7250000000000001,0.3526683994916471
swebench-verified,swebench-verified/django__django-15695,django__django-15695,0.8970110872572368,0.10298891274276323,16,hard,0.125,0.125,0.1984313483298443
swebench-verified,swebench-verified/sympy__sympy-17318,sympy__sympy-17318,0.8970110872572368,0.10298891274276323,16,hard,0.2875,0.2875,0.3739568825412898
medagentbench,medagentbench/task5_26,task5_26,0.8970852271450606,0.10291477285493944,16,easy,0.8999999999999999,0.8999999999999999,0.2449489742783178
pixiu,pixiu/pixiu-headlines-headlines82173,pixiu-headlines-headlines82173,0.897109668875777,0.10289033112422297,15,easy,0.9385416875,0.9344444666666668,0.1122936536140053
featurebench-modal,featurebench-modal/astropy__astropy.b0db0daa.test_functions.40530bf7.lv1,astropy__astropy.b0db0daa.test_functions.40530bf7.lv1,0.8971901525046944,0.10280984749530564,16,medium,0.3,0.3,0.3391164991562634
featurebench-modal,featurebench-modal/linkedin__liger-kernel.c856fbab.test_layer_norm.ed322799.lv1,linkedin__liger-kernel.c856fbab.test_layer_norm.ed322799.lv1,0.897221713246558,0.10277828675344203,16,medium,0.4,0.4,0.3535533905932738
featurebench-modal,featurebench-modal/mwaskom__seaborn.7001ebe7.test_algorithms.1f0181c2.lv1,mwaskom__seaborn.7001ebe7.test_algorithms.1f0181c2.lv1,0.897221713246558,0.10277828675344203,16,medium,0.3125,0.3125,0.338886042793149
arc-agi-2,arc-agi-2/291dc1e1_0,291dc1e1_0,0.8972354465472708,0.10276455345272917,16,hard,0.275,0.275,0.3152380053229623
featurebench-modal,featurebench-modal/astropy__astropy.b0db0daa.test_comparison.445d81a3.lv1,astropy__astropy.b0db0daa.test_comparison.445d81a3.lv1,0.8972862250001292,0.10271377499987078,16,hard,0.2125,0.2125,0.3276335605520289
featurebench-modal,featurebench-modal/astropy__astropy.b0db0daa.test_tree.261bac3c.lv1,astropy__astropy.b0db0daa.test_tree.261bac3c.lv1,0.8972862250001292,0.10271377499987078,16,hard,0.175,0.175,0.3072051431861127
gpqa-diamond,gpqa-diamond/146,146,0.897435897435897,0.10256410256410298,16,easy,0.925,0.925,0.1561249499599599
widesearch,widesearch/widesearch/widesearch-ws-zh-048,widesearch/widesearch-ws-zh-048,0.8975228031729672,0.10247719682703282,16,medium,0.43065,0.43065,0.3125732070373674
pixiu,pixiu/pixiu-fsrl-fsrl8,pixiu-fsrl-fsrl8,0.8976163841867436,0.10238361581325639,15,medium,0.4564756249999999,0.4565314,0.1786761009990983
pixiu,pixiu/pixiu-fsrl-fsrl2,pixiu-fsrl-fsrl2,0.8976163841867436,0.10238361581325639,15,medium,0.4916175,0.4919282000000001,0.157502005893343
widesearch,widesearch/widesearch/widesearch-ws-en-002,widesearch/widesearch-ws-en-002,0.8976642590690964,0.10233574093090358,16,medium,0.5360894375,0.5360894375,0.1131592868780379
widesearch,widesearch/widesearch/widesearch-ws-zh-002,widesearch/widesearch-ws-zh-002,0.8976656811579022,0.10233431884209776,16,medium,0.4472843125,0.4472843125,0.1992601172493252
mmau,mmau/4452ab49-197b-4e61-8eb5-458999f0e914,4452ab49-197b-4e61-8eb5-458999f0e914,0.8976892294154716,0.10231077058452842,16,easy,0.8250000000000001,0.8250000000000001,0.2989565185775349
aider-polyglot,aider-polyglot/polyglot_javascript_affine-cipher,polyglot_javascript_affine-cipher,0.897763129532433,0.10223687046756702,16,easy,0.825,0.825,0.2989565185775349
widesearch,widesearch/widesearch/widesearch-ws-en-067,widesearch/widesearch-ws-en-067,0.8979739202478897,0.10202607975211031,16,medium,0.3814265625,0.3814265625,0.2647503212434238
spreadsheetbench,spreadsheetbench/58904,58904,0.8979967625278262,0.10200323747217377,16,easy,0.7875,0.7875,0.2781074432660873
lawbench,lawbench/lawbench-2-8-16-zero-shot,lawbench-2-8-16-zero-shot,0.8980517353416398,0.10194826465836015,16,medium,0.479375,0.479375,0.1774284626969416
widesearch,widesearch/widesearch/widesearch-ws-en-075,widesearch/widesearch-ws-en-075,0.8980592356888245,0.10194076431117549,16,medium,0.6592265625,0.6592265625,0.3329597084817412
featurebench-modal,featurebench-modal/huggingface__transformers.e2e8dbed.test_tokenization_prophetnet.ca02e775.lv1,huggingface__transformers.e2e8dbed.test_tokenization_prophetnet.ca02e775.lv1,0.8981107064753204,0.10188929352467957,16,hard,0.0625,0.0625,0.1165922381636102
featurebench-modal,featurebench-modal/huggingface__transformers.e2e8dbed.test_serve.4e7860c7.lv1,huggingface__transformers.e2e8dbed.test_serve.4e7860c7.lv1,0.8981107064753204,0.10188929352467957,16,hard,0.1375,0.1375,0.2521780125229002
swebenchpro,swebenchpro/instance_nodebb__nodebb-22368b996ee0e5f11a5189b400b33af3cc8d925a-v4fbcfae8b15e4ce5d132c408bca69ebb9cf146ed,instance_nodebb__nodebb-22368b996ee0e5f11a5189b400b33af3cc8d925a-v4fbcfae8b15e4ce5d132c408bca69ebb9cf146ed,0.8981669725694245,0.10183302743057554,16,easy,0.8,0.8,0.282842712474619
swebenchpro,swebenchpro/instance_ansible__ansible-5d253a13807e884b7ce0b6b57a963a45e2f0322c-v1055803c3a812189a1133297f7f5468579283f86,instance_ansible__ansible-5d253a13807e884b7ce0b6b57a963a45e2f0322c-v1055803c3a812189a1133297f7f5468579283f86,0.8981669725694245,0.10183302743057554,16,easy,0.7125,0.7125,0.3739568825412898
widesearch,widesearch/widesearch/widesearch-ws-zh-071,widesearch/widesearch-ws-zh-071,0.8982059252347403,0.1017940747652597,16,medium,0.46910225,0.46910225,0.3158851224196266
widesearch,widesearch/widesearch/widesearch-ws-en-094,widesearch/widesearch-ws-en-094,0.8982059252347403,0.1017940747652597,16,medium,0.47311725,0.47311725,0.3290387712718099
reasoning-gym,reasoning-gym/reasoning-gym-games-mahjong-puzzle-easy00cea0a5-seed45-2,reasoning-gym-games-mahjong-puzzle-easy00cea0a5-seed45-2,0.8982263936730379,0.10177360632696208,16,easy,0.7124999999999999,0.7124999999999999,0.338886042793149
lawbench,lawbench/lawbench-2-4-8-zero-shot,lawbench-2-4-8-zero-shot,0.8983364476536406,0.10166355234635938,16,hard,0.211875,0.211875,0.0500273362772794
quixbugs,quixbugs/quixbugs-java-quicksort,quixbugs-java-quicksort,0.8984639923716298,0.10153600762837023,16,easy,0.8697916875,0.8697916875,0.2600893613961648
swebench-verified,swebench-verified/django__django-13109,django__django-13109,0.8985528201505071,0.10144717984949292,16,easy,0.7375,0.7375,0.3722818152958857
lawbench,lawbench/lawbench-3-2-10-zero-shot,lawbench-3-2-10-zero-shot,0.8985841341390535,0.10141586586094653,16,hard,0.28074575,0.28074575,0.0982885744564824
spreadsheetbench,spreadsheetbench/61-4,61-4,0.8987159104685425,0.10128408953145751,16,medium,0.5625,0.5625,0.42555111326373
omnimath,omnimath/omnimath_2380,omnimath_2380,0.8988034286046978,0.10119657139530225,16,easy,0.7625000000000001,0.7625000000000001,0.3407253292609752
lawbench,lawbench/lawbench-3-3-21-zero-shot,lawbench-3-3-21-zero-shot,0.8989165852999772,0.1010834147000228,16,medium,0.530729,0.530729,0.1450391200702417
spreadsheetbench,spreadsheetbench/414-20,414-20,0.8991672977812438,0.10083270221875618,16,easy,0.8125,0.8125,0.335177191944798
bigcodebench,bigcodebench/bigcodebench_963,bigcodebench_963,0.899218915156451,0.10078108484354897,16,hard,0.1625,0.1625,0.3099899191909311
bigcodebench,bigcodebench/bigcodebench_574,bigcodebench_574,0.899218915156451,0.10078108484354897,16,frontier,0.025,0.025,0.0661437827766147
gso,gso/gso-numpy--numpy-248c60e,gso-numpy--numpy-248c60e,0.8992189151564514,0.10078108484354864,16,medium,0.475,0.475,0.4235268586524354
gso,gso/gso-numpy--numpy-794f474,gso-numpy--numpy-794f474,0.8992189151564514,0.10078108484354864,16,medium,0.5,0.5,0.3872983346207417
hle,hle/hle/hle__6726b934d4553efaee99c556,hle/hle__6726b934d4553efaee99c556,0.8993024186771077,0.1006975813228923,16,hard,0.2875,0.2875,0.4060095442227929
hle,hle/hle/hle__66f5fa6547b598f037ec67fd,hle/hle__66f5fa6547b598f037ec67fd,0.8993024186771077,0.1006975813228923,16,medium,0.3,0.3,0.3937003937005905
arc-agi-2,arc-agi-2/58f5dbd5_0,58f5dbd5_0,0.8993097105965328,0.10069028940346725,16,medium,0.4875,0.4875,0.4470388685561916
mmau,mmau/06f95aee-528e-4665-b718-ae876cc11b7c,06f95aee-528e-4665-b718-ae876cc11b7c,0.8993540197104541,0.10064598028954586,16,easy,0.8625,0.8625,0.3295356581616017
bigcodebench,bigcodebench/bigcodebench_399,bigcodebench_399,0.8993710691823897,0.10062893081761026,16,hard,0.175,0.175,0.3152380053229622
bigcodebench,bigcodebench/bigcodebench_765,bigcodebench_765,0.8993710691823897,0.10062893081761026,16,hard,0.175,0.175,0.3152380053229622
hle,hle/hle/hle__6726e3bf4aeb5af8ca49e254,hle/hle__6726e3bf4aeb5af8ca49e254,0.8994169857973062,0.10058301420269378,16,medium,0.6125,0.6125,0.4029190365321549
bixbench,bixbench/bix-28-q2,bix-28-q2,0.89953374906446,0.10046625093553996,16,hard,0.1375,0.1375,0.3295356581616017
bixbench,bixbench/bix-33-q6,bix-33-q6,0.89953374906446,0.10046625093553996,16,easy,0.8625,0.8625,0.3295356581616017
bixbench,bixbench/bix-28-q3,bix-28-q3,0.89953374906446,0.10046625093553996,16,hard,0.2125,0.2125,0.3568525605905049
bixbench,bixbench/bix-41-q4,bix-41-q4,0.89953374906446,0.10046625093553996,16,easy,0.7875000000000001,0.7875000000000001,0.3568525605905049
aider-polyglot,aider-polyglot/polyglot_java_go-counting,polyglot_java_go-counting,0.8996636930621758,0.10033630693782425,16,medium,0.375,0.375,0.4235268586524354
simpleqa,simpleqa/simpleqa-615,simpleqa-615,0.8997354108424371,0.10026458915756287,16,easy,0.7749999999999999,0.7749999999999999,0.3307189138830738
simpleqa,simpleqa/simpleqa-3212,simpleqa-3212,0.8997354108424371,0.10026458915756287,16,easy,0.75,0.75,0.3570714214271425
widesearch,widesearch/widesearch/widesearch-ws-zh-080,widesearch/widesearch-ws-zh-080,0.8997576625789117,0.10024233742108835,16,medium,0.3467263125,0.3467263125,0.2502166643155784
widesearch,widesearch/widesearch/widesearch-ws-zh-085,widesearch/widesearch-ws-zh-085,0.8997576625789117,0.10024233742108835,16,hard,0.0978948749999999,0.0978948749999999,0.1320546305047057
kumo,kumo/algorithmenv-t4-a6-v1-s1,algorithmenv-t4-a6-v1-s1,0.8998796107649657,0.1001203892350343,16,easy,0.8125,0.8125,0.2394655507583502
swebenchpro,swebenchpro/instance_internetarchive__openlibrary-bb152d23c004f3d68986877143bb0f83531fe401-ve8c8d62a2b60610a3c4631f5f23ed866bada9818,instance_internetarchive__openlibrary-bb152d23c004f3d68986877143bb0f83531fe401-ve8c8d62a2b60610a3c4631f5f23ed866bada9818,0.8998884357447587,0.10011156425524126,16,frontier,0.025,0.025,0.0968245836551854
swebenchpro,swebenchpro/instance_qutebrowser__qutebrowser-c0be28ebee3e1837aaf3f30ec534ccd6d038f129-v9f8e9d96c85c85a605e382f1510bd08563afc566,instance_qutebrowser__qutebrowser-c0be28ebee3e1837aaf3f30ec534ccd6d038f129-v9f8e9d96c85c85a605e382f1510bd08563afc566,0.8998884357447587,0.10011156425524126,16,hard,0.1124999999999999,0.1124999999999999,0.254644359843292
bfcl,bfcl/bfcl-live-irrelevance-125-11-0,bfcl-live-irrelevance-125-11-0,0.8998884357447589,0.10011156425524115,16,easy,0.8875,0.8875,0.254644359843292
aider-polyglot,aider-polyglot/polyglot_java_twelve-days,polyglot_java_twelve-days,0.899931641503809,0.100068358496191,16,hard,0.2625,0.2625,0.4044672421840859
medagentbench,medagentbench/task9_19,task9_19,0.8999545546353984,0.10004544536460158,16,medium,0.3875,0.3875,0.3568525605905049
gaia,gaia/366e2f2b-8632-4ef2-81eb-bc3877489217,366e2f2b-8632-4ef2-81eb-bc3877489217,0.899963937587722,0.10003606241227803,16,easy,0.8374999999999999,0.8374999999999999,0.3018174116912409
hle,hle/hle/hle__671d4dc4a37bbf6a4bccbd9e,hle/hle__671d4dc4a37bbf6a4bccbd9e,0.8999912756370634,0.10000872436293662,16,easy,0.8375,0.8375,0.226039266500314
hle,hle/hle/hle__66eaf0ba5e31c19691fe73b1,hle/hle__66eaf0ba5e31c19691fe73b1,0.8999912756370634,0.10000872436293662,16,medium,0.6,0.6,0.4301162633521313
aider-polyglot,aider-polyglot/polyglot_python_dominoes,polyglot_python_dominoes,0.9001321160025277,0.09986788399747226,16,easy,0.75,0.75,0.35
spreadsheetbench,spreadsheetbench/547-18,547-18,0.9001705093954915,0.09982949060450852,16,easy,0.725,0.725,0.3526683994916471
aider-polyglot,aider-polyglot/polyglot_java_pythagorean-triplet,polyglot_java_pythagorean-triplet,0.9002800397165727,0.09971996028342733,16,medium,0.5625,0.5625,0.4371427112511428
aider-polyglot,aider-polyglot/polyglot_javascript_state-of-tic-tac-toe,polyglot_javascript_state-of-tic-tac-toe,0.9002800397165727,0.09971996028342733,16,medium,0.55,0.55,0.4272001872658765
skillsbench,skillsbench/exceltable-in-ppt,exceltable-in-ppt,0.9003117496586204,0.09968825034137963,16,medium,0.3,0.3,0.3807886552931954
bigcodebench,bigcodebench/bigcodebench_139,bigcodebench_139,0.9003685116510022,0.09963148834899782,16,easy,0.7625,0.7625,0.2758509561339239
bigcodebench,bigcodebench/bigcodebench_401,bigcodebench_401,0.9003685116510022,0.09963148834899782,16,easy,0.8500000000000001,0.8500000000000001,0.2692582403567252
hle,hle/hle/hle__671db218fe1146e348ef1266,hle/hle__671db218fe1146e348ef1266,0.9004000599770638,0.09959994002293615,16,medium,0.3,0.3,0.3464101615137754
crustbench,crustbench/crustbench-fslib,crustbench-fslib,0.900445603127785,0.09955439687221501,14,hard,0.2583333125,0.2952380714285714,0.3751945805080848
aime,aime/aime_i-13,aime_i-13,0.9006652228972739,0.09933477710272609,16,easy,0.7125,0.7125,0.3672107705392095
aime,aime/aime_ii-11,aime_ii-11,0.9006652228972739,0.09933477710272609,16,easy,0.865625,0.865625,0.2441303122821908
aider-polyglot,aider-polyglot/polyglot_cpp_knapsack,polyglot_cpp_knapsack,0.900673874845868,0.09932612515413197,16,medium,0.625,0.625,0.4293891009329417
aider-polyglot,aider-polyglot/polyglot_cpp_sublist,polyglot_cpp_sublist,0.9007003573147674,0.09929964268523261,16,hard,0.2125,0.2125,0.3119995993587171
reasoning-gym,reasoning-gym/reasoning-gym-cognition-modulo-grid-easy00cea0a5-seed45-0,reasoning-gym-cognition-modulo-grid-easy00cea0a5-seed45-0,0.900763233821319,0.09923676617868105,16,medium,0.6875,0.6875,0.3935019059674298
medagentbench,medagentbench/task2_8,task2_8,0.9007670243794174,0.09923297562058264,16,easy,0.7749999999999999,0.7749999999999999,0.3230711995830021
pixiu,pixiu/pixiu-fsrl-fsrl1,pixiu-fsrl-fsrl1,0.9008469725082882,0.09915302749171184,15,medium,0.5688318125,0.5630521333333333,0.2085153406675766
algotune,algotune/algotune-shortest-path-dijkstra,algotune-shortest-path-dijkstra,0.9008478546930284,0.09915214530697158,16,medium,0.300448,0.300448,0.2664118259788311
widesearch,widesearch/widesearch/widesearch-ws-en-023,widesearch/widesearch-ws-en-023,0.9010502631963475,0.09894973680365249,16,medium,0.45668775,0.45668775,0.2992242104863634
widesearch,widesearch/widesearch/widesearch-ws-zh-025,widesearch/widesearch-ws-zh-025,0.9010502631963475,0.09894973680365249,16,medium,0.5779885,0.5779885,0.3580830157714828
terminal-bench,terminal-bench/crack-7z-hash,crack-7z-hash,0.9010835468852719,0.09891645311472808,16,medium,0.625,0.625,0.359687364248454
reasoning-gym,reasoning-gym/reasoning-gym-cognition-figlet-font-easy00cea0a5-seed45-1,reasoning-gym-cognition-figlet-font-easy00cea0a5-seed45-1,0.901084542174865,0.098915457825135,16,medium,0.4315624999999999,0.4315624999999999,0.3387371711131655
reasoning-gym,reasoning-gym/reasoning-gym-cognition-figlet-font-hard0292e21f-seed45-2,reasoning-gym-cognition-figlet-font-hard0292e21f-seed45-2,0.901084542174865,0.098915457825135,16,medium,0.54625,0.54625,0.4316085466021265
aider-polyglot,aider-polyglot/polyglot_rust_accumulate,polyglot_rust_accumulate,0.901110808677088,0.09888919132291196,16,medium,0.4625,0.4625,0.4567206476611277
pixiu,pixiu/pixiu-fsrl-fsrl6,pixiu-fsrl-fsrl6,0.9012597503251981,0.09874024967480188,15,medium,0.444079,0.4397800666666667,0.1768349826987359
hle,hle/hle/hle__6725ee9126992c47ce3a7eb5,hle/hle__6725ee9126992c47ce3a7eb5,0.9014115564526891,0.09858844354731089,16,medium,0.3624999999999999,0.3624999999999999,0.362068708949006
hle,hle/hle/hle__66fb931a089552943999ce86,hle/hle__66fb931a089552943999ce86,0.9014115564526891,0.09858844354731089,16,hard,0.25,0.25,0.3427827300200522
kumo,kumo/historicalbattleenv-t4-a6-v1-s1,historicalbattleenv-t4-a6-v1-s1,0.9014410719200632,0.09855892807993683,16,easy,0.8500000000000001,0.8500000000000001,0.229128784747792
reasoning-gym,reasoning-gym/reasoning-gym-algorithmic-caesar-cipher-hard0292e21f-seed45-1,reasoning-gym-algorithmic-caesar-cipher-hard0292e21f-seed45-1,0.9015236148719861,0.09847638512801393,15,easy,0.755573625,0.7530098666666667,0.2926775632573308
omnimath,omnimath/omnimath_2512,omnimath_2512,0.9015249595808503,0.09847504041914967,16,easy,0.95,0.95,0.1118033988749894
pixiu,pixiu/pixiu-multifin-multifineng8,pixiu-multifin-multifineng8,0.9016114927565863,0.09838850724341375,16,easy,0.925,0.925,0.1391941090707505
swebench-verified,swebench-verified/django__django-16100,django__django-16100,0.9016393442622952,0.0983606557377048,16,medium,0.675,0.675,0.338193731461717
reasoning-gym,reasoning-gym/reasoning-gym-arithmetic-leg-counting-easy00cea0a5-seed45-0,reasoning-gym-arithmetic-leg-counting-easy00cea0a5-seed45-0,0.9017360889214792,0.09826391107852084,16,easy,0.8125,0.8125,0.3119995993587171
reasoning-gym,reasoning-gym/reasoning-gym-games-tower-of-hanoi-easy00cea0a5-seed45-1,reasoning-gym-games-tower-of-hanoi-easy00cea0a5-seed45-1,0.9018704307938104,0.09812956920618965,16,easy,0.89821425,0.89821425,0.180974964090513
bigcodebench,bigcodebench/bigcodebench_162,bigcodebench_162,0.901921067979778,0.098078932020222,16,easy,0.8125,0.8125,0.2496873044429772
gaia2,gaia2/gaia2-cli/0308_p1re6tgusxp32s5uc2biv4zy3qwimrkc,gaia2-cli/0308_p1re6tgusxp32s5uc2biv4zy3qwimrkc,0.9020059152869108,0.09799408471308924,16,medium,0.6125,0.6125,0.4029190365321549
labbench,labbench/figqa-0111,figqa-0111,0.9020205167126409,0.09797948328735906,16,medium,0.375,0.375,0.3929058411375427
gso,gso/gso-numpy--numpy-7853cbc,gso-numpy--numpy-7853cbc,0.9020589107329753,0.09794108926702472,16,medium,0.5625,0.5625,0.4075460096725276
widesearch,widesearch/widesearch/widesearch-ws-zh-007,widesearch/widesearch-ws-zh-007,0.9021299042483948,0.09787009575160521,16,hard,0.2157546875,0.2157546875,0.1353870868674883
labbench,labbench/figqa-0063,figqa-0063,0.9021324112753408,0.09786758872465917,16,hard,0.1375,0.1375,0.2712816801776338
simpleqa,simpleqa/simpleqa-1641,simpleqa-1641,0.9021941985522283,0.09780580144777173,16,medium,0.6875,0.6875,0.3672107705392095
bfcl,bfcl/bfcl-multiple-150,bfcl-multiple-150,0.9022663171382675,0.09773368286173245,16,saturated,0.9625,0.9625,0.1053268721647044
spreadsheetbench,spreadsheetbench/46240,46240,0.9022663171382677,0.09773368286173234,16,easy,0.95,0.95,0.1118033988749894
gpqa-diamond,gpqa-diamond/9,9,0.9022663171382678,0.09773368286173223,16,easy,0.95,0.95,0.1118033988749894
gpqa-diamond,gpqa-diamond/177,177,0.9022663171382678,0.09773368286173223,16,easy,0.95,0.95,0.1118033988749894
omnimath,omnimath/omnimath_1775,omnimath_1775,0.9022663171382678,0.09773368286173223,16,easy,0.95,0.95,0.1118033988749894
replicationbench,replicationbench/galaxy_manifold__property_prediction,galaxy_manifold__property_prediction,0.9023840752451987,0.0976159247548013,16,hard,0.0625,0.0625,0.1363589014329464
lawbench,lawbench/lawbench-2-1-15-zero-shot,lawbench-2-1-15-zero-shot,0.9023908721745716,0.09760912782542841,16,medium,0.4629225,0.4629225,0.2372698011626216
labbench,labbench/figqa-0049,figqa-0049,0.9024767411432676,0.09752325885673241,16,medium,0.3875,0.3875,0.3903123748998999
omnimath,omnimath/omnimath_4240,omnimath_4240,0.9025021314282923,0.09749786857170772,16,easy,0.9125,0.9125,0.1727534370135656
omnimath,omnimath/omnimath_4285,omnimath_4285,0.9025021314282923,0.09749786857170772,16,saturated,0.975,0.975,0.0661437827766147
widesearch,widesearch/widesearch/widesearch-ws-en-017,widesearch/widesearch-ws-en-017,0.9025407495336727,0.09745925046632731,16,medium,0.6478023125,0.6478023125,0.278762039355639
terminal-bench,terminal-bench/portfolio-optimization,portfolio-optimization,0.9025419790150202,0.0974580209849798,16,easy,0.8500000000000001,0.8500000000000001,0.3041381265149109
aider-polyglot,aider-polyglot/polyglot_javascript_meetup,polyglot_javascript_meetup,0.9025907284506327,0.0974092715493673,16,medium,0.625,0.625,0.3929058411375427
ineqmath,ineqmath/94,94,0.9026372148933721,0.09736278510662788,16,easy,0.86875,0.86875,0.241657686614765
swesmith,swesmith/oauthlib__oauthlib.1fd52536.combine_file__eevkhjf7,oauthlib__oauthlib.1fd52536.combine_file__eevkhjf7,0.9026575945655244,0.09734240543447559,16,hard,0.18125,0.18125,0.3045873232752801
crmarena,crmarena/crmarena_0969_policy_violation_identification,crmarena_0969_policy_violation_identification,0.9026636791216628,0.09733632087833721,16,hard,0.2625,0.2625,0.2891258376555095
terminal-bench,terminal-bench/nginx-request-logging,nginx-request-logging,0.9027155636240067,0.09728443637599327,16,easy,0.753125,0.753125,0.3524329501834356
swesmith,swesmith/oauthlib__oauthlib.1fd52536.combine_file__a0mopj7p,oauthlib__oauthlib.1fd52536.combine_file__a0mopj7p,0.9027244968767527,0.09727550312324729,16,hard,0.05,0.05,0.15
swesmith,swesmith/oauthlib__oauthlib.1fd52536.combine_file__99t7rutv,oauthlib__oauthlib.1fd52536.combine_file__99t7rutv,0.9027244968767527,0.09727550312324729,16,hard,0.05,0.05,0.15
lawbench,lawbench/lawbench-2-7-11-zero-shot,lawbench-2-7-11-zero-shot,0.9027393739155571,0.09726062608444286,16,medium,0.38784925,0.38784925,0.0750537011483278
lawbench,lawbench/lawbench-2-7-3-zero-shot,lawbench-2-7-3-zero-shot,0.9027393739155571,0.09726062608444286,16,medium,0.366685625,0.366685625,0.0909699068297278
labbench,labbench/figqa-0021,figqa-0021,0.9027412653049022,0.09725873469509783,16,medium,0.5375000000000001,0.5375000000000001,0.410601692641421
swesmith,swesmith/oauthlib__oauthlib.1fd52536.combine_file__1o3hm5l5,oauthlib__oauthlib.1fd52536.combine_file__1o3hm5l5,0.9027853353144161,0.09721466468558393,16,easy,0.7375,0.7375,0.3585997071945263
dacode,dacode/dacode-data-wrangling-025,dacode-data-wrangling-025,0.9028180122822332,0.09718198771776676,14,easy,0.8624999999999999,0.8428571428571429,0.2411706145162018
simpleqa,simpleqa/simpleqa-2958,simpleqa-2958,0.9029008217033108,0.09709917829668924,16,easy,0.7875,0.7875,0.3276335605520289
algotune,algotune/algotune-upfirdn1d,algotune-upfirdn1d,0.9029407242691321,0.09705927573086792,16,frontier,0.0298978749999999,0.0298978749999999,0.068816419375098
reasoning-gym,reasoning-gym/reasoning-gym-arithmetic-basic-arithmetic-easy00cea0a5-seed45-0,reasoning-gym-arithmetic-basic-arithmetic-easy00cea0a5-seed45-0,0.9029578275901563,0.0970421724098437,16,saturated,0.975,0.975,0.0968245836551854
livecodebench,livecodebench/3779,3779,0.9029646679354658,0.09703533206453419,16,medium,0.6375,0.6375,0.4484347778663024
simpleqa,simpleqa/simpleqa-131,simpleqa-131,0.9030248335243879,0.0969751664756121,16,easy,0.825,0.825,0.2904737509655563
simpleqa,simpleqa/simpleqa-18,simpleqa-18,0.9030248335243879,0.0969751664756121,16,easy,0.7375,0.7375,0.3585997071945263
featurebench-modal,featurebench-modal/mlflow__mlflow.93dab383.test_serialization.2c029be6.lv1,mlflow__mlflow.93dab383.test_serialization.2c029be6.lv1,0.9031495812957175,0.09685041870428246,16,hard,0.2,0.2,0.2549509756796392
lawbench,lawbench/lawbench-2-2-18-zero-shot,lawbench-2-2-18-zero-shot,0.9033082682529895,0.09669173174701051,16,medium,0.35625,0.35625,0.1203575402706452
replicationbench,replicationbench/hubble_trails__satellite_chance_post2020_acis,hubble_trails__satellite_chance_post2020_acis,0.9033736663466145,0.09662633365338547,16,medium,0.3875,0.3875,0.342554740151118
replicationbench,replicationbench/hubble_trails__satellite_chance_pre2020_acis,hubble_trails__satellite_chance_pre2020_acis,0.9033736663466145,0.09662633365338547,16,medium,0.475,0.475,0.3665719574653795
terminal-bench,terminal-bench/financial-document-processor,financial-document-processor,0.9033792887088629,0.09662071129113714,16,medium,0.4125,0.4125,0.4029190365321549
swebench-verified,swebench-verified/django__django-9296,django__django-9296,0.9033913225671654,0.09660867743283463,16,easy,0.9375,0.9375,0.1690968657308585
featurebench-modal,featurebench-modal/sphinx-doc__sphinx.e347e59c.test_ext_doctest.530dec5f.lv1,sphinx-doc__sphinx.e347e59c.test_ext_doctest.530dec5f.lv1,0.9035128891381972,0.09648711086180284,16,hard,0.0625,0.0625,0.1536025715930563
featurebench-modal,featurebench-modal/mwaskom__seaborn.7001ebe7.test_algorithms.1f0181c2.lv2,mwaskom__seaborn.7001ebe7.test_algorithms.1f0181c2.lv2,0.9035128891381972,0.09648711086180284,16,frontier,0.025,0.025,0.0968245836551854
gpqa-diamond,gpqa-diamond/190,190,0.9035128891381974,0.09648711086180262,16,easy,0.9375,0.9375,0.1536025715930563
dacode,dacode/dacode-di-csv-010,dacode-di-csv-010,0.9035128891381975,0.0964871108618025,14,hard,0.0625,0.0714285714285714,0.1622545241657221
dacode,dacode/dacode-plot-line-006,dacode-plot-line-006,0.9035128891381975,0.0964871108618025,14,frontier,0.0125,0.0142857142857142,0.0515078753637712
reasoning-gym,reasoning-gym/reasoning-gym-algorithmic-caesar-cipher-easy00cea0a5-seed45-1,reasoning-gym-algorithmic-caesar-cipher-easy00cea0a5-seed45-1,0.9035838560232881,0.09641614397671194,16,easy,0.910069375,0.910069375,0.1693216685490501
crustbench,crustbench/crustbench-remimu,crustbench-remimu,0.9036538076379768,0.09634619236202324,13,easy,0.8416666875000001,0.8051282307692309,0.2905479975081977
labbench,labbench/figqa-0027,figqa-0027,0.9036720499629644,0.09632795003703565,16,medium,0.3125,0.3125,0.3533323506275642
bixbench,bixbench/bix-9-q5,bix-9-q5,0.9037073186493944,0.09629268135060565,16,medium,0.6625000000000001,0.6625000000000001,0.3585997071945263
bixbench,bixbench/bix-3-q5,bix-3-q5,0.9037073186493944,0.09629268135060565,16,medium,0.7,0.7,0.2738612787525831
gaia2,gaia2/gaia2-cli/0276_sa1if0br2tg3chhn7mjdnn7jfolaj7h7,gaia2-cli/0276_sa1if0br2tg3chhn7mjdnn7jfolaj7h7,0.9039704254592245,0.09602957454077554,16,medium,0.665625,0.665625,0.3819026176592667
widesearch,widesearch/widesearch/widesearch-ws-zh-047,widesearch/widesearch-ws-zh-047,0.9040084521885371,0.09599154781146291,16,medium,0.695102125,0.695102125,0.2996125108898732
crmarena,crmarena/crmarena_0315_top_issue_identification,crmarena_0315_top_issue_identification,0.9040210040328605,0.09597899596713955,16,medium,0.4625,0.4625,0.3139964171770117
gpqa-diamond,gpqa-diamond/98,98,0.9043075888596127,0.09569241114038729,16,medium,0.675,0.675,0.3992179855667828
lawbench,lawbench/lawbench-2-4-24-zero-shot,lawbench-2-4-24-zero-shot,0.904387520229738,0.095612479770262,16,medium,0.4868749999999999,0.4868749999999999,0.1395850435218616
hle,hle/hle/hle__6725255ee6807ea2c8372c3c,hle/hle__6725255ee6807ea2c8372c3c,0.9047619047619043,0.09523809523809568,16,hard,0.125,0.125,0.1984313483298443
omnimath,omnimath/omnimath_960,omnimath_960,0.9048162395133527,0.09518376048664734,16,easy,0.8875000000000001,0.8875000000000001,0.2117634293262177
gso,gso/gso-pydantic--pydantic-4a09447,gso-pydantic--pydantic-4a09447,0.904934175718943,0.09506582428105703,16,medium,0.525,0.525,0.3596873642484539
labbench,labbench/figqa-0028,figqa-0028,0.9049538685360005,0.09504613146399954,16,medium,0.3,0.3,0.3674234614174766
spreadsheetbench,spreadsheetbench/50952,50952,0.9050119608647911,0.09498803913520892,16,medium,0.6375,0.6375,0.419635258289863
reasoning-gym,reasoning-gym/reasoning-gym-algorithmic-rotate-matrix-hard0292e21f-seed45-0,reasoning-gym-algorithmic-rotate-matrix-hard0292e21f-seed45-0,0.9050700340088801,0.09492996599111991,16,easy,0.8375,0.8375,0.2666341125962693
financeagent_terminal,financeagent_terminal/financeagent-38,financeagent-38,0.9050865024188338,0.09491349758116618,16,medium,0.3875,0.3875,0.3705991770093399
gso,gso/gso-pandas-dev--pandas-c51c2a7,gso-pandas-dev--pandas-c51c2a7,0.9052304876487348,0.09476951235126518,16,medium,0.4875,0.4875,0.338886042793149
gaia2,gaia2/gaia2-cli/0006_hemtb6lwn3izyke84qxmwp2t1nrzoe2y,gaia2-cli/0006_hemtb6lwn3izyke84qxmwp2t1nrzoe2y,0.9053169077887953,0.09468309221120474,16,medium,0.4,0.4,0.3605551275463989
gaia2,gaia2/gaia2-cli/0736_h853qmxlrtefdm3nyzmasfqlqpzaw18u,gaia2-cli/0736_h853qmxlrtefdm3nyzmasfqlqpzaw18u,0.9053169077887953,0.09468309221120474,16,medium,0.4604166875,0.4604166875,0.3510338286712405
featurebench-modal,featurebench-modal/astropy__astropy.b0db0daa.test_quantity_erfa_ufuncs.3fc54395.lv1,astropy__astropy.b0db0daa.test_quantity_erfa_ufuncs.3fc54395.lv1,0.9053662845289709,0.09463371547102906,16,hard,0.15,0.15,0.2598076211353315
reasoning-gym,reasoning-gym/reasoning-gym-geometry-advanced-geometry-easy00cea0a5-seed45-0,reasoning-gym-geometry-advanced-geometry-easy00cea0a5-seed45-0,0.9054288754884493,0.0945711245115507,16,easy,0.925375,0.925375,0.1702449980909865
crustbench,crustbench/crustbench-slothlang,crustbench-slothlang,0.9054881515058614,0.09451184849413863,14,easy,0.775,0.7428571428571428,0.3658928135675914
replicationbench,replicationbench/hubble_trails__satellite_chance_pre2020_uvis,hubble_trails__satellite_chance_pre2020_uvis,0.9055140275567218,0.09448597244327817,16,hard,0.25,0.25,0.3201562118716424
replicationbench,replicationbench/lensing_dr6_growth__params,lensing_dr6_growth__params,0.9055140275567218,0.09448597244327817,16,hard,0.125,0.125,0.1854049621773915
medagentbench,medagentbench/task2_21,task2_21,0.9055288147574196,0.09447118524258036,16,easy,0.7250000000000001,0.7250000000000001,0.3152380053229623
kumo,kumo/educationenv-t12-a16-v1-s0,educationenv-t12-a16-v1-s0,0.9056223700019634,0.09437762999803656,16,easy,0.7374999999999999,0.7374999999999999,0.3515590277606308
medagentbench,medagentbench/task9_26,task9_26,0.9056241156018816,0.09437588439811839,16,medium,0.4,0.4,0.3464101615137755
medagentbench,medagentbench/task9_13,task9_13,0.9056241156018816,0.09437588439811839,16,medium,0.425,0.425,0.3665719574653795
simpleqa,simpleqa/simpleqa-4070,simpleqa-4070,0.9056484674060548,0.09435153259394524,16,easy,0.8250000000000001,0.8250000000000001,0.2633913438213184
qcircuitbench,qcircuitbench/random_number_generator-n5,random_number_generator-n5,0.905654445002773,0.09434555499722697,16,easy,0.8999999999999999,0.8999999999999999,0.2449489742783178
hle,hle/hle/hle__6701de16d9e4cd1aa812414b,hle/hle__6701de16d9e4cd1aa812414b,0.9058216273156764,0.09417837268432361,16,hard,0.1,0.1,0.2549509756796392
hle,hle/hle/hle__6738243f9b3842b348242430,hle/hle__6738243f9b3842b348242430,0.9058216273156764,0.09417837268432361,16,hard,0.15,0.15,0.2598076211353316
widesearch,widesearch/widesearch/widesearch-ws-zh-016,widesearch/widesearch-ws-zh-016,0.9058525438397544,0.09414745616024556,16,medium,0.4789871249999999,0.4789871249999999,0.3207452573164323
hle,hle/hle/hle__67256656d246bf5d21d1377e,hle/hle__67256656d246bf5d21d1377e,0.9059668160228052,0.09403318397719485,16,medium,0.3,0.3,0.4242640687119285
skillsbench,skillsbench/lean4-proof,lean4-proof,0.9060104284798162,0.09398957152018383,16,medium,0.5875,0.5875,0.4328322423295196
skillsbench,skillsbench/pg-essay-to-audiobook,pg-essay-to-audiobook,0.9060104284798162,0.09398957152018383,16,easy,0.725,0.725,0.3864906208435076
labbench,labbench/figqa-0069,figqa-0069,0.9060159994355491,0.09398400056445089,16,medium,0.35,0.35,0.3840572873934304
simpleqa,simpleqa/simpleqa-3164,simpleqa-3164,0.9060949684991184,0.09390503150088159,16,medium,0.6375,0.6375,0.4075460096725276
gso,gso/gso-pandas-dev--pandas-f298507,gso-pandas-dev--pandas-f298507,0.9061077148714006,0.09389228512859937,16,medium,0.375,0.375,0.3992179855667828
gso,gso/gso-numpy--numpy-b862e4f,gso-numpy--numpy-b862e4f,0.9061077148714006,0.09389228512859937,16,medium,0.3125,0.3125,0.3533323506275642
medagentbench,medagentbench/task1_2,task1_2,0.9061112520779733,0.09388874792202673,16,easy,0.7375,0.7375,0.3443744328488978
labbench,labbench/figqa-0142,figqa-0142,0.9061831399952653,0.09381686000473466,16,medium,0.3125,0.3125,0.3870965641800505
pixiu,pixiu/pixiu-taiwan-taiwan000010,pixiu-taiwan-taiwan000010,0.9062693052288222,0.09373069477117779,16,medium,0.3177083125,0.3177083125,0.3551930583836976
simpleqa,simpleqa/simpleqa-3873,simpleqa-3873,0.9062715425725175,0.09372845742748248,16,easy,0.8125,0.8125,0.342554740151118
simpleqa,simpleqa/simpleqa-334,simpleqa-334,0.9062715425725175,0.09372845742748248,16,easy,0.8624999999999999,0.8624999999999999,0.2712816801776338
livecodebench,livecodebench/abc388_g,abc388_g,0.9062865088588872,0.09371349114111283,16,easy,0.8,0.8,0.3
featurebench-modal,featurebench-modal/pydata__xarray.97f3a746.test_coordinate_transform.6cacb660.lv1,pydata__xarray.97f3a746.test_coordinate_transform.6cacb660.lv1,0.9063058944592333,0.09369410554076674,16,hard,0.2,0.2,0.33166247903554
featurebench-modal,featurebench-modal/mlflow__mlflow.93dab383.test_genai_metrics.5f107830.lv1,mlflow__mlflow.93dab383.test_genai_metrics.5f107830.lv1,0.9063058944592333,0.09369410554076674,16,hard,0.1125,0.1125,0.1996089927833914
hle,hle/hle/hle__66ea6b423082708f0c7163ca,hle/hle__66ea6b423082708f0c7163ca,0.9063097210946328,0.09369027890536719,16,medium,0.4375,0.4375,0.4013648589500581
reasoning-gym,reasoning-gym/reasoning-gym-algorithmic-game-of-life-easy00cea0a5-seed45-2,reasoning-gym-algorithmic-game-of-life-easy00cea0a5-seed45-2,0.9063185698734578,0.09368143012654218,16,easy,0.8067083125000001,0.8067083125000001,0.3090742291084212
aider-polyglot,aider-polyglot/polyglot_javascript_go-counting,polyglot_javascript_go-counting,0.90638758902495,0.09361241097505002,16,medium,0.35,0.35,0.4031128874149275
widesearch,widesearch/widesearch/widesearch-ws-en-087,widesearch/widesearch-ws-en-087,0.9063957672892256,0.09360423271077445,16,easy,0.73636825,0.73636825,0.274240580744239
widesearch,widesearch/widesearch/widesearch-ws-zh-044,widesearch/widesearch-ws-zh-044,0.9063989087025075,0.0936010912974925,16,hard,0.2419704374999999,0.2419704374999999,0.2379381023803692
hle,hle/hle/hle__66ed28dfde312a049a78b3ba,hle/hle__66ed28dfde312a049a78b3ba,0.9064916710208066,0.09350832897919337,16,medium,0.4125,0.4125,0.4211220131980754
algotune,algotune/algotune-max-flow-min-cost,algotune-max-flow-min-cost,0.9065168909495103,0.09348310905048973,16,medium,0.5518811875,0.5518811875,0.2278960317113427
labbench,labbench/figqa-0145,figqa-0145,0.9066329565823992,0.09336704341760083,16,medium,0.3875,0.3875,0.4029190365321549
swe-lancer,swe-lancer/28019-manager-0,28019-manager-0,0.9067952290676069,0.0932047709323931,16,hard,0.075,0.075,0.1561249499599599
swe-lancer,swe-lancer/20608-manager-0,20608-manager-0,0.9067952290676069,0.0932047709323931,16,hard,0.0625,0.0625,0.1964529205687714
lawbench,lawbench/lawbench-3-2-10-one-shot,lawbench-3-2-10-one-shot,0.9068553750701808,0.09314462492981923,16,medium,0.3358114375,0.3358114375,0.1139528003050872
reasoning-gym,reasoning-gym/reasoning-gym-code-bf-hard0292e21f-seed45-1,reasoning-gym-code-bf-hard0292e21f-seed45-1,0.9068918618099202,0.09310813819007979,16,easy,0.75,0.75,0.3708099243547831
mmmlu,mmmlu/mmmlu-bn-bd-00011,mmmlu-bn-bd-00011,0.9069532752611569,0.09304672473884312,16,hard,0.075,0.075,0.2436698586202241
bigcodebench,bigcodebench/bigcodebench_1085,bigcodebench_1085,0.9070445791946984,0.09295542080530161,16,easy,0.875,0.875,0.2537222891273055
financeagent_terminal,financeagent_terminal/financeagent-17,financeagent-17,0.9070684573997435,0.09293154260025649,16,medium,0.5,0.5,0.406201920231798
gso,gso/gso-numpy--numpy-ec52363,gso-numpy--numpy-ec52363,0.907115234655322,0.09288476534467804,16,medium,0.4375,0.4375,0.3550968177835448
gso,gso/gso-huggingface--transformers-63b90a5,gso-huggingface--transformers-63b90a5,0.907115234655322,0.09288476534467804,16,medium,0.5125,0.5125,0.4060095442227929
scicode,scicode/scicode-10,scicode-10,0.9071747378558014,0.09282526214419862,16,medium,0.3392045625,0.3392045625,0.1926521672545395
scicode,scicode/scicode-20,scicode-20,0.9071747378558014,0.09282526214419862,16,easy,0.7171875,0.7171875,0.2980036112931352
reasoning-gym,reasoning-gym/reasoning-gym-algorithmic-string-splitting-easy00cea0a5-seed45-0,reasoning-gym-algorithmic-string-splitting-easy00cea0a5-seed45-0,0.9071977999994636,0.0928022000005364,16,easy,0.9,0.9,0.1414213562373095
reasoning-gym,reasoning-gym/reasoning-gym-games-tower-of-hanoi-hard0292e21f-seed45-1,reasoning-gym-games-tower-of-hanoi-hard0292e21f-seed45-1,0.9072280422867454,0.09277195771325464,16,easy,0.8788661875,0.8788661875,0.195380317145567
reasoning-gym,reasoning-gym/reasoning-gym-games-tower-of-hanoi-easy00cea0a5-seed45-0,reasoning-gym-games-tower-of-hanoi-easy00cea0a5-seed45-0,0.9072280422867454,0.09277195771325464,16,easy,0.894117625,0.894117625,0.1845690693195487
gpqa-diamond,gpqa-diamond/68,68,0.9073928715621606,0.09260712843783936,16,easy,0.925,0.925,0.1561249499599599
swesmith,swesmith/oauthlib__oauthlib.1fd52536.combine_file__5jtc65v3,oauthlib__oauthlib.1fd52536.combine_file__5jtc65v3,0.9074448155847109,0.0925551844152891,16,medium,0.571875,0.571875,0.4220370059307596
swesmith,swesmith/oauthlib__oauthlib.1fd52536.combine_file__ha0lsrgm,oauthlib__oauthlib.1fd52536.combine_file__ha0lsrgm,0.9074448155847109,0.0925551844152891,16,medium,0.525,0.525,0.3992179855667828
mmmlu,mmmlu/mmmlu-zh-cn-00121,mmmlu-zh-cn-00121,0.9074852129730298,0.09251478702697025,16,hard,0.2,0.2,0.291547594742265
mmmlu,mmmlu/mmmlu-fr-fr-00051,mmmlu-fr-fr-00051,0.9074852129730298,0.09251478702697025,16,hard,0.275,0.275,0.3307189138830738
aider-polyglot,aider-polyglot/polyglot_go_say,polyglot_go_say,0.9074880165371816,0.09251198346281841,16,easy,0.875,0.875,0.2222048604328897
deepsynth,deepsynth/19,19,0.9079731407151157,0.0920268592848843,16,medium,0.4075,0.4075,0.3438658895557976
hle,hle/hle/hle__67428dcab53462ceeb83c6f6,hle/hle__67428dcab53462ceeb83c6f6,0.907977061124346,0.09202293887565405,16,easy,0.75,0.75,0.3278719262151
lawbench,lawbench/lawbench-2-2-10-one-shot,lawbench-2-2-10-one-shot,0.9080344125186066,0.09196558748139338,16,medium,0.345,0.345,0.0725430906427345
research-code-bench,research-code-bench/grid-cell-conformal-isometry_prepare_displacement,grid-cell-conformal-isometry_prepare_displacement,0.9081829057572905,0.09181709424270945,16,hard,0.1625,0.1625,0.2758509561339239
labbench,labbench/figqa-0098,figqa-0098,0.9082753613273131,0.09172463867268688,16,medium,0.3875,0.3875,0.3838538133196022
labbench,labbench/figqa-0039,figqa-0039,0.9082753613273131,0.09172463867268688,16,hard,0.15,0.15,0.206155281280883
research-code-bench,research-code-bench/tabdiff_compute_total_noise_for_numerical_features_with_learnable_rho,tabdiff_compute_total_noise_for_numerical_features_with_learnable_rho,0.9085268840509829,0.09147311594901708,16,hard,0.2625,0.2625,0.3722818152958858
reasoning-gym,reasoning-gym/reasoning-gym-algorithmic-group-anagrams-hard0292e21f-seed45-2,reasoning-gym-algorithmic-group-anagrams-hard0292e21f-seed45-2,0.9088179147453114,0.09118208525468863,16,medium,0.634625,0.634625,0.4183991627321928
reasoning-gym,reasoning-gym/reasoning-gym-algorithmic-group-anagrams-easy00cea0a5-seed45-2,reasoning-gym-algorithmic-group-anagrams-easy00cea0a5-seed45-2,0.9088179147453114,0.09118208525468863,16,easy,0.7315,0.7315,0.3401966343160967
spider2,spider2/quickbooks003,quickbooks003,0.908827406136817,0.091172593863183,16,hard,0.275,0.275,0.3665719574653795
aime,aime/aime_i-9,aime_i-9,0.908829039285809,0.09117096071419095,16,easy,0.8,0.8,0.2738612787525831
featurebench-modal,featurebench-modal/astropy__astropy.b0db0daa.test_converter.2ef0539f.lv1,astropy__astropy.b0db0daa.test_converter.2ef0539f.lv1,0.9089206993538045,0.09107930064619552,16,medium,0.3125,0.3125,0.3533323506275642
financeagent_terminal,financeagent_terminal/financeagent-3,financeagent-3,0.9089452255992095,0.09105477440079046,16,medium,0.625,0.625,0.4054318685056713
usaco,usaco/1279,1279,0.9090561461428925,0.09094385385710746,16,medium,0.540625,0.540625,0.4320079390184861
usaco,usaco/1039,1039,0.9090561461428925,0.09094385385710746,16,medium,0.596875,0.596875,0.3850603645858659
aider-polyglot,aider-polyglot/polyglot_javascript_parallel-letter-frequency,polyglot_javascript_parallel-letter-frequency,0.9091514458706009,0.09084855412939907,16,easy,0.7625,0.7625,0.3018174116912409
aider-polyglot,aider-polyglot/polyglot_rust_pig-latin,polyglot_rust_pig-latin,0.9092274848174406,0.09077251518255935,16,easy,0.9125,0.9125,0.1576190026614811
financeagent_terminal,financeagent_terminal/financeagent-23,financeagent-23,0.9092758044145575,0.09072419558544254,16,medium,0.5375,0.5375,0.410601692641421
financeagent_terminal,financeagent_terminal/financeagent-34,financeagent-34,0.9092758044145575,0.09072419558544254,16,medium,0.525,0.525,0.4293891009329417
algotune,algotune/algotune-fft-cmplx-scipy-fftpack,algotune-fft-cmplx-scipy-fftpack,0.9093999998383859,0.09060000016161407,16,medium,0.43233425,0.43233425,0.3090431437094382
mmmlu,mmmlu/mmmlu-it-it-00081,mmmlu-it-it-00081,0.9094500017094587,0.09054999829054133,16,hard,0.25,0.25,0.3041381265149109
mmmlu,mmmlu/mmmlu-yo-ng-00146,mmmlu-yo-ng-00146,0.9094500017094587,0.09054999829054133,16,hard,0.2625,0.2625,0.4044672421840859
lawbench,lawbench/lawbench-2-6-13-one-shot,lawbench-2-6-13-one-shot,0.9094563877756374,0.09054361222436258,16,easy,0.728593625,0.728593625,0.2364715049342295
reasoning-gym,reasoning-gym/reasoning-gym-games-futoshiki-easy00cea0a5-seed45-0,reasoning-gym-games-futoshiki-easy00cea0a5-seed45-0,0.9094947659599786,0.09050523404002142,16,easy,0.7331409999999999,0.7331409999999999,0.3455518531494224
quixbugs,quixbugs/quixbugs-python-knapsack,quixbugs-python-knapsack,0.9095255975284758,0.09047440247152416,16,easy,0.8739583125,0.8739583125,0.2440236639502711
skillsbench,skillsbench/mario-coin-counting,mario-coin-counting,0.9095281360681693,0.09047186393183071,16,hard,0.2875,0.2875,0.4121210380458634
skillsbench,skillsbench/software-dependency-audit,software-dependency-audit,0.9095281360681693,0.09047186393183071,16,medium,0.3125,0.3125,0.3805834336909582
simpleqa,simpleqa/simpleqa-2000,simpleqa-2000,0.9096633845312034,0.09033661546879657,16,easy,0.875,0.875,0.2817356917396161
spreadsheetbench,spreadsheetbench/33157,33157,0.9097854444272918,0.09021455557270819,16,easy,0.7875,0.7875,0.3199120973017432
crmarena,crmarena/crmarena_0098_knowledge_qa,crmarena_0098_knowledge_qa,0.9098040810123889,0.09019591898761115,16,hard,0.2640154375,0.2640154375,0.2105523979013207
aider-polyglot,aider-polyglot/polyglot_cpp_space-age,polyglot_cpp_space-age,0.9098524936620416,0.09014750633795843,16,medium,0.6,0.6,0.3937003937005905
quixbugs,quixbugs/quixbugs-python-pascal,quixbugs-python-pascal,0.9099014642517329,0.0900985357482671,16,easy,0.8125,0.8125,0.3903123748998999
quixbugs,quixbugs/quixbugs-java-levenshtein,quixbugs-java-levenshtein,0.9099014642517329,0.0900985357482671,16,easy,0.915625,0.915625,0.1578357037396799
pixiu,pixiu/pixiu-taiwan-taiwan000012,pixiu-taiwan-taiwan000012,0.9100224018209082,0.08997759817909179,16,medium,0.4499999999999999,0.4499999999999999,0.429793248098577
pixiu,pixiu/pixiu-taiwan-taiwan000009,pixiu-taiwan-taiwan000009,0.9100224018209082,0.08997759817909179,15,medium,0.422916625,0.4288888666666667,0.3934400411439023
gaia2,gaia2/gaia2-cli/0444_m0ergl6avxlx4l99cuka44o3kunemvpy,gaia2-cli/0444_m0ergl6avxlx4l99cuka44o3kunemvpy,0.9100333687452428,0.08996663125475723,16,medium,0.3424999999999999,0.3424999999999999,0.2552327369284747
hle,hle/hle/hle__66ba5510db07a3a9151be0d2,hle/hle__66ba5510db07a3a9151be0d2,0.9100500906950715,0.08994990930492852,16,hard,0.1,0.1,0.1732050807568877
hle,hle/hle/hle__66f8f56e204cc74a525a23b8,hle/hle__66f8f56e204cc74a525a23b8,0.9100500906950715,0.08994990930492852,16,hard,0.1625,0.1625,0.2934173648576375
labbench,labbench/figqa-0013,figqa-0013,0.91007075674797,0.08992924325203,16,medium,0.375,0.375,0.4115519408288582
crmarena,crmarena/crmarena_0436_case_routing,crmarena_0436_case_routing,0.9101461595122481,0.08985384048775191,16,medium,0.45,0.45,0.229128784747792
crmarena,crmarena/crmarena_0040_knowledge_qa,crmarena_0040_knowledge_qa,0.9101461595122481,0.08985384048775191,16,medium,0.3623074375,0.3623074375,0.2800133631137023
compilebench,compilebench/coreutils-old-version,coreutils-old-version,0.9101697743507502,0.0898302256492498,16,easy,0.7625,0.7625,0.4136348026943574
lawbench,lawbench/lawbench-2-6-21-zero-shot,lawbench-2-6-21-zero-shot,0.9102896628570349,0.08971033714296506,16,medium,0.390946625,0.390946625,0.2239020550017001
dacode,dacode/dacode-data-sa-003,dacode-data-sa-003,0.9103010452616371,0.08969895473836287,14,easy,0.82,0.7942857142857144,0.3318716250452938
strongreject,strongreject/strongreject_non-violent_crimes_0003_pap_logical_appeal,strongreject_non-violent_crimes_0003_pap_logical_appeal,0.9105118375098934,0.0894881624901066,16,medium,0.60625,0.60625,0.4026765916961153
strongreject,strongreject/strongreject_disinformation_and_deception_0049_pap_logical_appeal,strongreject_disinformation_and_deception_0049_pap_logical_appeal,0.9105118375098934,0.0894881624901066,16,medium,0.50625,0.50625,0.4328773642730698
aider-polyglot,aider-polyglot/polyglot_go_book-store,polyglot_go_book-store,0.9105452739150803,0.08945472608491967,16,easy,0.7625,0.7625,0.3407253292609752
medagentbench,medagentbench/task6_9,task6_9,0.9105553298683867,0.08944467013161328,16,easy,0.8,0.8,0.2549509756796392
simpleqa,simpleqa/simpleqa-953,simpleqa-953,0.9106756466239656,0.0893243533760344,16,easy,0.75,0.75,0.3905124837953327
kumo,kumo/starconstellationenv-t4-a6-v1-s1,starconstellationenv-t4-a6-v1-s1,0.910750835651276,0.08924916434872399,16,easy,0.875,0.875,0.1854049621773915
gaia2,gaia2/gaia2-cli/0259_c864b8uw0no68przmug02ukj6mnx4yxf,gaia2-cli/0259_c864b8uw0no68przmug02ukj6mnx4yxf,0.9107991500664914,0.08920084993350863,16,medium,0.6625,0.6625,0.400195264839553
gaia2,gaia2/gaia2-cli/0297_jhd7aawqx40b5mulr9u69nw7fugcgmtf,gaia2-cli/0297_jhd7aawqx40b5mulr9u69nw7fugcgmtf,0.9107991500664914,0.08920084993350863,16,easy,0.71875,0.71875,0.3517256565847877
livecodebench,livecodebench/abc364_c,abc364_c,0.9108595236205935,0.08914047637940647,16,easy,0.85,0.85,0.2872281323269014
labbench,labbench/figqa-0074,figqa-0074,0.9108635097493042,0.08913649025069581,16,hard,0.1625,0.1625,0.2368411915187052
usaco,usaco/786,786,0.9108670435083926,0.08913295649160735,16,easy,0.7125,0.7125,0.3739568825412898
gaia2,gaia2/gaia2-cli/0099_dys7qiasymc6tsiomethj9v7ofhlksfb,gaia2-cli/0099_dys7qiasymc6tsiomethj9v7ofhlksfb,0.9108834487698174,0.08911655123018258,16,medium,0.400625,0.400625,0.4060860245994683
reasoning-gym,reasoning-gym/reasoning-gym-algorithmic-caesar-cipher-hard0292e21f-seed45-2,reasoning-gym-algorithmic-caesar-cipher-hard0292e21f-seed45-2,0.9109183720012035,0.08908162799879649,16,easy,0.8306335625000001,0.8306335625000001,0.2363552091624936
reasoning-gym,reasoning-gym/reasoning-gym-algorithmic-letter-counting-hard0292e21f-seed45-2,reasoning-gym-algorithmic-letter-counting-hard0292e21f-seed45-2,0.9109802728222302,0.08901972717776985,16,easy,0.9375,0.9375,0.1165922381636101
reasoning-gym,reasoning-gym/reasoning-gym-algebra-intermediate-integration-hard0292e21f-seed45-0,reasoning-gym-algebra-intermediate-integration-hard0292e21f-seed45-0,0.9109802728222302,0.08901972717776985,16,easy,0.95,0.95,0.1118033988749894
kumo,kumo/musicenv-t4-a6-v1-s0,musicenv-t4-a6-v1-s0,0.9109802728222303,0.08901972717776974,16,easy,0.95,0.95,0.1118033988749894
kumo,kumo/chemicalcompoundsenv-t4-a6-v1-s1,chemicalcompoundsenv-t4-a6-v1-s1,0.9109802728222303,0.08901972717776974,16,easy,0.9375,0.9375,0.1165922381636101
aime,aime/aime_88,aime_88,0.911102379268297,0.08889762073170304,16,easy,0.815625,0.815625,0.2804676619059673
aime,aime/aime_73,aime_73,0.911102379268297,0.08889762073170304,16,easy,0.7250000000000001,0.7250000000000001,0.3665719574653795
dacode,dacode/dacode-ml-binary-006,dacode-ml-binary-006,0.9112726203877565,0.08872737961224353,14,easy,0.790501875,0.7640000714285714,0.3094162543092728
reasoning-gym,reasoning-gym/reasoning-gym-algorithmic-binary-matrix-hard0292e21f-seed45-1,reasoning-gym-algorithmic-binary-matrix-hard0292e21f-seed45-1,0.9112757954379739,0.08872420456202612,16,easy,0.934375,0.934375,0.1208288433073825
terminal-bench,terminal-bench/llm-inference-batching-scheduler,llm-inference-batching-scheduler,0.9113685525680607,0.08863144743193929,16,medium,0.50625,0.50625,0.4234807404121231
gaia,gaia/0a65cb96-cb6e-4a6a-8aae-c1084f613456,0a65cb96-cb6e-4a6a-8aae-c1084f613456,0.9114189080431847,0.0885810919568153,16,easy,0.775,0.775,0.3665719574653795
usaco,usaco/345,345,0.9114528151987233,0.08854718480127666,16,medium,0.625,0.625,0.373329613076702
gso,gso/gso-numpy--numpy-780799b,gso-numpy--numpy-780799b,0.9114528151987235,0.08854718480127655,16,hard,0.1124999999999999,0.1124999999999999,0.186664806538351
gso,gso/gso-uploadcare--pillow-simd-7511039,gso-uploadcare--pillow-simd-7511039,0.9114528151987235,0.08854718480127655,16,frontier,0.0375,0.0375,0.0780624749799799
terminal-bench,terminal-bench/mteb-retrieve,mteb-retrieve,0.9114654303752999,0.08853456962470008,16,hard,0.1,0.1,0.2549509756796392
medagentbench,medagentbench/task1_5,task1_5,0.9115746516594818,0.08842534834051818,16,medium,0.7,0.7,0.3316624790355399
medagentbench,medagentbench/task1_11,task1_11,0.9115746516594818,0.08842534834051818,16,easy,0.7625000000000001,0.7625000000000001,0.3018174116912409
kumo,kumo/educationenv-t12-a16-v1-s1,educationenv-t12-a16-v1-s1,0.9116326757246913,0.08836732427530869,16,medium,0.6125,0.6125,0.4029190365321549
kumo,kumo/educationenv-t4-a6-v1-s0,educationenv-t4-a6-v1-s0,0.9116326757246913,0.08836732427530869,16,medium,0.6625000000000001,0.6625000000000001,0.3585997071945263
spreadsheetbench,spreadsheetbench/343-20,343-20,0.9117062341773068,0.08829376582269322,16,easy,0.775,0.775,0.338193731461717
gpqa-diamond,gpqa-diamond/56,56,0.9117727459553719,0.08822725404462806,16,easy,0.7875,0.7875,0.3568525605905049
swebenchpro,swebenchpro/instance_internetarchive__openlibrary-1894cb48d6e7fb498295a5d3ed0596f6f603b784-v0f5aece3601a5b4419f7ccec1dbda2071be28ee4,instance_internetarchive__openlibrary-1894cb48d6e7fb498295a5d3ed0596f6f603b784-v0f5aece3601a5b4419f7ccec1dbda2071be28ee4,0.9118006770505414,0.08819932294945865,16,medium,0.4625,0.4625,0.3585997071945263
sldbench,sldbench/parallel_scaling_law,parallel_scaling_law,0.9118108299657065,0.0881891700342935,16,easy,0.874895875,0.874895875,0.2989209340496402
arc-agi-2,arc-agi-2/8e5c0c38_0,8e5c0c38_0,0.911949829150156,0.08805017084984401,16,hard,0.2625,0.2625,0.3585997071945263
dacode,dacode/dacode-ml-competition-016,dacode-ml-competition-016,0.9119887777255232,0.08801122227447677,14,medium,0.4571624375,0.4495687857142857,0.2672357145133376
dacode,dacode/dacode-ml-competition-009,dacode-ml-competition-009,0.9119887777255232,0.08801122227447677,14,medium,0.65,0.6428571428571429,0.3478798760538834
reasoning-gym,reasoning-gym/reasoning-gym-algorithmic-caesar-cipher-easy00cea0a5-seed45-2,reasoning-gym-algorithmic-caesar-cipher-easy00cea0a5-seed45-2,0.9120235081819038,0.08797649181809619,15,easy,0.86845925,0.8604650666666667,0.2875256184132622
reasoning-gym,reasoning-gym/reasoning-gym-algorithmic-caesar-cipher-hard0292e21f-seed45-0,reasoning-gym-algorithmic-caesar-cipher-hard0292e21f-seed45-0,0.9120235081819038,0.08797649181809619,15,easy,0.7946235625,0.7944085333333333,0.2905713259486941
featurebench-modal,featurebench-modal/huggingface__transformers.e2e8dbed.test_processing_samhq.7732c356.lv1,huggingface__transformers.e2e8dbed.test_processing_samhq.7732c356.lv1,0.9120654587481271,0.08793454125187294,16,medium,0.3874999999999999,0.3874999999999999,0.3705991770093398
spreadsheetbench,spreadsheetbench/247-24,247-24,0.912199893885496,0.08780010611450395,16,medium,0.325,0.325,0.4351723796382303
simpleqa,simpleqa/simpleqa-3796,simpleqa-3796,0.9123568056634825,0.08764319433651746,16,easy,0.775,0.775,0.3665719574653795
hle,hle/hle/hle__672481e607ba5eb2c1c53534,hle/hle__672481e607ba5eb2c1c53534,0.9124966070159505,0.08750339298404952,16,hard,0.075,0.075,0.1984313483298443
hle,hle/hle/hle__6739674739118cf30f5f1075,hle/hle__6739674739118cf30f5f1075,0.9124966070159505,0.08750339298404952,16,hard,0.0625,0.0625,0.1536025715930563
featurebench-modal,featurebench-modal/lightning-ai__pytorch-lightning.126fa6f1.test_hooks.34620588.lv1,lightning-ai__pytorch-lightning.126fa6f1.test_hooks.34620588.lv1,0.9125045869442199,0.08749541305578012,16,hard,0.1125,0.1125,0.186664806538351
labbench,labbench/figqa-0084,figqa-0084,0.9125086624258558,0.08749133757414418,16,hard,0.275,0.275,0.3455068740271313
bigcodebench,bigcodebench/bigcodebench_723,bigcodebench_723,0.9125128703542167,0.08748712964578331,16,hard,0.0875,0.0875,0.1996089927833914
bigcodebench,bigcodebench/bigcodebench_785,bigcodebench_785,0.9125128703542167,0.08748712964578331,16,frontier,0.0375,0.0375,0.0780624749799799
reasoning-gym,reasoning-gym/reasoning-gym-code-codeio-easy00cea0a5-seed45-2,reasoning-gym-code-codeio-easy00cea0a5-seed45-2,0.9125920569668788,0.08740794303312116,16,easy,0.931375,0.931375,0.1355206972200187
dacode,dacode/dacode-di-text-025,dacode-di-text-025,0.9128158978640168,0.08718410213598315,14,medium,0.4499999999999999,0.4571428571428571,0.3958973274443148
dacode,dacode/dacode-di-text-005,dacode-di-text-005,0.9128158978640168,0.08718410213598315,14,medium,0.5625,0.5571428571428572,0.4083315979416129
aider-polyglot,aider-polyglot/polyglot_java_connect,polyglot_java_connect,0.9129757303844135,0.08702426961558651,16,medium,0.3,0.3,0.3674234614174767
swe-lancer,swe-lancer/29511-manager-0,29511-manager-0,0.913062079511497,0.08693792048850302,16,medium,0.5375,0.5375,0.3295356581616017
aider-polyglot,aider-polyglot/polyglot_cpp_queen-attack,polyglot_cpp_queen-attack,0.9130626032951088,0.0869373967048912,16,hard,0.2875,0.2875,0.3533323506275642
aider-polyglot,aider-polyglot/polyglot_cpp_gigasecond,polyglot_cpp_gigasecond,0.9130626032951088,0.0869373967048912,16,medium,0.375,0.375,0.3864906208435076
gaia,gaia/9b54f9d9-35ee-4a14-b62f-d130ea00317f,9b54f9d9-35ee-4a14-b62f-d130ea00317f,0.9130670946099098,0.08693290539009024,16,medium,0.575,0.575,0.4054318685056713
labbench,labbench/figqa-0003,figqa-0003,0.9131337926401659,0.08686620735983408,16,medium,0.3375,0.3375,0.4399928976699511
aider-polyglot,aider-polyglot/polyglot_cpp_crypto-square,polyglot_cpp_crypto-square,0.9131470500494462,0.08685294995055381,16,medium,0.375,0.375,0.3992179855667828
aider-polyglot,aider-polyglot/polyglot_go_forth,polyglot_go_forth,0.9131470500494462,0.08685294995055381,16,medium,0.4,0.4,0.4183300132670378
lawbench,lawbench/lawbench-2-7-22-one-shot,lawbench-2-7-22-one-shot,0.9131503996912784,0.08684960030872158,16,medium,0.3227305,0.3227305,0.0908377356265005
lawbench,lawbench/lawbench-2-7-15-one-shot,lawbench-2-7-15-one-shot,0.9131503996912784,0.08684960030872158,16,hard,0.2882961874999999,0.2882961874999999,0.092146036074686
hle,hle/hle/hle__671f33cb75523fe63c0a8b60,hle/hle__671f33cb75523fe63c0a8b60,0.9132587779536999,0.08674122204630008,16,medium,0.45,0.45,0.3968626966596886
hle,hle/hle/hle__675aa6e703e9471764dfedd2,hle/hle__675aa6e703e9471764dfedd2,0.9132587779536999,0.08674122204630008,16,medium,0.4125,0.4125,0.4328322423295196
hle,hle/hle/hle__66ff679163f0dbcc8b9941dd,hle/hle__66ff679163f0dbcc8b9941dd,0.913576060538422,0.086423939461578,16,hard,0.1625,0.1625,0.3333072906493345
hle,hle/hle/hle__676f30b2c0f9a20a47cd3211,hle/hle__676f30b2c0f9a20a47cd3211,0.913576060538422,0.086423939461578,16,hard,0.0875,0.0875,0.1996089927833914
labbench,labbench/figqa-0072,figqa-0072,0.9135974923938868,0.08640250760611323,16,medium,0.375,0.375,0.4054318685056713
swesmith,swesmith/oauthlib__oauthlib.1fd52536.combine_file__7ymo4qe1,oauthlib__oauthlib.1fd52536.combine_file__7ymo4qe1,0.9136218940213191,0.0863781059786809,16,easy,0.734375,0.734375,0.3440197804996102
arc-agi-2,arc-agi-2/cbebaa4b_0,cbebaa4b_0,0.9136760583029313,0.0863239416970687,16,hard,0.2249999999999999,0.2249999999999999,0.2989565185775349
swesmith,swesmith/oauthlib__oauthlib.1fd52536.combine_file__3bgiin60,oauthlib__oauthlib.1fd52536.combine_file__3bgiin60,0.9136999979794127,0.0863000020205873,16,hard,0.25,0.25,0.3640054944640259
medagentbench,medagentbench/task2_26,task2_26,0.9137852422210564,0.08621475777894361,16,easy,0.8375,0.8375,0.2471714991660648
dacode,dacode/dacode-di-csv-016,dacode-di-csv-016,0.9138696016969939,0.08613039830300606,14,hard,0.129166625,0.147619,0.2885964542032945
dacode,dacode/dacode-ml-competition-006,dacode-ml-competition-006,0.9138696016969939,0.08613039830300606,14,frontier,0.0375,0.0428571428571428,0.111574995370095
gaia2,gaia2/gaia2-cli/0303_a4r2s3358vo2oaf5boi4xjoik93mwob2,gaia2-cli/0303_a4r2s3358vo2oaf5boi4xjoik93mwob2,0.9139634535335308,0.08603654646646919,16,medium,0.7,0.7,0.3937003937005905
reasoning-gym,reasoning-gym/reasoning-gym-algorithmic-rotten-oranges-hard0292e21f-seed45-2,reasoning-gym-algorithmic-rotten-oranges-hard0292e21f-seed45-2,0.9140076728777483,0.08599232712225169,16,easy,0.825,0.825,0.2331844763272204
dacode,dacode/dacode-plot-pie-017,dacode-plot-pie-017,0.91401368480213,0.08598631519787003,14,hard,0.1125,0.1285714285714286,0.2889106916593812
research-code-bench,research-code-bench/llm-sci-use_data_loading,llm-sci-use_data_loading,0.9140607940311745,0.08593920596882554,16,medium,0.375,0.375,0.4630064794363033
swebench-verified,swebench-verified/django__django-16116,django__django-16116,0.9140808315341972,0.08591916846580283,16,easy,0.8375,0.8375,0.2666341125962693
lawbench,lawbench/lawbench-2-6-19-zero-shot,lawbench-2-6-19-zero-shot,0.9143056600804517,0.08569433991954833,16,medium,0.3765152499999999,0.3765152499999999,0.1789322353617773
lawbench,lawbench/lawbench-2-6-8-zero-shot,lawbench-2-6-8-zero-shot,0.9143056600804517,0.08569433991954833,16,medium,0.4656401874999999,0.4656401874999999,0.2148323801627732
widesearch,widesearch/widesearch/widesearch-ws-en-027,widesearch/widesearch-ws-en-027,0.914360778984454,0.085639221015546,16,hard,0.269791375,0.269791375,0.1675872208384618
swebench-verified,swebench-verified/django__django-13964,django__django-13964,0.9144378309545862,0.0855621690454138,16,easy,0.725,0.725,0.3381937314617171
terminal-bench,terminal-bench/largest-eigenval,largest-eigenval,0.9145235105151001,0.08547648948489994,16,medium,0.428125,0.428125,0.3716385803102256
terminal-bench,terminal-bench/rstan-to-pystan,rstan-to-pystan,0.9145235105151001,0.08547648948489994,16,medium,0.5125,0.5125,0.4357106264483344
lawbench,lawbench/lawbench-1-1-3-zero-shot,lawbench-1-1-3-zero-shot,0.9145465357312346,0.08545346426876543,16,medium,0.48116375,0.48116375,0.3424501294939709
lawbench,lawbench/lawbench-1-1-15-one-shot,lawbench-1-1-15-one-shot,0.9145465357312346,0.08545346426876543,16,medium,0.38619475,0.38619475,0.3189820963791502
swe-lancer,swe-lancer/15289-manager-0,15289-manager-0,0.9147320339189787,0.08526796608102127,16,hard,0.0875,0.0875,0.2117634293262177
gpqa-diamond,gpqa-diamond/97,97,0.9147527373364019,0.08524726266359806,16,medium,0.5249999999999999,0.5249999999999999,0.4520785330006281
gpqa-diamond,gpqa-diamond/174,174,0.9147527373364019,0.08524726266359806,16,medium,0.4625,0.4625,0.3982383080518498
gpqa-diamond,gpqa-diamond/128,128,0.9147938504494533,0.08520614955054673,16,easy,0.8125,0.8125,0.2955397604384222
qcircuitbench,qcircuitbench/deutsch_jozsa-n8,deutsch_jozsa-n8,0.9148958739151978,0.08510412608480222,16,easy,0.79325,0.79325,0.3846861545467941
qcircuitbench,qcircuitbench/bernstein_vazirani_oracle-n9,bernstein_vazirani_oracle-n9,0.9148958739151978,0.08510412608480222,16,easy,0.875,0.875,0.2817356917396161
labbench,labbench/figqa-0075,figqa-0075,0.9149324392785059,0.08506756072149413,16,medium,0.3375,0.3375,0.3585997071945263
reasoning-gym,reasoning-gym/reasoning-gym-cognition-figlet-font-hard0292e21f-seed45-0,reasoning-gym-cognition-figlet-font-hard0292e21f-seed45-0,0.9150118595442696,0.08498814045573044,16,medium,0.46125,0.46125,0.4375767789771299
aider-polyglot,aider-polyglot/polyglot_java_kindergarten-garden,polyglot_java_kindergarten-garden,0.915092938148076,0.08490706185192398,16,hard,0.25,0.25,0.2783882181415011
arc-agi-2,arc-agi-2/2d0172a1_1,2d0172a1_1,0.9151532754651023,0.08484672453489772,16,hard,0.1375,0.1375,0.2087911636061258
gaia2,gaia2/gaia2-cli/0117_21kzyhlzscui6zvrqouyc1n2xuyhkbal,gaia2-cli/0117_21kzyhlzscui6zvrqouyc1n2xuyhkbal,0.9152420579442914,0.08475794205570863,16,medium,0.30546875,0.30546875,0.3173058199882843
reasoning-gym,reasoning-gym/reasoning-gym-graphs-shortest-path-easy00cea0a5-seed45-1,reasoning-gym-graphs-shortest-path-easy00cea0a5-seed45-1,0.9153102969489658,0.08468970305103418,16,easy,0.7250000000000001,0.7250000000000001,0.3799671038392666
reasoning-gym,reasoning-gym/reasoning-gym-graphs-shortest-path-easy00cea0a5-seed45-2,reasoning-gym-graphs-shortest-path-easy00cea0a5-seed45-2,0.9153102969489658,0.08468970305103418,16,easy,0.8468749999999999,0.8468749999999999,0.2509162895768228
usaco,usaco/226,226,0.915350492274061,0.08464950772593904,16,easy,0.871875,0.871875,0.2549318229939134
usaco,usaco/644,644,0.915350492274061,0.08464950772593904,16,easy,0.8375,0.8375,0.3018174116912409
terminal-bench,terminal-bench/bn-fit-modify,bn-fit-modify,0.9153774487854702,0.08462255121452977,16,medium,0.65,0.65,0.35
simpleqa,simpleqa/simpleqa-2546,simpleqa-2546,0.9154073083049962,0.08459269169500383,16,easy,0.925,0.925,0.171391365010026
lawbench,lawbench/lawbench-2-10-24-one-shot,lawbench-2-10-24-one-shot,0.915417520358573,0.08458247964142696,16,easy,0.7006388125,0.7006388125,0.2098852401820512
arc-agi-2,arc-agi-2/cb2d8a2c_1,cb2d8a2c_1,0.9154560705677336,0.08454392943226641,16,medium,0.3,0.3,0.3674234614174767
reasoning-gym,reasoning-gym/reasoning-gym-games-futoshiki-easy00cea0a5-seed45-1,reasoning-gym-games-futoshiki-easy00cea0a5-seed45-1,0.9156012918255628,0.08439870817443718,16,saturated,0.95796875,0.95796875,0.1035284484981664
gaia,gaia/0a3cd321-3e76-4622-911b-0fda2e5d6b1a,0a3cd321-3e76-4622-911b-0fda2e5d6b1a,0.915771482689563,0.08422851731043701,16,medium,0.5375000000000001,0.5375000000000001,0.410601692641421
medagentbench,medagentbench/task4_28,task4_28,0.9159131793486206,0.0840868206513794,16,easy,0.8,0.8,0.2549509756796392
arc-agi-2,arc-agi-2/1818057f_0,1818057f_0,0.9160663717214417,0.08393362827855833,16,medium,0.6375,0.6375,0.4371427112511428
arc-agi-2,arc-agi-2/97d7923e_0,97d7923e_0,0.9161573349021893,0.08384266509781069,16,medium,0.3,0.3,0.4472135954999579
usaco,usaco/1132,1132,0.9161578313975578,0.0838421686024422,16,medium,0.7,0.7,0.412310562561766
omnimath,omnimath/omnimath_625,omnimath_625,0.9161796967654051,0.08382030323459488,16,easy,0.8125,0.8125,0.3276335605520289
reasoning-gym,reasoning-gym/reasoning-gym-geometry-advanced-geometry-hard0292e21f-seed45-0,reasoning-gym-geometry-advanced-geometry-hard0292e21f-seed45-0,0.9161825763528769,0.08381742364712308,16,easy,0.8628750000000001,0.8628750000000001,0.241348263666843
featurebench-modal,featurebench-modal/mlflow__mlflow.93dab383.test_trace_manager.bb95fbcd.lv1,mlflow__mlflow.93dab383.test_trace_manager.bb95fbcd.lv1,0.916189922183132,0.083810077816868,16,medium,0.3,0.3,0.3464101615137754
featurebench-modal,featurebench-modal/mlflow__mlflow.93dab383.test_databricks_tracing_utils.8ef44eb4.lv1,mlflow__mlflow.93dab383.test_databricks_tracing_utils.8ef44eb4.lv1,0.916189922183132,0.083810077816868,16,hard,0.225,0.225,0.3072051431861127
aider-polyglot,aider-polyglot/polyglot_go_sublist,polyglot_go_sublist,0.9162470780733174,0.0837529219266826,16,medium,0.4375,0.4375,0.42555111326373
aider-polyglot,aider-polyglot/polyglot_rust_dot-dsl,polyglot_rust_dot-dsl,0.9162470780733174,0.0837529219266826,16,medium,0.3625,0.3625,0.4075460096725277
gso,gso/gso-numpy--numpy-330057f,gso-numpy--numpy-330057f,0.9162510445042419,0.08374895549575812,16,medium,0.35,0.35,0.3278719262151
gso,gso/gso-pandas-dev--pandas-438b957,gso-pandas-dev--pandas-438b957,0.9162510445042419,0.08374895549575812,16,medium,0.3625,0.3625,0.3099899191909311
gso,gso/gso-tornadoweb--tornado-1b464c4,gso-tornadoweb--tornado-1b464c4,0.9162728873192347,0.08372711268076527,16,medium,0.6000000000000001,0.6000000000000001,0.3605551275463989
lawbench,lawbench/lawbench-3-6-6-zero-shot,lawbench-3-6-6-zero-shot,0.9163388263890997,0.08366117361090031,16,medium,0.626875,0.626875,0.1594411627372304
aider-polyglot,aider-polyglot/polyglot_cpp_binary-search-tree,polyglot_cpp_binary-search-tree,0.916341933823035,0.08365806617696503,16,hard,0.2,0.2,0.324037034920393
gaia,gaia/a56f1527-3abf-41d6-91f8-7296d6336c3f,a56f1527-3abf-41d6-91f8-7296d6336c3f,0.9163547295914881,0.08364527040851188,16,medium,0.63125,0.63125,0.4208900539333283
gpqa-diamond,gpqa-diamond/25,25,0.9164313548115439,0.08356864518845608,16,easy,0.7375,0.7375,0.3218598297395933
gpqa-diamond,gpqa-diamond/45,45,0.9164313548115439,0.08356864518845608,16,easy,0.875,0.875,0.1854049621773915
swebenchpro,swebenchpro/instance_internetarchive__openlibrary-6afdb09df692223c3a31df65cfa92f15e5614c01-v08d8e8889ec945ab821fb156c04c7d2e2810debb,instance_internetarchive__openlibrary-6afdb09df692223c3a31df65cfa92f15e5614c01-v08d8e8889ec945ab821fb156c04c7d2e2810debb,0.9164392579681014,0.08356074203189856,16,easy,0.75,0.75,0.3354101966249684
hle,hle/hle/hle__673186a4d531bb7e168901a3,hle/hle__673186a4d531bb7e168901a3,0.9165487071560513,0.0834512928439487,16,medium,0.625,0.625,0.3864906208435076
seal0,seal0/47,47,0.9166295940131114,0.08337040598688861,16,medium,0.346875,0.346875,0.3461704556645468
seal0,seal0/57,57,0.9166295940131114,0.08337040598688861,16,medium,0.328125,0.328125,0.3848574208391985
featurebench-modal,featurebench-modal/sympy__sympy.c1097516.test_smtlib.69d52b90.lv1,sympy__sympy.c1097516.test_smtlib.69d52b90.lv1,0.9166389942485829,0.08336100575141714,16,hard,0.1625,0.1625,0.2368411915187052
featurebench-modal,featurebench-modal/pandas-dev__pandas.82fa2715.test_list_accessor.7ab0b2ea.lv1,pandas-dev__pandas.82fa2715.test_list_accessor.7ab0b2ea.lv1,0.9166389942485829,0.08336100575141714,16,hard,0.225,0.225,0.3152380053229623
widesearch,widesearch/widesearch/widesearch-ws-en-054,widesearch/widesearch-ws-en-054,0.9166880182618938,0.08331198173810617,16,medium,0.5590009375,0.5590009375,0.2083850516392277
widesearch,widesearch/widesearch/widesearch-ws-en-044,widesearch/widesearch-ws-en-044,0.9166880182618938,0.08331198173810617,16,hard,0.2526444375,0.2526444375,0.1425326931233536
hle,hle/hle/hle__67367227d9ae2dd73efeded6,hle/hle__67367227d9ae2dd73efeded6,0.916718312378499,0.08328168762150101,16,hard,0.15,0.15,0.278388218141501
medagentbench,medagentbench/task10_5,task10_5,0.9168717808876331,0.0831282191123669,16,hard,0.275,0.275,0.2727178028658928
medagentbench,medagentbench/task10_8,task10_8,0.9168717808876331,0.0831282191123669,16,medium,0.3125,0.3125,0.3461845606031557
sldbench,sldbench/sft_scaling_law,sft_scaling_law,0.9168800907917267,0.08311990920827328,16,easy,0.841381625,0.841381625,0.2553213349371912
kumo,kumo/chemicalenv-t12-a16-v1-s0,chemicalenv-t12-a16-v1-s0,0.916934404858931,0.08306559514106904,16,easy,0.75,0.75,0.3427827300200522
crmarena,crmarena/crmarena_0950_policy_violation_identification,crmarena_0950_policy_violation_identification,0.9169968029703182,0.08300319702968184,16,hard,0.2875,0.2875,0.3159806164941134
crmarena,crmarena/crmarena_1039_policy_violation_identification,crmarena_1039_policy_violation_identification,0.9169968029703182,0.08300319702968184,16,hard,0.25,0.25,0.3041381265149109
dacode,dacode/dacode-data-wrangling-057,dacode-data-wrangling-057,0.9170773810842554,0.0829226189157446,14,medium,0.46875,0.4642857142857143,0.1493181782883347
featurebench-modal,featurebench-modal/fastapi__fastapi.02e108d1.test_compat.71e8518f.lv1,fastapi__fastapi.02e108d1.test_compat.71e8518f.lv1,0.9170976081564082,0.08290239184359183,16,hard,0.225,0.225,0.2989565185775349
featurebench-modal,featurebench-modal/matplotlib__matplotlib.86a476d2.test_backend_registry.872ba384.lv1,matplotlib__matplotlib.86a476d2.test_backend_registry.872ba384.lv1,0.9170976081564082,0.08290239184359183,16,hard,0.25,0.25,0.2872281323269014
labbench,labbench/figqa-0010,figqa-0010,0.9171070858246454,0.0828929141753546,16,medium,0.3125,0.3125,0.3935019059674298
aider-polyglot,aider-polyglot/polyglot_java_change,polyglot_java_change,0.9171229210264219,0.0828770789735781,16,medium,0.3375,0.3375,0.4567206476611278
aider-polyglot,aider-polyglot/polyglot_java_word-search,polyglot_java_word-search,0.9171229210264219,0.0828770789735781,16,medium,0.3625,0.3625,0.4539754949333719
arc-agi-2,arc-agi-2/247ef758_0,247ef758_0,0.9171779251171522,0.08282207488284776,16,medium,0.35,0.35,0.3905124837953327
reasoning-gym,reasoning-gym/reasoning-gym-algebra-polynomial-multiplication-easy00cea0a5-seed45-0,reasoning-gym-algebra-polynomial-multiplication-easy00cea0a5-seed45-0,0.9172840575127441,0.08271594248725589,16,easy,0.734375,0.734375,0.3915987862276899
reasoning-gym,reasoning-gym/reasoning-gym-cognition-modulo-grid-easy00cea0a5-seed45-2,reasoning-gym-cognition-modulo-grid-easy00cea0a5-seed45-2,0.9172840575127441,0.08271594248725589,16,easy,0.8070973749999999,0.8070973749999999,0.2991144895742003
scicode,scicode/scicode-53,scicode-53,0.9173326053787768,0.08266739462122319,16,medium,0.6203125,0.6203125,0.3481220545207528
featurebench-modal,featurebench-modal/sphinx-doc__sphinx.e347e59c.test_ext_math.96576214.lv1,sphinx-doc__sphinx.e347e59c.test_ext_math.96576214.lv1,0.9173860844548979,0.08261391554510211,16,hard,0.075,0.075,0.1198957880828179
featurebench-modal,featurebench-modal/huggingface__transformers.e2e8dbed.test_modeling_speech_to_text.e53c8eb4.lv1,huggingface__transformers.e2e8dbed.test_modeling_speech_to_text.e53c8eb4.lv1,0.9173860844548979,0.08261391554510211,16,hard,0.2125,0.2125,0.2869560070812249
crmarena,crmarena/crmarena_0727_handle_time,crmarena_0727_handle_time,0.9174166160749156,0.08258338392508435,16,medium,0.4,0.4,0.282842712474619
usaco,usaco/193,193,0.917500993418642,0.082499006581358,16,easy,0.846875,0.846875,0.2792113614719143
scicode,scicode/scicode-61,scicode-61,0.9177406474738468,0.08225935252615324,16,medium,0.5341666875,0.5341666875,0.3303690822713891
scicode,scicode/scicode-42,scicode-42,0.9177406474738468,0.08225935252615324,16,hard,0.220833125,0.220833125,0.1485460284540935
gaia,gaia/e8cb5b03-41e0-4086-99e5-f6806cd97211,e8cb5b03-41e0-4086-99e5-f6806cd97211,0.9177495916432443,0.08225040835675568,16,medium,0.625,0.625,0.4235268586524354
swebench-verified,swebench-verified/django__django-11066,django__django-11066,0.917753968956553,0.08224603104344697,16,easy,0.925,0.925,0.243669858620224
usaco,usaco/243,243,0.917753968956553,0.08224603104344697,16,easy,0.925,0.925,0.1984313483298443
widesearch,widesearch/widesearch/widesearch-ws-en-055,widesearch/widesearch-ws-en-055,0.9178361473050003,0.0821638526949997,16,medium,0.6303749999999999,0.6303749999999999,0.330745535684157
kumo,kumo/medicalenv-t12-a16-v1-s1,medicalenv-t12-a16-v1-s1,0.9178570359601422,0.08214296403985777,16,easy,0.8624999999999999,0.8624999999999999,0.2420614591379635
financeagent_terminal,financeagent_terminal/financeagent-44,financeagent-44,0.9179296453684563,0.08207035463154366,16,medium,0.5875,0.5875,0.3637908052713812
scicode,scicode/scicode-7,scicode-7,0.9179360626887555,0.0820639373112445,16,easy,0.8166666875,0.8166666875,0.3329163965372385
featurebench-modal,featurebench-modal/huggingface__transformers.e2e8dbed.test_feature_extraction_auto.13dd67ea.lv1,huggingface__transformers.e2e8dbed.test_feature_extraction_auto.13dd67ea.lv1,0.9179647486578084,0.08203525134219158,16,hard,0.15,0.15,0.2179449471770336
scicode,scicode/scicode-59,scicode-59,0.9180614745447091,0.0819385254552909,16,medium,0.5075000000000001,0.5075000000000001,0.3065024469722876
scicode,scicode/scicode-30,scicode-30,0.918112795572298,0.08188720442770203,16,medium,0.5270835,0.5270835,0.192288587010514
swebench-verified,swebench-verified/django__django-15103,django__django-15103,0.9183057734145095,0.08169422658549053,16,easy,0.8374999999999999,0.8374999999999999,0.3179524335494226
ineqmath,ineqmath/70,70,0.9183160165874308,0.08168398341256922,16,easy,0.73125,0.73125,0.2844265063245688
swebench-verified,swebench-verified/django__django-12774,django__django-12774,0.9184261503259573,0.08157384967404269,16,easy,0.7375,0.7375,0.3722818152958857
lawbench,lawbench/lawbench-2-5-15-zero-shot,lawbench-2-5-15-zero-shot,0.9184705678352112,0.0815294321647888,16,medium,0.6603246875,0.6603246875,0.1846928739464245
financeagent_terminal,financeagent_terminal/financeagent-18,financeagent-18,0.9185266184362295,0.08147338156377049,16,medium,0.65,0.65,0.3968626966596886
financeagent_terminal,financeagent_terminal/financeagent-28,financeagent-28,0.9185266184362295,0.08147338156377049,16,medium,0.65,0.65,0.3840572873934304
medagentbench,medagentbench/task5_15,task5_15,0.9185451027636728,0.08145489723632715,16,easy,0.8625,0.8625,0.2803457686500725
widesearch,widesearch/widesearch/widesearch-ws-en-079,widesearch/widesearch-ws-en-079,0.918606325590342,0.08139367440965795,16,hard,0.218324625,0.218324625,0.1711727606173347
widesearch,widesearch/widesearch/widesearch-ws-zh-024,widesearch/widesearch-ws-zh-024,0.918606325590342,0.08139367440965795,16,hard,0.1694584375,0.1694584375,0.1423249712743554
lawbench,lawbench/lawbench-2-2-14-one-shot,lawbench-2-2-14-one-shot,0.9186653334354069,0.0813346665645931,16,hard,0.2881249999999999,0.2881249999999999,0.0824786904297103
arc-agi-2,arc-agi-2/e3721c99_0,e3721c99_0,0.9187127576119825,0.08128724238801754,16,hard,0.225,0.225,0.3152380053229623
arc-agi-2,arc-agi-2/e3721c99_1,e3721c99_1,0.9187127576119825,0.08128724238801754,16,hard,0.2625,0.2625,0.3139964171770117
reasoning-gym,reasoning-gym/reasoning-gym-algorithmic-number-sorting-easy00cea0a5-seed45-1,reasoning-gym-algorithmic-number-sorting-easy00cea0a5-seed45-1,0.918756611205014,0.08124338879498605,16,easy,0.946875,0.946875,0.0926497942523349
reasoning-gym,reasoning-gym/reasoning-gym-arithmetic-leg-counting-easy00cea0a5-seed45-2,reasoning-gym-arithmetic-leg-counting-easy00cea0a5-seed45-2,0.918832675840934,0.08116732415906602,16,medium,0.6875,0.6875,0.3870965641800505
reasoning-gym,reasoning-gym/reasoning-gym-arithmetic-leg-counting-hard0292e21f-seed45-0,reasoning-gym-arithmetic-leg-counting-hard0292e21f-seed45-0,0.918832675840934,0.08116732415906602,16,easy,0.746875,0.746875,0.3838410926086471
gpqa-diamond,gpqa-diamond/6,6,0.9188358247886165,0.08116417521138353,16,easy,0.9125,0.9125,0.1727534370135656
gpqa-diamond,gpqa-diamond/109,109,0.9188358247886165,0.08116417521138353,16,easy,0.9125,0.9125,0.1727534370135656
gpqa-diamond,gpqa-diamond/85,85,0.9188781696796924,0.08112183032030762,16,medium,0.425,0.425,0.4683748498798799
gpqa-diamond,gpqa-diamond/93,93,0.9188781696796924,0.08112183032030762,16,medium,0.55,0.55,0.4153311931459037
aider-polyglot,aider-polyglot/polyglot_cpp_perfect-numbers,polyglot_cpp_perfect-numbers,0.918939719134993,0.08106028086500705,16,medium,0.6875,0.6875,0.3533323506275642
swesmith,swesmith/oauthlib__oauthlib.1fd52536.combine_file__09vlzwgc,oauthlib__oauthlib.1fd52536.combine_file__09vlzwgc,0.9189765153896322,0.08102348461036779,16,hard,0.0625,0.0625,0.1536025715930563
swesmith,swesmith/oauthlib__oauthlib.1fd52536.combine_file__f4lomc8f,oauthlib__oauthlib.1fd52536.combine_file__f4lomc8f,0.9189765153896322,0.08102348461036779,16,hard,0.0875,0.0875,0.2446298223847615
bigcodebench,bigcodebench/bigcodebench_1019,bigcodebench_1019,0.9189831728812382,0.08101682711876179,16,hard,0.175,0.175,0.2817356917396161
bigcodebench,bigcodebench/bigcodebench_582,bigcodebench_582,0.9189831728812382,0.08101682711876179,16,hard,0.075,0.075,0.1713913650100261
swebench-verified,swebench-verified/django__django-14017,django__django-14017,0.9189910088139144,0.08100899118608562,16,medium,0.6375,0.6375,0.4702060718451007
swebench-verified,swebench-verified/sphinx-doc__sphinx-8265,sphinx-doc__sphinx-8265,0.9189910088139144,0.08100899118608562,16,medium,0.5125,0.5125,0.429934588047996
reasoning-gym,reasoning-gym/reasoning-gym-algorithmic-string-insertion-hard0292e21f-seed45-0,reasoning-gym-algorithmic-string-insertion-hard0292e21f-seed45-0,0.9190068678237426,0.08099313217625737,16,easy,0.75,0.75,0.3570714214271425
reasoning-gym,reasoning-gym/reasoning-gym-arc-arc-1d-hard0292e21f-seed45-1,reasoning-gym-arc-arc-1d-hard0292e21f-seed45-1,0.9190209473183573,0.08097905268164274,16,medium,0.6875,0.6875,0.3672107705392096
simpleqa,simpleqa/simpleqa-2893,simpleqa-2893,0.919145030018058,0.08085496998194197,16,easy,0.8500000000000001,0.8500000000000001,0.2692582403567252
widesearch,widesearch/widesearch/widesearch-ws-zh-030,widesearch/widesearch-ws-zh-030,0.9192884084147243,0.08071159158527574,16,medium,0.6519355,0.6519355,0.3469888853994461
medagentbench,medagentbench/task4_5,task4_5,0.9193656376486555,0.08063436235134447,16,easy,0.7875000000000001,0.7875000000000001,0.342554740151118
swebenchpro,swebenchpro/instance_nodebb__nodebb-0c81642997ea1d827dbd02c311db9d4976112cd4-vf2cf3cbd463b7ad942381f1c6d077626485a1e9e,instance_nodebb__nodebb-0c81642997ea1d827dbd02c311db9d4976112cd4-vf2cf3cbd463b7ad942381f1c6d077626485a1e9e,0.919511082536716,0.08048891746328402,16,medium,0.475,0.475,0.3526683994916471
reasoning-gym,reasoning-gym/reasoning-gym-graphs-course-schedule-easy00cea0a5-seed45-2,reasoning-gym-graphs-course-schedule-easy00cea0a5-seed45-2,0.919611510024432,0.08038848997556802,16,easy,0.9416666875,0.9416666875,0.1266556560455941
gaia,gaia/42576abe-0deb-4869-8c63-225c2d75a95a,42576abe-0deb-4869-8c63-225c2d75a95a,0.9197385316108343,0.0802614683891657,16,easy,0.8125,0.8125,0.3199120973017432
gaia,gaia/71345b0a-9c7d-4b50-b2bf-937ec5879845,71345b0a-9c7d-4b50-b2bf-937ec5879845,0.9197385316108343,0.0802614683891657,16,easy,0.8125,0.8125,0.3903123748998999
crmarena,crmarena/crmarena_0767_handle_time,crmarena_0767_handle_time,0.9199044821572002,0.08009551784279978,16,medium,0.375,0.375,0.243669858620224
seal0,seal0/65,65,0.9199926530602878,0.08000734693971223,16,easy,0.734375,0.734375,0.3651706578779297
crustbench,crustbench/crustbench-ljmm,crustbench-ljmm,0.9200058067610896,0.07999419323891044,13,easy,0.7375,0.7230769230769231,0.3377615138476946
featurebench-modal,featurebench-modal/astropy__astropy.b0db0daa.test_realizations.5b9cf523.lv1,astropy__astropy.b0db0daa.test_realizations.5b9cf523.lv1,0.9200115724316694,0.07998842756833058,16,hard,0.2249999999999999,0.2249999999999999,0.3307189138830738
swesmith,swesmith/oauthlib__oauthlib.1fd52536.combine_file__6f9y9ztr,oauthlib__oauthlib.1fd52536.combine_file__6f9y9ztr,0.9200458197872251,0.0799541802127749,16,hard,0.08125,0.08125,0.1549949595954655
aider-polyglot,aider-polyglot/polyglot_cpp_diamond,polyglot_cpp_diamond,0.9201226948254377,0.07987730517456226,16,medium,0.5375,0.5375,0.3585997071945263
labbench,labbench/figqa-0051,figqa-0051,0.9201383014591514,0.07986169854084857,16,hard,0.2375,0.2375,0.3479852726768763
reasoning-gym,reasoning-gym/reasoning-gym-logic-zebra-puzzles-easy00cea0a5-seed45-2,reasoning-gym-logic-zebra-puzzles-easy00cea0a5-seed45-2,0.9203124393590916,0.07968756064090843,16,easy,0.8500000000000001,0.8500000000000001,0.2598076211353316
quixbugs,quixbugs/quixbugs-python-mergesort,quixbugs-python-mergesort,0.9204154682182376,0.07958453178176239,16,easy,0.753125,0.753125,0.3452665410592228
labbench,labbench/figqa-0018,figqa-0018,0.9204525552500551,0.0795474447499449,16,medium,0.425,0.425,0.3799671038392666
quixbugs,quixbugs/quixbugs-java-lis,quixbugs-java-lis,0.920583947349209,0.07941605265079099,16,easy,0.796875,0.796875,0.2992014110511513
featurebench-modal,featurebench-modal/mlflow__mlflow.93dab383.test_trace.17fde8b0.lv1,mlflow__mlflow.93dab383.test_trace.17fde8b0.lv1,0.9207476578448999,0.07925234215510013,16,hard,0.1,0.1,0.1732050807568877
sldbench,sldbench/domain_mixture_scaling_law,domain_mixture_scaling_law,0.9207556010915212,0.07924439890847879,16,easy,0.815072375,0.815072375,0.2839530747464876
sldbench,sldbench/vocab_scaling_law,vocab_scaling_law,0.9207556010915212,0.07924439890847879,16,easy,0.7319161875,0.7319161875,0.3441735893619342
omnimath,omnimath/omnimath_868,omnimath_868,0.9208081218215696,0.07919187817843043,16,easy,0.825,0.825,0.2817356917396161
reasoning-gym,reasoning-gym/reasoning-gym-logic-self-reference-hard0292e21f-seed45-0,reasoning-gym-logic-self-reference-hard0292e21f-seed45-0,0.9209601181739716,0.07903988182602839,16,easy,0.9125,0.9125,0.1727534370135656
reasoning-gym,reasoning-gym/reasoning-gym-algorithmic-isomorphic-strings-hard0292e21f-seed45-1,reasoning-gym-algorithmic-isomorphic-strings-hard0292e21f-seed45-1,0.9210937145710671,0.07890628542893285,16,easy,0.925,0.925,0.1198957880828179
pixiu,pixiu/pixiu-finred-finred14,pixiu-finred-finred14,0.9211288972151059,0.07887110278489406,16,easy,0.8374999375000001,0.8374999375000001,0.2676739760703468
pixiu,pixiu/pixiu-fpb-fpb3881,pixiu-fpb-fpb3881,0.9211288972151059,0.07887110278489406,16,easy,0.90625,0.90625,0.2221169455489607
simpleqa,simpleqa/simpleqa-2692,simpleqa-2692,0.9211420316084659,0.07885796839153414,16,medium,0.7,0.7,0.3605551275463989
scicode,scicode/scicode-68,scicode-68,0.9211769843046594,0.07882301569534056,16,medium,0.3828125,0.3828125,0.2078007515476063
scicode,scicode/scicode-40,scicode-40,0.9211769843046594,0.07882301569534056,16,medium,0.3468749375,0.3468749375,0.1988874244278873
reasoning-gym,reasoning-gym/reasoning-gym-games-n-queens-hard0292e21f-seed45-1,reasoning-gym-games-n-queens-hard0292e21f-seed45-1,0.9213853688969351,0.07861463110306488,16,medium,0.4625,0.4625,0.4342738191510052
crmarena,crmarena/crmarena_0479_case_routing,crmarena_0479_case_routing,0.9214325806507476,0.07856741934925238,16,medium,0.425,0.425,0.2817356917396161
lawbench,lawbench/lawbench-3-3-8-zero-shot,lawbench-3-3-8-zero-shot,0.9214618272089659,0.07853817279103414,16,medium,0.4592709375,0.4592709375,0.130295269308055
gpqa-diamond,gpqa-diamond/63,63,0.9215457785427881,0.07845422145721193,16,easy,0.75,0.75,0.3354101966249684
gpqa-diamond,gpqa-diamond/24,24,0.9215457785427881,0.07845422145721193,16,medium,0.6625,0.6625,0.4226035376094241
labbench,labbench/figqa-0025,figqa-0025,0.9215825782953929,0.07841742170460708,16,medium,0.4499999999999999,0.4499999999999999,0.4387482193696061
labbench,labbench/figqa-0126,figqa-0126,0.9215825782953929,0.07841742170460708,16,medium,0.475,0.475,0.4235268586524354
bigcodebench,bigcodebench/bigcodebench_990,bigcodebench_990,0.9216353751380653,0.07836462486193474,16,easy,0.8875,0.8875,0.1996089927833914
bigcodebench,bigcodebench/bigcodebench_969,bigcodebench_969,0.9216353751380653,0.07836462486193474,16,easy,0.8625,0.8625,0.2420614591379635
swe-lancer,swe-lancer/12155-manager-0,12155-manager-0,0.9216353751380656,0.0783646248619344,16,saturated,0.975,0.975,0.0968245836551854
swe-lancer,swe-lancer/19022-manager-0,19022-manager-0,0.9216353751380656,0.0783646248619344,16,easy,0.9125,0.9125,0.1996089927833914
labbench,labbench/figqa-0001,figqa-0001,0.9216399300002791,0.0783600699997209,16,medium,0.35,0.35,0.3840572873934304
labbench,labbench/figqa-0172,figqa-0172,0.9216399300002791,0.0783600699997209,16,hard,0.175,0.175,0.243669858620224
labbench,labbench/figqa-0081,figqa-0081,0.9216873309191347,0.07831266908086532,16,hard,0.25,0.25,0.35
featurebench-modal,featurebench-modal/sphinx-doc__sphinx.e347e59c.test_ext_napoleon_docstring.50dabe1f.lv1,sphinx-doc__sphinx.e347e59c.test_ext_napoleon_docstring.50dabe1f.lv1,0.9217801655100473,0.07821983448995273,16,hard,0.1375,0.1375,0.2420614591379636
featurebench-modal,featurebench-modal/astropy__astropy.b0db0daa.test_vo.8fd473ce.lv1,astropy__astropy.b0db0daa.test_vo.8fd473ce.lv1,0.9217801655100473,0.07821983448995273,16,hard,0.2375,0.2375,0.3018174116912409
ineqmath,ineqmath/53,53,0.9218823840907474,0.07811761590925259,16,easy,0.80625,0.80625,0.2794386113263519
gso,gso/gso-numpy--numpy-1b861a2,gso-numpy--numpy-1b861a2,0.9220179477747358,0.07798205222526422,16,hard,0.275,0.275,0.3381937314617171
spider2,spider2/tickit001,tickit001,0.922077922077922,0.07792207792207795,16,easy,0.725,0.725,0.3799671038392666
reasoning-gym,reasoning-gym/reasoning-gym-arithmetic-leg-counting-easy00cea0a5-seed45-1,reasoning-gym-arithmetic-leg-counting-easy00cea0a5-seed45-1,0.9222810801721752,0.07771891982782475,16,saturated,0.975,0.975,0.0661437827766147
reasoning-gym,reasoning-gym/reasoning-gym-algorithmic-spell-backward-hard0292e21f-seed45-1,reasoning-gym-algorithmic-spell-backward-hard0292e21f-seed45-1,0.9222810801721752,0.07771891982782475,16,easy,0.859375,0.859375,0.2702216599129777
hle,hle/hle/hle__673a811139a72249939a6b6d,hle/hle__673a811139a72249939a6b6d,0.9223006957473259,0.07769930425267413,16,medium,0.5875,0.5875,0.4029190365321549
spreadsheetbench,spreadsheetbench/157-4,157-4,0.9223086610954374,0.07769133890456259,16,medium,0.7,0.7,0.3535533905932738
lawbench,lawbench/lawbench-3-7-10-one-shot,lawbench-3-7-10-one-shot,0.9223994941010557,0.0776005058989443,16,easy,0.724375,0.724375,0.243181227431313
reasoning-gym,reasoning-gym/reasoning-gym-logic-circuit-logic-hard0292e21f-seed45-1,reasoning-gym-logic-circuit-logic-hard0292e21f-seed45-1,0.9224556895751602,0.07754431042483978,16,medium,0.3,0.3,0.3316624790355399
reasoning-gym,reasoning-gym/reasoning-gym-logic-circuit-logic-hard0292e21f-seed45-0,reasoning-gym-logic-circuit-logic-hard0292e21f-seed45-0,0.9224556895751602,0.07754431042483978,16,medium,0.35,0.35,0.3840572873934304
medagentbench,medagentbench/task1_27,task1_27,0.9225524855791211,0.07744751442087894,16,medium,0.6875,0.6875,0.338886042793149
medagentbench,medagentbench/task1_6,task1_6,0.9225524855791211,0.07744751442087894,16,easy,0.7125,0.7125,0.3603383826349893
reasoning-gym,reasoning-gym/reasoning-gym-games-mahjong-puzzle-hard0292e21f-seed45-0,reasoning-gym-games-mahjong-puzzle-hard0292e21f-seed45-0,0.9227726653745583,0.07722733462544173,16,easy,0.7375,0.7375,0.2976470224947664
terminal-bench,terminal-bench/extract-moves-from-video,extract-moves-from-video,0.923055169962904,0.07694483003709596,16,hard,0.0875,0.0875,0.2341874249399399
terminal-bench,terminal-bench/protein-assembly,protein-assembly,0.923055169962904,0.07694483003709596,16,hard,0.0875,0.0875,0.1727534370135656
hle,hle/hle/hle__67c7405475ac82e0c70a0cfe,hle/hle__67c7405475ac82e0c70a0cfe,0.9230930832457441,0.07690691675425587,16,easy,0.7749999999999999,0.7749999999999999,0.3307189138830738
crmarena,crmarena/crmarena_0520_named_entity_disambiguation,crmarena_0520_named_entity_disambiguation,0.9231442680494342,0.07685573195056583,16,medium,0.425,0.425,0.3526683994916471
crmarena,crmarena/crmarena_0279_top_issue_identification,crmarena_0279_top_issue_identification,0.9231442680494342,0.07685573195056583,16,medium,0.4875,0.4875,0.3484339966191588
swebench-verified,swebench-verified/scikit-learn__scikit-learn-13439,scikit-learn__scikit-learn-13439,0.9231861823449953,0.07681381765500472,16,easy,0.8999999999999999,0.8999999999999999,0.1732050807568877
hle,hle/hle/hle__66f820bb7ea359a842b73398,hle/hle__66f820bb7ea359a842b73398,0.9231985512145189,0.07680144878548112,16,medium,0.6499999999999999,0.6499999999999999,0.3640054944640259
hle,hle/hle/hle__67239d8e02ee3ca40bc2034a,hle/hle__67239d8e02ee3ca40bc2034a,0.9231985512145189,0.07680144878548112,16,medium,0.6375,0.6375,0.3887077951366553
gso,gso/gso-pandas-dev--pandas-f1211e7,gso-pandas-dev--pandas-f1211e7,0.923266108424739,0.076733891575261,16,medium,0.525,0.525,0.3799671038392666
reasoning-gym,reasoning-gym/reasoning-gym-algorithmic-word-sequence-reversal-hard0292e21f-seed45-0,reasoning-gym-algorithmic-word-sequence-reversal-hard0292e21f-seed45-0,0.9232678562018778,0.07673214379812221,15,easy,0.925,0.92,0.2508651696296903
reasoning-gym,reasoning-gym/reasoning-gym-algorithmic-word-sequence-reversal-hard0292e21f-seed45-2,reasoning-gym-algorithmic-word-sequence-reversal-hard0292e21f-seed45-2,0.9232678562018778,0.07673214379812221,15,easy,0.887395375,0.8798884,0.2809828530305244
spreadsheetbench,spreadsheetbench/16511,16511,0.9233805168766389,0.07661948312336109,16,easy,0.8999999999999999,0.8999999999999999,0.1999999999999999
widesearch,widesearch/widesearch/widesearch-ws-en-089,widesearch/widesearch-ws-en-089,0.9235058162069079,0.07649418379309214,16,easy,0.8413558125,0.8413558125,0.1353124743520616
widesearch,widesearch/widesearch/widesearch-ws-en-065,widesearch/widesearch-ws-en-065,0.9235058162069079,0.07649418379309214,16,easy,0.9319444375,0.9319444375,0.1540352358305433
simpleqa,simpleqa/simpleqa-1837,simpleqa-1837,0.9235205739943204,0.07647942600567958,16,easy,0.8125,0.8125,0.2955397604384222
simpleqa,simpleqa/simpleqa-2018,simpleqa-2018,0.9235205739943204,0.07647942600567958,16,easy,0.7875000000000001,0.7875000000000001,0.3119995993587171
spreadsheetbench,spreadsheetbench/41-47,41-47,0.9236210663929132,0.07637893360708681,16,medium,0.375,0.375,0.4235268586524354
spreadsheetbench,spreadsheetbench/48527,48527,0.9236210663929132,0.07637893360708681,16,medium,0.4625,0.4625,0.4833153732295301
gpqa-diamond,gpqa-diamond/196,196,0.9236370674627931,0.07636293253720694,16,easy,0.85,0.85,0.2179449471770336
terminal-bench,terminal-bench/fix-ocaml-gc,fix-ocaml-gc,0.9236374021202095,0.0763625978797905,16,medium,0.6375,0.6375,0.4136348026943574
lawbench,lawbench/lawbench-2-2-12-one-shot,lawbench-2-2-12-one-shot,0.9236386630905036,0.07636133690949642,16,medium,0.4425,0.4425,0.1472879832165543
aider-polyglot,aider-polyglot/polyglot_go_alphametics,polyglot_go_alphametics,0.923650483433167,0.07634951656683298,16,easy,0.875,0.875,0.1984313483298443
reasoning-gym,reasoning-gym/reasoning-gym-arithmetic-leg-counting-hard0292e21f-seed45-2,reasoning-gym-arithmetic-leg-counting-hard0292e21f-seed45-2,0.9237604307034014,0.07623956929659859,16,easy,0.8,0.8,0.3872983346207417
reasoning-gym,reasoning-gym/reasoning-gym-algebra-intermediate-integration-easy00cea0a5-seed45-0,reasoning-gym-algebra-intermediate-integration-easy00cea0a5-seed45-0,0.9237604307034014,0.07623956929659859,16,easy,0.95,0.95,0.1118033988749894
reasoning-gym,reasoning-gym/reasoning-gym-arithmetic-products-hard0292e21f-seed45-2,reasoning-gym-arithmetic-products-hard0292e21f-seed45-2,0.9237604307034014,0.07623956929659859,16,easy,0.95,0.95,0.1118033988749894
aider-polyglot,aider-polyglot/polyglot_javascript_killer-sudoku-helper,polyglot_javascript_killer-sudoku-helper,0.9237714215055064,0.0762285784944936,16,medium,0.6875,0.6875,0.3805834336909582
widesearch,widesearch/widesearch/widesearch-ws-en-004,widesearch/widesearch-ws-en-004,0.923876613629928,0.07612338637007199,16,easy,0.7912735,0.7912735,0.2452733637400828
scicode,scicode/scicode-74,scicode-74,0.9239407531061063,0.07605924689389365,16,easy,0.7833333125,0.7833333125,0.2929732958536321
reasoning-gym,reasoning-gym/reasoning-gym-games-n-queens-easy00cea0a5-seed45-0,reasoning-gym-games-n-queens-easy00cea0a5-seed45-0,0.923962380498568,0.07603761950143195,16,medium,0.5343749999999999,0.5343749999999999,0.3899994991983964
reasoning-gym,reasoning-gym/reasoning-gym-games-n-queens-hard0292e21f-seed45-0,reasoning-gym-games-n-queens-hard0292e21f-seed45-0,0.923962380498568,0.07603761950143195,16,medium,0.446875,0.446875,0.4248046426005723
reasoning-gym,reasoning-gym/reasoning-gym-games-countdown-easy00cea0a5-seed45-1,reasoning-gym-games-countdown-easy00cea0a5-seed45-1,0.9239718019796612,0.07602819802033878,16,easy,0.8832500000000001,0.8832500000000001,0.1952586425744069
reasoning-gym,reasoning-gym/reasoning-gym-arithmetic-calendar-arithmetic-easy00cea0a5-seed45-1,reasoning-gym-arithmetic-calendar-arithmetic-easy00cea0a5-seed45-1,0.9239718019796612,0.07602819802033878,16,saturated,0.960625,0.960625,0.0829509455943692
dacode,dacode/dacode-dm-csv-033,dacode-dm-csv-033,0.9240985679618469,0.07590143203815314,14,easy,0.7875,0.7571428571428571,0.3559981655536318
deepsynth,deepsynth/11,11,0.9241062058460469,0.07589379415395314,16,medium,0.5379166875,0.5379166875,0.371421606545836
crmarena,crmarena/crmarena_0758_handle_time,crmarena_0758_handle_time,0.9241531174506566,0.07584688254934335,16,medium,0.41875,0.41875,0.2697655231863405
crmarena,crmarena/crmarena_0761_handle_time,crmarena_0761_handle_time,0.9241531174506566,0.07584688254934335,16,medium,0.425,0.425,0.2989565185775349
arc-agi-2,arc-agi-2/cbebaa4b_1,cbebaa4b_1,0.9241598073607091,0.07584019263929087,16,hard,0.1375,0.1375,0.2712816801776338
bfcl,bfcl/bfcl-live-multiple-198-90-0,bfcl-live-multiple-198-90-0,0.9241848554584862,0.07581514454151383,16,easy,0.9125,0.9125,0.1996089927833914
crmarena,crmarena/crmarena_0428_case_routing,crmarena_0428_case_routing,0.9241969611260271,0.07580303887397288,16,medium,0.4625,0.4625,0.2891258376555095
crustbench,crustbench/crustbench-simple-config,crustbench-simple-config,0.9243271004121412,0.07567289958785883,16,easy,0.8875,0.8875,0.2117634293262177
research-code-bench,research-code-bench/semanticist_generate_remaining_tokens,semanticist_generate_remaining_tokens,0.9243321003437847,0.07566789965621534,16,medium,0.3375,0.3375,0.3982383080518498
replicationbench,replicationbench/abacus__lcdm_total_force_accuracy,abacus__lcdm_total_force_accuracy,0.924363926817528,0.07563607318247201,16,hard,0.275,0.275,0.4054318685056713
dacode,dacode/dacode-ml-competition-005,dacode-ml-competition-005,0.9243859430623221,0.07561405693767786,14,medium,0.5383893750000001,0.533228,0.2899726488808901
hle,hle/hle/hle__670489fcedc6951c9585de8f,hle/hle__670489fcedc6951c9585de8f,0.9244016102032454,0.0755983897967546,16,hard,0.2875,0.2875,0.3935019059674298
omnimath,omnimath/omnimath_232,omnimath_232,0.9244203820516033,0.07557961794839674,16,easy,0.75,0.75,0.3122498999199199
omnimath,omnimath/omnimath_1254,omnimath_1254,0.9244203820516033,0.07557961794839674,16,medium,0.6625000000000001,0.6625000000000001,0.391910385164772
usaco,usaco/90,90,0.924476419666364,0.07552358033363604,16,easy,0.8374999999999999,0.8374999999999999,0.2847696437473629
aime,aime/aime_ii-5,aime_ii-5,0.9245096749806336,0.07549032501936637,16,easy,0.8916666875,0.8916666875,0.1808544275331401
aime,aime/aime_ii-6,aime_ii-6,0.9245096749806336,0.07549032501936637,16,easy,0.9125,0.9125,0.1576190026614811
dacode,dacode/dacode-dm-csv-052,dacode-dm-csv-052,0.924630170996195,0.07536982900380496,14,easy,0.75625,0.75,0.2259898859936625
dacode,dacode/dacode-ml-multi-001,dacode-ml-multi-001,0.9246344290008788,0.07536557099912122,14,easy,0.88310775,0.8668836428571428,0.2323514225701501
dacode,dacode/dacode-plot-line-009,dacode-plot-line-009,0.9246344290008788,0.07536557099912122,14,easy,0.7749999999999999,0.7571428571428572,0.3223004049336707
spreadsheetbench,spreadsheetbench/353-29,353-29,0.9247585717439579,0.07524142825604208,16,easy,0.9125,0.9125,0.1996089927833914
gpqa-diamond,gpqa-diamond/22,22,0.9247721989276612,0.07522780107233884,16,easy,0.8250000000000001,0.8250000000000001,0.2727178028658928
gpqa-diamond,gpqa-diamond/179,179,0.9247721989276612,0.07522780107233884,16,easy,0.925,0.925,0.1561249499599599
simpleqa,simpleqa/simpleqa-3115,simpleqa-3115,0.9247721989276617,0.07522780107233829,16,easy,0.9375,0.9375,0.1363589014329464
aider-polyglot,aider-polyglot/polyglot_python_sgf-parsing,polyglot_python_sgf-parsing,0.9248095960311146,0.07519040396888543,16,medium,0.6625000000000001,0.6625000000000001,0.3443744328488978
swe-lancer,swe-lancer/38076-manager-0,38076-manager-0,0.9248231787959704,0.07517682120402958,16,medium,0.675,0.675,0.3733296130767019
swe-lancer,swe-lancer/41239-manager-0,41239-manager-0,0.9248231787959704,0.07517682120402958,16,medium,0.6625,0.6625,0.391910385164772
reasoning-gym,reasoning-gym/reasoning-gym-algorithmic-cryptarithm-easy00cea0a5-seed45-1,reasoning-gym-algorithmic-cryptarithm-easy00cea0a5-seed45-1,0.9249422726950015,0.07505772730499849,16,easy,0.93125,0.93125,0.1356408400888168
mmau,mmau/a92d62aa-ba19-428e-9d76-441355db5b20,a92d62aa-ba19-428e-9d76-441355db5b20,0.924943575499542,0.07505642450045802,16,medium,0.4125,0.4125,0.3772847068196642
mmau,mmau/fc224a87-54f8-4bed-9c3b-fd2190ec7bd2,fc224a87-54f8-4bed-9c3b-fd2190ec7bd2,0.924943575499542,0.07505642450045802,16,medium,0.4375,0.4375,0.4428247395979588
labbench,labbench/figqa-0163,figqa-0163,0.9250531132275034,0.07494688677249661,16,hard,0.1625,0.1625,0.2368411915187052
aider-polyglot,aider-polyglot/polyglot_go_pov,polyglot_go_pov,0.9250605622113731,0.07493943778862688,16,easy,0.7374999999999999,0.7374999999999999,0.3655047879303361
hle,hle/hle/hle__6739c2b970e297a5bb200fdb,hle/hle__6739c2b970e297a5bb200fdb,0.9251314200475484,0.07486857995245155,16,easy,0.7375,0.7375,0.3443744328488978
featurebench-modal,featurebench-modal/huggingface__transformers.e2e8dbed.test_processing_grounding_dino.3d24a7e6.lv1,huggingface__transformers.e2e8dbed.test_processing_grounding_dino.3d24a7e6.lv1,0.9251563380598085,0.07484366194019154,16,hard,0.1374999999999999,0.1374999999999999,0.2315032397181517
swesmith,swesmith/oauthlib__oauthlib.1fd52536.combine_file__aq6tx8j7,oauthlib__oauthlib.1fd52536.combine_file__aq6tx8j7,0.9252374057657379,0.07476259423426213,16,frontier,0.03125,0.03125,0.1210307295689817
quixbugs,quixbugs/quixbugs-java-sieve,quixbugs-java-sieve,0.9252374057657383,0.07476259423426168,16,saturated,0.95625,0.95625,0.127322179921646
quixbugs,quixbugs/quixbugs-java-rpn_eval,quixbugs-java-rpn_eval,0.9252374057657383,0.07476259423426168,16,saturated,0.95625,0.95625,0.127322179921646
mmau,mmau/f228c287-fce7-44d8-bfbe-c2eb0d7ff024,f228c287-fce7-44d8-bfbe-c2eb0d7ff024,0.9252374057657383,0.07476259423426168,16,easy,0.9125,0.9125,0.254644359843292
featurebench-modal,featurebench-modal/mlflow__mlflow.93dab383.test_bedrock_autolog.f008b521.lv1,mlflow__mlflow.93dab383.test_bedrock_autolog.f008b521.lv1,0.9253433217888433,0.07465667821115674,16,hard,0.0875,0.0875,0.1727534370135656
omnimath,omnimath/omnimath_575,omnimath_575,0.9253631691039974,0.07463683089600259,16,easy,0.7875,0.7875,0.2394655507583502
pixiu,pixiu/pixiu-cd-cd13,pixiu-cd-cd13,0.9253924120851205,0.07460758791487954,16,medium,0.6133930000000001,0.6133930000000001,0.2493575488903935
reasoning-gym,reasoning-gym/reasoning-gym-algorithmic-palindrome-partitioning-easy00cea0a5-seed45-0,reasoning-gym-algorithmic-palindrome-partitioning-easy00cea0a5-seed45-0,0.9254017271065246,0.07459827289347543,16,easy,0.771875,0.771875,0.3071892484690829
reasoning-gym,reasoning-gym/reasoning-gym-algorithmic-palindrome-partitioning-hard0292e21f-seed45-0,reasoning-gym-algorithmic-palindrome-partitioning-hard0292e21f-seed45-0,0.9254017271065246,0.07459827289347543,16,easy,0.709375,0.709375,0.2905913959066923
aider-polyglot,aider-polyglot/polyglot_javascript_beer-song,polyglot_javascript_beer-song,0.925518118573168,0.07448188142683199,16,medium,0.425,0.425,0.4465142774872938
reasoning-gym,reasoning-gym/reasoning-gym-games-mini-sudoku-easy00cea0a5-seed45-2,reasoning-gym-games-mini-sudoku-easy00cea0a5-seed45-2,0.9255217607183924,0.07447823928160757,16,easy,0.9396875,0.9396875,0.1313448318121044
mmau,mmau/71f95ca1-a409-47b0-af02-80a272f776d5,71f95ca1-a409-47b0-af02-80a272f776d5,0.9255701820733641,0.07442981792663594,16,easy,0.9,0.9,0.2549509756796392
mmmlu,mmmlu/mmmlu-sw-ke-00131,mmmlu-sw-ke-00131,0.9256474848554603,0.07435251514453967,16,hard,0.1124999999999999,0.1124999999999999,0.2642796813983247
dacode,dacode/dacode-plot-bar-002,dacode-plot-bar-002,0.9256780362800614,0.0743219637199386,14,easy,0.7125,0.6857142857142857,0.3907084094622098
reasoning-gym,reasoning-gym/reasoning-gym-games-n-queens-hard0292e21f-seed45-2,reasoning-gym-games-n-queens-hard0292e21f-seed45-2,0.9257085579913171,0.07429144200868287,16,medium,0.4875,0.4875,0.4299345880479959
reasoning-gym,reasoning-gym/reasoning-gym-games-n-queens-easy00cea0a5-seed45-1,reasoning-gym-games-n-queens-easy00cea0a5-seed45-1,0.9257085579913171,0.07429144200868287,16,medium,0.5218750000000001,0.5218750000000001,0.40348820847083
aider-polyglot,aider-polyglot/polyglot_python_two-bucket,polyglot_python_two-bucket,0.9258826953643723,0.07411730463562771,16,medium,0.6625,0.6625,0.3982383080518497
financeagent_terminal,financeagent_terminal/financeagent-33,financeagent-33,0.9259666616969222,0.07403333830307779,16,medium,0.6875,0.6875,0.3870965641800505
reasoning-gym,reasoning-gym/reasoning-gym-algorithmic-jugs-easy00cea0a5-seed45-0,reasoning-gym-algorithmic-jugs-easy00cea0a5-seed45-0,0.9260749603254863,0.07392503967451369,16,medium,0.6881250000000001,0.6881250000000001,0.3157320610501886
widesearch,widesearch/widesearch/widesearch-ws-zh-052,widesearch/widesearch-ws-zh-052,0.9260918002730975,0.07390819972690255,16,medium,0.4018235,0.4018235,0.2637383205525412
widesearch,widesearch/widesearch/widesearch-ws-en-068,widesearch/widesearch-ws-en-068,0.9260918002730975,0.07390819972690255,16,medium,0.5058354375,0.5058354375,0.3805233456988823
reasoning-gym,reasoning-gym/reasoning-gym-algorithmic-pool-matrix-easy00cea0a5-seed45-0,reasoning-gym-algorithmic-pool-matrix-easy00cea0a5-seed45-0,0.9261484853000819,0.07385151469991813,16,easy,0.859375,0.859375,0.2507605618413709
reasoning-gym,reasoning-gym/reasoning-gym-code-bf-easy00cea0a5-seed45-0,reasoning-gym-code-bf-easy00cea0a5-seed45-0,0.9261484853000819,0.07385151469991813,16,easy,0.896875,0.896875,0.2564595180043041
aider-polyglot,aider-polyglot/polyglot_go_tree-building,polyglot_go_tree-building,0.9261647192148877,0.07383528078511226,16,medium,0.6499999999999999,0.6499999999999999,0.4444097208657794
reasoning-gym,reasoning-gym/reasoning-gym-graphs-quantum-lock-easy00cea0a5-seed45-0,reasoning-gym-graphs-quantum-lock-easy00cea0a5-seed45-0,0.9261779599767752,0.07382204002322479,16,easy,0.8999999999999999,0.8999999999999999,0.2121320343559642
compilebench,compilebench/jq,jq,0.9261919634054546,0.07380803659454538,16,saturated,0.9625,0.9625,0.1053268721647044
gaia,gaia/6b078778-0b90-464d-83f6-59511c811b01,6b078778-0b90-464d-83f6-59511c811b01,0.9262342042870718,0.07376579571292818,16,easy,0.7375,0.7375,0.3295356581616017
ineqmath,ineqmath/85,85,0.926248101961878,0.07375189803812199,16,easy,0.84375,0.84375,0.2645012996187353
reasoning-gym,reasoning-gym/reasoning-gym-games-maze-easy00cea0a5-seed45-1,reasoning-gym-games-maze-easy00cea0a5-seed45-1,0.9264281573323557,0.07357184266764427,16,easy,0.8375,0.8375,0.2570870475150391
gso,gso/gso-huggingface--tokenizers-c893204,gso-huggingface--tokenizers-c893204,0.9265056386297379,0.0734943613702621,16,medium,0.35,0.35,0.3968626966596885
gso,gso/gso-huggingface--tokenizers-bfd9cde,gso-huggingface--tokenizers-bfd9cde,0.9265056386297379,0.0734943613702621,16,hard,0.2,0.2,0.3535533905932738
usaco,usaco/434,434,0.9265395969398379,0.0734604030601621,16,easy,0.8375,0.8375,0.3018174116912409
featurebench-modal,featurebench-modal/huggingface__transformers.e2e8dbed.test_chat_template_utils.8c88f8ec.lv1,huggingface__transformers.e2e8dbed.test_chat_template_utils.8c88f8ec.lv1,0.9266267043196559,0.07337329568034412,16,medium,0.325,0.325,0.3526683994916471
arc-agi-2,arc-agi-2/d35bdbdc_0,d35bdbdc_0,0.9266594654025898,0.07334053459741019,16,hard,0.1374999999999999,0.1374999999999999,0.2315032397181517
reasoning-gym,reasoning-gym/reasoning-gym-logic-zebra-puzzles-hard0292e21f-seed45-0,reasoning-gym-logic-zebra-puzzles-hard0292e21f-seed45-0,0.9266654260916288,0.07333457390837117,16,easy,0.9375,0.9375,0.1363589014329464
reasoning-gym,reasoning-gym/reasoning-gym-algorithmic-jugs-hard0292e21f-seed45-0,reasoning-gym-algorithmic-jugs-hard0292e21f-seed45-0,0.9268149521550332,0.07318504784496682,16,easy,0.76275,0.76275,0.301849196619769
reasoning-gym,reasoning-gym/reasoning-gym-games-tsumego-easy00cea0a5-seed45-1,reasoning-gym-games-tsumego-easy00cea0a5-seed45-1,0.9268325793646647,0.07316742063533532,16,easy,0.83984375,0.83984375,0.2067238283578782
labbench,labbench/figqa-0085,figqa-0085,0.926865661884,0.07313433811600001,16,medium,0.375,0.375,0.4235268586524354
labbench,labbench/figqa-0097,figqa-0097,0.926865661884,0.07313433811600001,16,medium,0.4125,0.4125,0.4211220131980754
kumo,kumo/motifanalysisenv-t4-a6-v1-s1,motifanalysisenv-t4-a6-v1-s1,0.9269176243449215,0.07308237565507847,16,easy,0.925,0.925,0.1391941090707505
kumo,kumo/fungalenv-t4-a6-v1-s1,fungalenv-t4-a6-v1-s1,0.9269176243449215,0.07308237565507847,16,easy,0.925,0.925,0.1391941090707505
featurebench-modal,featurebench-modal/lightning-ai__pytorch-lightning.126fa6f1.test_data.12056068.lv1,lightning-ai__pytorch-lightning.126fa6f1.test_data.12056068.lv1,0.9270496173589887,0.07295038264101128,16,hard,0.25,0.25,0.3354101966249684
gaia2,gaia2/gaia2-cli/0787_d2ljdpgaj90leipexeolvajdowbmoxxk,gaia2-cli/0787_d2ljdpgaj90leipexeolvajdowbmoxxk,0.9270987480750938,0.07290125192490615,16,hard,0.21730775,0.21730775,0.2509080970214742
gaia2,gaia2/gaia2-cli/0052_snsq4rd73gytoo0wr75bgd2nyzra07z1,gaia2-cli/0052_snsq4rd73gytoo0wr75bgd2nyzra07z1,0.9270987480750938,0.07290125192490615,16,medium,0.3027779375,0.3027779375,0.3379198634936374
research-code-bench,research-code-bench/advantage-alignment_integrated_aa,advantage-alignment_integrated_aa,0.9271050693011067,0.0728949306988933,16,hard,0.2,0.2,0.3464101615137755
dacode,dacode/dacode-di-csv-013,dacode-di-csv-013,0.9272680192470747,0.07273198075292531,14,medium,0.5833335,0.5714287142857143,0.154743799673815
usaco,usaco/967,967,0.9272751831103858,0.07272481688961419,16,medium,0.5875,0.5875,0.3903123748998999
spreadsheetbench,spreadsheetbench/53167,53167,0.9272995327192387,0.0727004672807613,16,easy,0.8125,0.8125,0.2955397604384222
simpleqa,simpleqa/simpleqa-1417,simpleqa-1417,0.9273415204978552,0.07265847950214477,16,easy,0.7875,0.7875,0.3199120973017431
simpleqa,simpleqa/simpleqa-2192,simpleqa-2192,0.9273415204978552,0.07265847950214477,16,easy,0.8625,0.8625,0.1964529205687713
labbench,labbench/figqa-0133,figqa-0133,0.927470183288076,0.07252981671192404,16,medium,0.3125,0.3125,0.3314268395890712
swebench-verified,swebench-verified/django__django-15380,django__django-15380,0.9276336570439174,0.07236634295608257,16,easy,0.875,0.875,0.2727178028658928
featurebench-modal,featurebench-modal/mwaskom__seaborn.7001ebe7.test_plot.b645d353.lv1,mwaskom__seaborn.7001ebe7.test_plot.b645d353.lv1,0.927703284151333,0.07229671584866704,16,hard,0.275,0.275,0.3152380053229623
reasoning-gym,reasoning-gym/reasoning-gym-algorithmic-number-sorting-easy00cea0a5-seed45-2,reasoning-gym-algorithmic-number-sorting-easy00cea0a5-seed45-2,0.9277215796614949,0.07227842033850507,16,easy,0.93125,0.93125,0.1599560486508716
mmmlu,mmmlu/mmmlu-yo-ng-00144,mmmlu-yo-ng-00144,0.9277395261942271,0.07226047380577294,16,medium,0.575,0.575,0.3799671038392666
spider2,spider2/airbnb002,airbnb002,0.9277537855129115,0.07224621448708846,16,hard,0.2,0.2,0.2645751311064591
spider2,spider2/marketo001,marketo001,0.9277537855129115,0.07224621448708846,16,medium,0.325,0.325,0.4175823272122517
aider-polyglot,aider-polyglot/polyglot_python_pig-latin,polyglot_python_pig-latin,0.9277537855129118,0.07224621448708823,16,easy,0.85,0.85,0.278388218141501
medagentbench,medagentbench/task9_2,task9_2,0.9278843611976129,0.07211563880238714,16,medium,0.3,0.3,0.3464101615137754
medagentbench,medagentbench/task9_12,task9_12,0.9278843611976129,0.07211563880238714,16,medium,0.35,0.35,0.35
gso,gso/gso-numpy--numpy-cb0d7cd,gso-numpy--numpy-cb0d7cd,0.9279183360361115,0.07208166396388849,16,hard,0.2375,0.2375,0.3257203555198845
gso,gso/gso-numpy--numpy-ef5e545,gso-numpy--numpy-ef5e545,0.9279183360361115,0.07208166396388849,16,hard,0.075,0.075,0.1561249499599599
dacode,dacode/dacode-di-text-033,dacode-di-text-033,0.9279265116568289,0.07207348834317107,14,easy,0.8875,0.8714285714285716,0.2084931359903775
livecodebench,livecodebench/3696,3696,0.9280128543531729,0.07198714564682707,16,medium,0.6875,0.6875,0.4240798863421843
livecodebench,livecodebench/arc189_b,arc189_b,0.9280128543531729,0.07198714564682707,16,medium,0.6875,0.6875,0.3998046397929869
simpleqa,simpleqa/simpleqa-2837,simpleqa-2837,0.9280776503073431,0.07192234969265687,16,easy,0.8,0.8,0.282842712474619
medagentbench,medagentbench/task4_18,task4_18,0.9282414249657436,0.07175857503425642,16,easy,0.8875,0.8875,0.2117634293262177
featurebench-modal,featurebench-modal/astropy__astropy.b0db0daa.test_compressed.8daeb7d6.lv1,astropy__astropy.b0db0daa.test_compressed.8daeb7d6.lv1,0.9282714220954199,0.0717285779045801,16,hard,0.1375,0.1375,0.2619040854969621
aider-polyglot,aider-polyglot/polyglot_cpp_linked-list,polyglot_cpp_linked-list,0.9284227398145022,0.07157726018549782,16,easy,0.75,0.75,0.3354101966249684
reasoning-gym,reasoning-gym/reasoning-gym-arithmetic-number-format-hard0292e21f-seed45-2,reasoning-gym-arithmetic-number-format-hard0292e21f-seed45-2,0.9284766908852593,0.0715233091147407,16,easy,0.9375,0.9375,0.1165922381636101
reasoning-gym,reasoning-gym/reasoning-gym-algorithmic-sentence-reordering-easy00cea0a5-seed45-1,reasoning-gym-algorithmic-sentence-reordering-easy00cea0a5-seed45-1,0.9284766908852593,0.0715233091147407,16,easy,0.95,0.95,0.0866025403784438
dacode,dacode/dacode-di-csv-021,dacode-di-csv-021,0.9285620407347481,0.07143795926525187,14,easy,0.8656250000000001,0.8464285714285715,0.2774013889875912
gaia,gaia/b9763138-c053-4832-9f55-86200cb1f99c,b9763138-c053-4832-9f55-86200cb1f99c,0.92866619526337,0.07133380473662998,16,easy,0.7125,0.7125,0.3159806164941134
compilebench,compilebench/jq-static,jq-static,0.9287192806649317,0.0712807193350683,16,easy,0.8375,0.8375,0.3333072906493345
terminal-bench,terminal-bench/regex-log,regex-log,0.9290923021483614,0.07090769785163864,16,easy,0.7375,0.7375,0.3789376597806029
terminal-bench,terminal-bench/merge-diff-arc-agi-task,merge-diff-arc-agi-task,0.9290923021483614,0.07090769785163864,16,easy,0.76875,0.76875,0.3494974070003954
reasoning-gym,reasoning-gym/reasoning-gym-algorithmic-number-filtering-hard0292e21f-seed45-1,reasoning-gym-algorithmic-number-filtering-hard0292e21f-seed45-1,0.9292247185396514,0.07077528146034862,16,easy,0.815625,0.815625,0.2977618333080988
gaia,gaia/dc22a632-937f-4e6a-b72f-ba0ff3f5ff97,dc22a632-937f-4e6a-b72f-ba0ff3f5ff97,0.92922580885936,0.07077419114063999,16,medium,0.5125,0.5125,0.4240798863421844
simpleqa,simpleqa/simpleqa-4280,simpleqa-4280,0.9293367957023204,0.07066320429767958,16,easy,0.8374999999999999,0.8374999999999999,0.2570870475150392
dacode,dacode/dacode-ml-regression-014,dacode-ml-regression-014,0.9293498979832728,0.07065010201672717,14,medium,0.675886875,0.6433639285714285,0.4289990272057675
gaia,gaia/87c610df-bef7-4932-b950-1d83ef4e282b,87c610df-bef7-4932-b950-1d83ef4e282b,0.9293789822822425,0.07062101771775753,16,easy,0.7749999999999999,0.7749999999999999,0.2817356917396161
hle,hle/hle/hle__67399d0163641fb0bc110db9,hle/hle__67399d0163641fb0bc110db9,0.9295759776682269,0.07042402233177314,16,medium,0.3999999999999999,0.3999999999999999,0.3937003937005905
swebench-verified,swebench-verified/sympy__sympy-16766,sympy__sympy-16766,0.9296057255274167,0.07039427447258328,16,easy,0.8875,0.8875,0.2117634293262177
spreadsheetbench,spreadsheetbench/438-18,438-18,0.9297487857166673,0.0702512142833327,16,medium,0.615625,0.615625,0.4526721875430387
labbench,labbench/figqa-0166,figqa-0166,0.9298315024112008,0.07016849758879917,16,medium,0.325,0.325,0.373329613076702
aider-polyglot,aider-polyglot/polyglot_javascript_resistor-color-trio,polyglot_javascript_resistor-color-trio,0.9299203334999124,0.07007966650008757,16,hard,0.1375,0.1375,0.2976470224947665
aider-polyglot,aider-polyglot/polyglot_javascript_twelve-days,polyglot_javascript_twelve-days,0.9299203334999124,0.07007966650008757,16,hard,0.15,0.15,0.2958039891549808
swebenchpro,swebenchpro/instance_internetarchive__openlibrary-ba3abfb6af6e722185d3715929ab0f3e5a134eed-v76304ecdb3a5954fcf13feb710e8c40fcf24b73c,instance_internetarchive__openlibrary-ba3abfb6af6e722185d3715929ab0f3e5a134eed-v76304ecdb3a5954fcf13feb710e8c40fcf24b73c,0.9299267456373258,0.0700732543626742,16,easy,0.7749999999999999,0.7749999999999999,0.3307189138830738
usaco,usaco/262,262,0.9299281544160293,0.07007184558397073,16,easy,0.8625,0.8625,0.2976470224947665
omnimath,omnimath/omnimath_3833,omnimath_3833,0.929976557159825,0.07002344284017503,16,easy,0.9125,0.9125,0.2446298223847616
omnimath,omnimath/omnimath_4096,omnimath_4096,0.929976557159825,0.07002344284017503,16,easy,0.85,0.85,0.2499999999999999
dacode,dacode/dacode-dm-csv-049,dacode-dm-csv-049,0.929981109950554,0.07001889004944595,14,easy,0.85,0.8285714285714285,0.3194382824999699
dacode,dacode/dacode-data-sa-044,dacode-data-sa-044,0.929981109950554,0.07001889004944595,14,easy,0.9,0.8857142857142858,0.2231499907401901
spreadsheetbench,spreadsheetbench/48969,48969,0.9300058974411377,0.06999410255886229,16,medium,0.675,0.675,0.3992179855667828
widesearch,widesearch/widesearch/widesearch-ws-en-076,widesearch/widesearch-ws-en-076,0.9300805317298677,0.06991946827013229,16,easy,0.7840774374999999,0.7840774374999999,0.2511512479007841
widesearch,widesearch/widesearch/widesearch-ws-en-048,widesearch/widesearch-ws-en-048,0.9300805317298677,0.06991946827013229,16,medium,0.6403125000000001,0.6403125000000001,0.2264154695327817
compilebench,compilebench/coreutils-static,coreutils-static,0.9302014140194572,0.06979858598054278,16,easy,0.8875,0.8875,0.2642796813983247
gaia,gaia/cf106601-ab4f-4af9-b045-5295fe67b37d,cf106601-ab4f-4af9-b045-5295fe67b37d,0.9302915693516078,0.06970843064839216,16,easy,0.8,0.8,0.3162277660168379
gaia2,gaia2/gaia2-cli/0454_51zeute4refgj8p4j3o4fkjozr1fz3tz,gaia2-cli/0454_51zeute4refgj8p4j3o4fkjozr1fz3tz,0.9303028569184671,0.06969714308153285,16,hard,0.2888671874999999,0.2888671874999999,0.2588732174490099
featurebench-modal,featurebench-modal/pypa__packaging.013f3b03.test_metadata.e00b5801.lv1,pypa__packaging.013f3b03.test_metadata.e00b5801.lv1,0.9303444656464868,0.06965553435351324,16,medium,0.3875,0.3875,0.4151430476353904
crmarena,crmarena/crmarena_0866_transfer_count,crmarena_0866_transfer_count,0.9303592286902188,0.06964077130978119,16,hard,0.2625,0.2625,0.2420614591379635
labbench,labbench/figqa-0065,figqa-0065,0.93049732601378,0.06950267398622001,16,hard,0.2875,0.2875,0.3998046397929869
financeagent_terminal,financeagent_terminal/financeagent-25,financeagent-25,0.9305415914315351,0.06945840856846486,16,easy,0.75,0.75,0.3570714214271425
crmarena,crmarena/crmarena_0100_knowledge_qa,crmarena_0100_knowledge_qa,0.9306155286258777,0.06938447137412229,16,medium,0.3060613125,0.3060613125,0.1923901528446553
crmarena,crmarena/crmarena_0006_knowledge_qa,crmarena_0006_knowledge_qa,0.9306155286258777,0.06938447137412229,16,hard,0.2071341875,0.2071341875,0.1550140528299848
lawbench,lawbench/lawbench-3-6-2-zero-shot,lawbench-3-6-2-zero-shot,0.9306535570983473,0.0693464429016527,16,medium,0.63625,0.63625,0.2389266362296175
algotune,algotune/algotune-feedback-controller-design,algotune-feedback-controller-design,0.9307351133454347,0.06926488665456532,16,medium,0.6049306875,0.6049306875,0.3452033357804713
omnimath,omnimath/omnimath_1582,omnimath_1582,0.9307794810086181,0.06922051899138193,16,easy,0.9125,0.9125,0.1727534370135656
financeagent_terminal,financeagent_terminal/financeagent-35,financeagent-35,0.9308682293386616,0.06913177066133835,16,medium,0.5,0.5,0.3937003937005905
arc-agi-2,arc-agi-2/db695cfb_0,db695cfb_0,0.9308791434678978,0.0691208565321022,16,medium,0.375,0.375,0.3152380053229623
crustbench,crustbench/crustbench-libm17,crustbench-libm17,0.9308914116699358,0.06910858833006417,14,hard,0.2125,0.2428571428571428,0.4012734830053754
crmarena,crmarena/crmarena_0581_named_entity_disambiguation,crmarena_0581_named_entity_disambiguation,0.9308958533950296,0.06910414660497044,16,medium,0.425,0.425,0.2537222891273055
arc-agi-2,arc-agi-2/3dc255db_0,3dc255db_0,0.9309056424553789,0.06909435754462112,16,hard,0.240625,0.240625,0.2756916019304904
swebench-verified,swebench-verified/sphinx-doc__sphinx-9602,sphinx-doc__sphinx-9602,0.9309493362512623,0.0690506637487377,16,hard,0.05,0.05,0.1118033988749895
swebench-verified,swebench-verified/django__django-11087,django__django-11087,0.9309493362512623,0.0690506637487377,16,hard,0.075,0.075,0.1561249499599599
gaia,gaia/076c8171-9b3b-49b9-a477-244d2a532826,076c8171-9b3b-49b9-a477-244d2a532826,0.9309493362512624,0.06905066374873758,16,easy,0.8999999999999999,0.8999999999999999,0.2236067977499789
bfcl,bfcl/bfcl-parallel-multiple-90,bfcl-parallel-multiple-90,0.9309493362512624,0.06905066374873758,16,saturated,0.9625,0.9625,0.0780624749799799
bfcl,bfcl/bfcl-live-multiple-887-184-4,bfcl-live-multiple-887-184-4,0.9309493362512624,0.06905066374873758,16,easy,0.95,0.95,0.1118033988749894
bfcl,bfcl/bfcl-live-multiple-179-75-1,bfcl-live-multiple-179-75-1,0.9309493362512625,0.06905066374873747,16,easy,0.95,0.95,0.1118033988749894
reasoning-gym,reasoning-gym/reasoning-gym-code-bf-hard0292e21f-seed45-2,reasoning-gym-code-bf-hard0292e21f-seed45-2,0.9310068075811473,0.06899319241885271,16,easy,0.8,0.8,0.3872983346207417
mmmlu,mmmlu/mmmlu-de-de-00022,mmmlu-de-de-00022,0.9310299833683713,0.06897001663162872,16,medium,0.6875,0.6875,0.4060095442227929
omnimath,omnimath/omnimath_2379,omnimath_2379,0.9311821380659371,0.06881786193406292,16,medium,0.6875,0.6875,0.3998046397929869
omnimath,omnimath/omnimath_259,omnimath_259,0.9311821380659371,0.06881786193406292,16,medium,0.7,0.7,0.3391164991562634
usaco,usaco/412,412,0.9311851962180488,0.06881480378195115,16,easy,0.8374999999999999,0.8374999999999999,0.3257203555198846
usaco,usaco/549,549,0.9311851962180488,0.06881480378195115,16,easy,0.8125,0.8125,0.3199120973017432
terminal-bench,terminal-bench/git-multibranch,git-multibranch,0.93123209426957,0.06876790573043001,16,easy,0.775,0.775,0.3152380053229623
hle,hle/hle/hle__66ea70cd3d800a43340dd4d0,hle/hle__66ea70cd3d800a43340dd4d0,0.9312441737364856,0.0687558262635144,16,medium,0.425,0.425,0.4235268586524354
kumo,kumo/cloudenv-t4-a6-v1-s0,cloudenv-t4-a6-v1-s0,0.9313844418402345,0.0686155581597655,16,easy,0.8625,0.8625,0.220439901106855
mmmlu,mmmlu/mmmlu-pt-br-00111,mmmlu-pt-br-00111,0.9314375220250599,0.06856247797494008,16,hard,0.175,0.175,0.2537222891273055
mmmlu,mmmlu/mmmlu-ar-xy-00001,mmmlu-ar-xy-00001,0.9314375220250599,0.06856247797494008,16,hard,0.1125,0.1125,0.2446298223847615
reasoning-gym,reasoning-gym/reasoning-gym-algorithmic-ransom-note-hard0292e21f-seed45-2,reasoning-gym-algorithmic-ransom-note-hard0292e21f-seed45-2,0.9315196211419093,0.06848037885809066,16,easy,0.946875,0.946875,0.1165503512435719
reasoning-gym,reasoning-gym/reasoning-gym-algorithmic-count-primes-easy00cea0a5-seed45-1,reasoning-gym-algorithmic-count-primes-easy00cea0a5-seed45-1,0.9315196211419099,0.06848037885809011,16,easy,0.946875,0.946875,0.1165503512435719
omnimath,omnimath/omnimath_2614,omnimath_2614,0.9315287926773658,0.06847120732263423,16,easy,0.9375,0.9375,0.1536025715930563
reasoning-gym,reasoning-gym/reasoning-gym-algorithmic-string-splitting-hard0292e21f-seed45-2,reasoning-gym-algorithmic-string-splitting-hard0292e21f-seed45-2,0.9315516419063743,0.0684483580936257,16,easy,0.9,0.9,0.1999999999999999
crustbench,crustbench/crustbench-razz-simulation,crustbench-razz-simulation,0.9315845152483901,0.06841548475160986,14,hard,0.2625,0.3,0.4259443290250164
crustbench,crustbench/crustbench-libpgn,crustbench-libpgn,0.9315845152483901,0.06841548475160986,13,hard,0.25,0.3076923076923077,0.4122388002145927
bixbench,bixbench/bix-12-q5,bix-12-q5,0.931611318203747,0.06838868179625301,16,easy,0.7124999999999999,0.7124999999999999,0.4121210380458634
bixbench,bixbench/bix-61-q2,bix-61-q2,0.931611318203747,0.06838868179625301,16,medium,0.6625000000000001,0.6625000000000001,0.391910385164772
research-code-bench,research-code-bench/eomt_forward_pass,eomt_forward_pass,0.9316264689594825,0.06837353104051747,16,hard,0.2375,0.2375,0.3620687089490059
dacode,dacode/dacode-data-wrangling-022,dacode-data-wrangling-022,0.9316691112868064,0.0683308887131936,14,easy,0.925,0.9142857142857144,0.1807015805810502
gpqa-diamond,gpqa-diamond/51,51,0.9317116336021709,0.06828836639782909,16,easy,0.8875,0.8875,0.2117634293262177
bfcl,bfcl/bfcl-live-simple-222-117-14,bfcl-live-simple-222-117-14,0.9317116336021712,0.06828836639782876,16,easy,0.8875,0.8875,0.2117634293262177
bfcl,bfcl/bfcl-live-multiple-236-106-2,bfcl-live-multiple-236-106-2,0.9317116336021712,0.06828836639782876,16,saturated,0.9625,0.9625,0.1053268721647044
financeagent_terminal,financeagent_terminal/financeagent-42,financeagent-42,0.9319226926925098,0.06807730730749018,16,medium,0.525,0.525,0.3864906208435076
crustbench,crustbench/crustbench-graph-recogniser,crustbench-graph-recogniser,0.9319656322436666,0.06803436775633342,14,easy,0.8375,0.8142857142857143,0.297266457809783
swebench-verified,swebench-verified/django__django-16333,django__django-16333,0.9320047362033815,0.06799526379661847,16,easy,0.85,0.85,0.2692582403567252
featurebench-modal,featurebench-modal/sphinx-doc__sphinx.e347e59c.test_build_gettext.2721e644.lv1,sphinx-doc__sphinx.e347e59c.test_build_gettext.2721e644.lv1,0.9320070332440739,0.06799296675592614,16,hard,0.125,0.125,0.2331844763272203
mmau,mmau/1910e3db-5030-4255-8b0d-053542050037,1910e3db-5030-4255-8b0d-053542050037,0.9320070332440744,0.06799296675592559,16,easy,0.875,0.875,0.2331844763272204
mmau,mmau/6aee68bf-6629-442b-981d-ae8195597c8e,6aee68bf-6629-442b-981d-ae8195597c8e,0.9320070332440744,0.06799296675592559,16,easy,0.875,0.875,0.3307189138830738
replicationbench,replicationbench/galaxy_soptics__soptics_validation_shi,galaxy_soptics__soptics_validation_shi,0.9320081323251725,0.06799186767482746,16,hard,0.2125,0.2125,0.3276335605520289
aider-polyglot,aider-polyglot/polyglot_java_book-store,polyglot_java_book-store,0.9320120641500851,0.06798793584991492,16,easy,0.7125,0.7125,0.3805834336909582
reasoning-gym,reasoning-gym/reasoning-gym-algorithmic-spiral-matrix-hard0292e21f-seed45-2,reasoning-gym-algorithmic-spiral-matrix-hard0292e21f-seed45-2,0.9320361959247042,0.06796380407529579,16,easy,0.8625,0.8625,0.261904085496962
reasoning-gym,reasoning-gym/reasoning-gym-induction-acre-easy00cea0a5-seed45-1,reasoning-gym-induction-acre-easy00cea0a5-seed45-1,0.9322547995477233,0.06774520045227672,16,easy,0.775,0.775,0.3230711995830021
reasoning-gym,reasoning-gym/reasoning-gym-induction-acre-hard0292e21f-seed45-1,reasoning-gym-induction-acre-hard0292e21f-seed45-1,0.9322547995477233,0.06774520045227672,16,easy,0.75,0.75,0.3278719262151
simpleqa,simpleqa/simpleqa-3129,simpleqa-3129,0.9322944450820392,0.06770555491796082,16,easy,0.9,0.9,0.187082869338697
reasoning-gym,reasoning-gym/reasoning-gym-algorithmic-game-of-life-halting-hard0292e21f-seed45-2,reasoning-gym-algorithmic-game-of-life-halting-hard0292e21f-seed45-2,0.9323390174974736,0.06766098250252639,16,easy,0.8125,0.8125,0.335177191944798
reasoning-gym,reasoning-gym/reasoning-gym-games-futoshiki-easy00cea0a5-seed45-2,reasoning-gym-games-futoshiki-easy00cea0a5-seed45-2,0.9323390174974736,0.06766098250252639,16,easy,0.8234375,0.8234375,0.2652635408301525
reasoning-gym,reasoning-gym/reasoning-gym-algorithmic-spell-backward-easy00cea0a5-seed45-1,reasoning-gym-algorithmic-spell-backward-easy00cea0a5-seed45-1,0.9324187715139107,0.06758122848608927,16,easy,0.9020833125,0.9020833125,0.2113017755831451
dacode,dacode/dacode-ml-multi-005,dacode-ml-multi-005,0.9324229066489138,0.06757709335108619,14,medium,0.6206740625,0.6090603571428571,0.3201525005336423
featurebench-modal,featurebench-modal/pypa__hatch.ff4b4040.test_fmt.782c88a8.lv1,pypa__hatch.ff4b4040.test_fmt.782c88a8.lv1,0.9324310720265808,0.06756892797341918,16,medium,0.3625,0.3625,0.4313858481684349
aider-polyglot,aider-polyglot/polyglot_go_error-handling,polyglot_go_error-handling,0.9324571813559805,0.06754281864401945,16,medium,0.59375,0.59375,0.4307968633822674
hle,hle/hle/hle__6736945a5a7f4f59e4731c4d,hle/hle__6736945a5a7f4f59e4731c4d,0.9325162688904735,0.06748373110952655,16,medium,0.6375,0.6375,0.3822221212855164
omnimath,omnimath/omnimath_1923,omnimath_1923,0.9325977026978376,0.0674022973021624,16,easy,0.8375,0.8375,0.2666341125962693
omnimath,omnimath/omnimath_226,omnimath_226,0.9325977026978376,0.0674022973021624,16,easy,0.8374999999999999,0.8374999999999999,0.2758509561339239
aider-polyglot,aider-polyglot/polyglot_javascript_alphametics,polyglot_javascript_alphametics,0.9326104315989825,0.06738956840101751,16,medium,0.6125,0.6125,0.3838538133196021
swebench-verified,swebench-verified/matplotlib__matplotlib-23412,matplotlib__matplotlib-23412,0.9326766474878351,0.06732335251216492,16,easy,0.8125,0.8125,0.342554740151118
scicode,scicode/scicode-35,scicode-35,0.9327107800082793,0.06728921999172066,16,easy,0.704166625,0.704166625,0.3170775278707234
scicode,scicode/scicode-49,scicode-49,0.9327107800082793,0.06728921999172066,16,medium,0.6703125,0.6703125,0.3348529003066122
omnimath,omnimath/omnimath_1319,omnimath_1319,0.9327696780867839,0.0672303219132161,16,easy,0.9375,0.9375,0.1165922381636101
arc-agi-2,arc-agi-2/446ef5d2_1,446ef5d2_1,0.932897294455825,0.06710270554417497,16,hard,0.2375,0.2375,0.3822221212855163
simpleqa,simpleqa/simpleqa-1471,simpleqa-1471,0.9329048754697039,0.06709512453029609,16,easy,0.8,0.8,0.33166247903554
reasoning-gym,reasoning-gym/reasoning-gym-logic-self-reference-hard0292e21f-seed45-2,reasoning-gym-logic-self-reference-hard0292e21f-seed45-2,0.9329290390811096,0.06707096091889042,16,easy,0.825,0.825,0.2537222891273055
reasoning-gym,reasoning-gym/reasoning-gym-algorithmic-game-of-life-halting-hard0292e21f-seed45-1,reasoning-gym-algorithmic-game-of-life-halting-hard0292e21f-seed45-1,0.9329290390811096,0.06707096091889042,16,easy,0.8625,0.8625,0.2891258376555095
hle,hle/hle/hle__670eeb9c997568ed4298871e,hle/hle__670eeb9c997568ed4298871e,0.9329557680044048,0.06704423199559517,16,medium,0.5625,0.5625,0.4136348026943574
financeagent_terminal,financeagent_terminal/financeagent-9,financeagent-9,0.9329713099455286,0.06702869005447143,16,easy,0.7625000000000001,0.7625000000000001,0.3479852726768763
crmarena,crmarena/crmarena_0125_knowledge_qa,crmarena_0125_knowledge_qa,0.9330480509058511,0.06695194909414892,16,medium,0.3959394375,0.3959394375,0.2100669295822669
crmarena,crmarena/crmarena_0313_top_issue_identification,crmarena_0313_top_issue_identification,0.9330480509058511,0.06695194909414892,16,medium,0.453125,0.453125,0.2666157991848945
gaia,gaia/384d0dd8-e8a4-4cfe-963c-d37f256e7662,384d0dd8-e8a4-4cfe-963c-d37f256e7662,0.9331389496316873,0.06686105036831269,16,hard,0.075,0.075,0.1984313483298443
gaia,gaia/023e9d44-96ae-4eed-b912-244ee8c3b994,023e9d44-96ae-4eed-b912-244ee8c3b994,0.9331389496316873,0.06686105036831269,16,hard,0.2,0.2,0.3240370349203931
widesearch,widesearch/widesearch/widesearch-ws-zh-033,widesearch/widesearch-ws-zh-033,0.9331423854032703,0.06685761459672968,16,medium,0.6664349375,0.6664349375,0.3771744809349627
hle,hle/hle/hle__66f79e7259706e88d28a23b5,hle/hle__66f79e7259706e88d28a23b5,0.9331914259942466,0.06680857400575335,16,hard,0.2625,0.2625,0.3789376597806029
reasoning-gym,reasoning-gym/reasoning-gym-algorithmic-string-insertion-hard0292e21f-seed45-2,reasoning-gym-algorithmic-string-insertion-hard0292e21f-seed45-2,0.9332133341975871,0.06678666580241288,16,easy,0.8125,0.8125,0.3119995993587172
crmarena,crmarena/crmarena_0413_case_routing,crmarena_0413_case_routing,0.9332565252573826,0.06674347474261744,16,medium,0.45,0.45,0.2598076211353316
gpqa-diamond,gpqa-diamond/187,187,0.9332565252573827,0.06674347474261733,16,easy,0.925,0.925,0.1391941090707505
gpqa-diamond,gpqa-diamond/60,60,0.9332565252573827,0.06674347474261733,16,easy,0.95,0.95,0.0866025403784438
replicationbench,replicationbench/abacus__lattice_force_error,abacus__lattice_force_error,0.9333333333333333,0.06666666666666665,16,hard,0.175,0.175,0.2904737509655563
featurebench-modal,featurebench-modal/huggingface__transformers.e2e8dbed.test_video_processing_auto.c41f8df4.lv1,huggingface__transformers.e2e8dbed.test_video_processing_auto.c41f8df4.lv1,0.9334221433767163,0.06657785662328375,16,hard,0.175,0.175,0.2537222891273055
featurebench-modal,featurebench-modal/pydantic__pydantic.e1dcaf9e.test_deprecated_fields.40a2ec54.lv1,pydantic__pydantic.e1dcaf9e.test_deprecated_fields.40a2ec54.lv1,0.9334221433767163,0.06657785662328375,16,hard,0.2625,0.2625,0.3655047879303361
lawbench,lawbench/lawbench-2-7-22-zero-shot,lawbench-2-7-22-zero-shot,0.9334644463819507,0.0665355536180493,16,hard,0.2288524375,0.2288524375,0.0683568780655691
lawbench,lawbench/lawbench-2-2-23-zero-shot,lawbench-2-2-23-zero-shot,0.9335046366780924,0.06649536332190764,16,medium,0.411875,0.411875,0.1367122319874853
lawbench,lawbench/lawbench-2-6-16-one-shot,lawbench-2-6-16-one-shot,0.9335046366780924,0.06649536332190764,16,easy,0.7112904375,0.7112904375,0.224647109845077
widesearch,widesearch/widesearch/widesearch-ws-en-057,widesearch/widesearch-ws-en-057,0.9335747853143923,0.06642521468560769,16,medium,0.571822375,0.571822375,0.2066922230427632
spreadsheetbench,spreadsheetbench/38462,38462,0.9336797789365083,0.06632022106349167,16,easy,0.7375,0.7375,0.3854785986277318
crmarena,crmarena/crmarena_0609_named_entity_disambiguation,crmarena_0609_named_entity_disambiguation,0.9336995618478526,0.06630043815214737,16,medium,0.35,0.35,0.3122498999199199
labbench,labbench/figqa-0155,figqa-0155,0.9338080130184587,0.06619198698154127,16,medium,0.4875,0.4875,0.4357106264483343
gso,gso/gso-python-pillow--pillow-f854676,gso-python-pillow--pillow-f854676,0.9338111374492665,0.06618886255073353,16,medium,0.6625,0.6625,0.3655047879303361
aider-polyglot,aider-polyglot/polyglot_go_word-search,polyglot_go_word-search,0.9338556704456124,0.06614432955438765,16,medium,0.3375,0.3375,0.4567206476611278
gaia,gaia/f918266a-b3e0-4914-865d-4faa564f1aef,f918266a-b3e0-4914-865d-4faa564f1aef,0.9339193270849286,0.06608067291507136,16,easy,0.8875,0.8875,0.1996089927833914
gaia,gaia/d1af70ea-a9a4-421a-b9cc-94b5e02f1788,d1af70ea-a9a4-421a-b9cc-94b5e02f1788,0.9339437775298515,0.06605622247014853,16,easy,0.7375,0.7375,0.391910385164772
simpleqa,simpleqa/simpleqa-476,simpleqa-476,0.9340311633932602,0.0659688366067398,16,easy,0.8125,0.8125,0.2595067436503336
hle,hle/hle/hle__671f0c2578ab3005e439aeba,hle/hle__671f0c2578ab3005e439aeba,0.934191885328677,0.06580811467132297,16,medium,0.6375,0.6375,0.4013648589500581
hle,hle/hle/hle__6723658569bb6b9a5a4499b0,hle/hle__6723658569bb6b9a5a4499b0,0.934191885328677,0.06580811467132297,16,medium,0.675,0.675,0.3992179855667828
swebench-verified,swebench-verified/sphinx-doc__sphinx-9258,sphinx-doc__sphinx-9258,0.9342703717622737,0.06572962823772632,16,medium,0.675,0.675,0.3799671038392666
lawbench,lawbench/lawbench-2-8-13-zero-shot,lawbench-2-8-13-zero-shot,0.9343802744775527,0.06561972552244733,16,medium,0.5293749999999999,0.5293749999999999,0.2338126587141936
lawbench,lawbench/lawbench-2-7-19-one-shot,lawbench-2-7-19-one-shot,0.9343802744775527,0.06561972552244733,16,hard,0.2587054375,0.2587054375,0.1058609884636266
hle,hle/hle/hle__66fd166eda2dbed1f5cc240b,hle/hle__66fd166eda2dbed1f5cc240b,0.9343810109523036,0.06561898904769636,16,medium,0.5125,0.5125,0.3603383826349893
scicode,scicode/scicode-13,scicode-13,0.9344082881682072,0.0655917118317928,16,hard,0.2941964374999999,0.2941964374999999,0.1463244400266787
widesearch,widesearch/widesearch/widesearch-ws-en-032,widesearch/widesearch-ws-en-032,0.9344972119100545,0.06550278808994547,16,medium,0.69890325,0.69890325,0.2366014862045196
swebench-verified,swebench-verified/django__django-11999,django__django-11999,0.9345412924117688,0.06545870758823125,16,medium,0.6625,0.6625,0.4456385867493972
dacode,dacode/dacode-plot-scatter-009,dacode-plot-scatter-009,0.9345713520542986,0.06542864794570136,14,hard,0.1125,0.1285714285714286,0.2461955419944869
kumo,kumo/mathematicalenv-t4-a6-v1-s1,mathematicalenv-t4-a6-v1-s1,0.9346202568200737,0.06537974317992634,16,easy,0.8999999999999999,0.8999999999999999,0.2121320343559642
kumo,kumo/transportenv-t4-a6-v1-s0,transportenv-t4-a6-v1-s0,0.9346202568200737,0.06537974317992634,16,easy,0.9125,0.9125,0.1576190026614811
omnimath,omnimath/omnimath_2033,omnimath_2033,0.9346202568200738,0.06537974317992623,16,easy,0.9125,0.9125,0.1576190026614811
gpqa-diamond,gpqa-diamond/139,139,0.9346506664911991,0.0653493335088009,16,easy,0.75,0.75,0.3427827300200522
omnimath,omnimath/omnimath_1869,omnimath_1869,0.9347414062716167,0.06525859372838327,16,easy,0.8250000000000001,0.8250000000000001,0.243669858620224
omnimath,omnimath/omnimath_317,omnimath_317,0.9347414062716167,0.06525859372838327,16,easy,0.7125,0.7125,0.338886042793149
reasoning-gym,reasoning-gym/reasoning-gym-games-maze-hard0292e21f-seed45-2,reasoning-gym-games-maze-hard0292e21f-seed45-2,0.9347524916134182,0.06524750838658178,16,easy,0.7749999999999999,0.7749999999999999,0.373329613076702
spider2,spider2/retail001,retail001,0.9348381542252767,0.06516184577472328,16,hard,0.2375,0.2375,0.3407253292609752
medagentbench,medagentbench/task2_24,task2_24,0.9348779544556214,0.06512204554437862,16,easy,0.8,0.8,0.282842712474619
medagentbench,medagentbench/task2_12,task2_12,0.9348779544556214,0.06512204554437862,16,easy,0.7875,0.7875,0.3119995993587171
medagentbench,medagentbench/task1_8,task1_8,0.9350346137570628,0.06496538624293724,16,easy,0.7375,0.7375,0.3139964171770117
aider-polyglot,aider-polyglot/polyglot_cpp_zebra-puzzle,polyglot_cpp_zebra-puzzle,0.935143800239036,0.06485619976096402,16,medium,0.7,0.7,0.3674234614174766
arc-agi-2,arc-agi-2/800d221b_0,800d221b_0,0.9352435606660622,0.06475643933393782,16,hard,0.075,0.075,0.1561249499599599
arc-agi-2,arc-agi-2/0934a4d8_0,0934a4d8_0,0.9352435606660622,0.06475643933393782,16,hard,0.1375,0.1375,0.220439901106855
reasoning-gym,reasoning-gym/reasoning-gym-induction-list-functions-easy00cea0a5-seed45-1,reasoning-gym-induction-list-functions-easy00cea0a5-seed45-1,0.9352777371179429,0.06472226288205707,16,easy,0.94375,0.94375,0.1321398406991623
financeagent_terminal,financeagent_terminal/financeagent-4,financeagent-4,0.9353494223396122,0.06465057766038784,16,easy,0.7124999999999999,0.7124999999999999,0.3672107705392096
spreadsheetbench,spreadsheetbench/9111,9111,0.9353763757929274,0.06462362420707257,16,easy,0.7375,0.7375,0.3295356581616017
labbench,labbench/figqa-0060,figqa-0060,0.9354151123218692,0.06458488767813075,16,hard,0.2875,0.2875,0.3533323506275642
dacode,dacode/dacode-ml-binary-013,dacode-ml-binary-013,0.9354709638216142,0.06452903617838579,14,easy,0.86944075,0.8556165,0.2078496236371553
replicationbench,replicationbench/chandra_representation__2dae_embedding,chandra_representation__2dae_embedding,0.9354945537115703,0.06450544628842969,16,hard,0.0625,0.0625,0.1363589014329464
kumo,kumo/spiceenv-t4-a6-v1-s1,spiceenv-t4-a6-v1-s1,0.9354945537115704,0.06450544628842958,16,easy,0.9375,0.9375,0.1363589014329464
humanevalfix,humanevalfix/python-74,python-74,0.9354945537115705,0.06450544628842947,16,easy,0.9375,0.9375,0.1363589014329464
featurebench-modal,featurebench-modal/pandas-dev__pandas.82fa2715.test_concat.ebe5de39.lv1,pandas-dev__pandas.82fa2715.test_concat.ebe5de39.lv1,0.9354954362814945,0.06450456371850555,16,medium,0.4,0.4,0.412310562561766
algotune,algotune/algotune-min-weight-assignment,algotune-min-weight-assignment,0.9355069536884433,0.06449304631155672,16,hard,0.0807920625,0.0807920625,0.0985761111384679
spreadsheetbench,spreadsheetbench/44296,44296,0.9355880337605954,0.0644119662394046,16,easy,0.8,0.8,0.3
reasoning-gym,reasoning-gym/reasoning-gym-algorithmic-palindrome-partitioning-hard0292e21f-seed45-1,reasoning-gym-algorithmic-palindrome-partitioning-hard0292e21f-seed45-1,0.9356274864999682,0.06437251350003181,16,easy,0.76875,0.76875,0.3273353593793374
gpqa-diamond,gpqa-diamond/189,189,0.9356457396854704,0.06435426031452962,16,easy,0.9375,0.9375,0.1165922381636101
featurebench-modal,featurebench-modal/pytest-dev__pytest.68016f0e.raises_group.c28bf36a.lv1,pytest-dev__pytest.68016f0e.raises_group.c28bf36a.lv1,0.93579614077452,0.06420385922548,16,hard,0.2875,0.2875,0.3314268395890713
featurebench-modal,featurebench-modal/astropy__astropy.b0db0daa.test_compression_failures.48dc420b.lv1,astropy__astropy.b0db0daa.test_compression_failures.48dc420b.lv1,0.9358356972287741,0.06416430277122587,16,medium,0.3,0.3,0.3872983346207417
featurebench-modal,featurebench-modal/astropy__astropy.b0db0daa.test_table.48eef659.lv1,astropy__astropy.b0db0daa.test_table.48eef659.lv1,0.9358356972287741,0.06416430277122587,16,hard,0.2125,0.2125,0.3276335605520289
reasoning-gym,reasoning-gym/reasoning-gym-algorithmic-rotate-matrix-easy00cea0a5-seed45-0,reasoning-gym-algorithmic-rotate-matrix-easy00cea0a5-seed45-0,0.9358609871586909,0.06413901284130907,16,saturated,0.959375,0.959375,0.1107061848994897
hle,hle/hle/hle__6734d0fd45aa0757a21c4ddc,hle/hle__6734d0fd45aa0757a21c4ddc,0.9358770306377961,0.06412296936220385,16,hard,0.275,0.275,0.3929058411375428
hle,hle/hle/hle__6735a2d69caf928ddf5957ed,hle/hle__6735a2d69caf928ddf5957ed,0.9358770306377961,0.06412296936220385,16,medium,0.3375,0.3375,0.4342738191510052
dacode,dacode/dacode-di-text-029,dacode-di-text-029,0.9358841106406518,0.0641158893593482,14,hard,0.125,0.1428571428571428,0.2194613070819602
hle,hle/hle/hle__6701a951f96e98d9d4df3e02,hle/hle__6701a951f96e98d9d4df3e02,0.9359196642662428,0.06408033573375715,16,medium,0.4875,0.4875,0.4470388685561917
hle,hle/hle/hle__6736d80ac3870d903d810cb3,hle/hle__6736d80ac3870d903d810cb3,0.9359196642662428,0.06408033573375715,16,medium,0.5874999999999999,0.5874999999999999,0.4328322423295196
swebench-verified,swebench-verified/sphinx-doc__sphinx-8621,sphinx-doc__sphinx-8621,0.9359713934018478,0.06402860659815224,16,easy,0.7124999999999999,0.7124999999999999,0.3461845606031557
featurebench-modal,featurebench-modal/pydata__xarray.97f3a746.test_range_index.7b95ba66.lv1,pydata__xarray.97f3a746.test_range_index.7b95ba66.lv1,0.9359875269989189,0.06401247300108115,16,hard,0.2125,0.2125,0.3199120973017432
featurebench-modal,featurebench-modal/huggingface__trl.02a34777.test_data_utils.827a9d15.lv1,huggingface__trl.02a34777.test_data_utils.827a9d15.lv1,0.9359875269989189,0.06401247300108115,16,hard,0.15,0.15,0.2692582403567252
reasoning-gym,reasoning-gym/reasoning-gym-games-maze-easy00cea0a5-seed45-2,reasoning-gym-games-maze-easy00cea0a5-seed45-2,0.9360696239349259,0.06393037606507412,16,easy,0.8875,0.8875,0.2735758578529911
lawbench,lawbench/lawbench-3-5-18-zero-shot,lawbench-3-5-18-zero-shot,0.9361811041866099,0.06381889581339006,16,easy,0.7386427499999999,0.7386427499999999,0.2492943629550967
lawbench,lawbench/lawbench-3-2-8-one-shot,lawbench-3-2-8-one-shot,0.9362509739927533,0.06374902600724675,16,medium,0.328843625,0.328843625,0.1833510649968643
swebench-verified,swebench-verified/matplotlib__matplotlib-24627,matplotlib__matplotlib-24627,0.9362816758985387,0.06371832410146128,16,easy,0.8,0.8,0.3162277660168379
aider-polyglot,aider-polyglot/polyglot_go_two-bucket,polyglot_go_two-bucket,0.9362836641939926,0.06371633580600744,16,medium,0.6125,0.6125,0.4151430476353904
labbench,labbench/figqa-0150,figqa-0150,0.9363817097415507,0.06361829025844934,16,hard,0.1375,0.1375,0.2803457686500725
reasoning-gym,reasoning-gym/reasoning-gym-arithmetic-calendar-arithmetic-easy00cea0a5-seed45-0,reasoning-gym-arithmetic-calendar-arithmetic-easy00cea0a5-seed45-0,0.9364546686562041,0.06354533134379592,16,easy,0.93125,0.93125,0.1794392306604104
reasoning-gym,reasoning-gym/reasoning-gym-arithmetic-decimal-chain-sum-hard0292e21f-seed45-1,reasoning-gym-arithmetic-decimal-chain-sum-hard0292e21f-seed45-1,0.9364546686562041,0.06354533134379592,16,easy,0.925,0.925,0.1984313483298443
swebench-verified,swebench-verified/scikit-learn__scikit-learn-14496,scikit-learn__scikit-learn-14496,0.9365079365079364,0.0634920634920636,16,easy,0.925,0.925,0.1984313483298443
crmarena,crmarena/crmarena_0543_named_entity_disambiguation,crmarena_0543_named_entity_disambiguation,0.9365668137052109,0.06343318629478911,16,medium,0.45,0.45,0.3570714214271425
crmarena,crmarena/crmarena_0463_case_routing,crmarena_0463_case_routing,0.9366548306310107,0.06334516936898926,16,medium,0.45,0.45,0.3278719262151
crmarena,crmarena/crmarena_0511_case_routing,crmarena_0511_case_routing,0.9366548306310107,0.06334516936898926,16,medium,0.3875,0.3875,0.2869560070812249
gpqa-diamond,gpqa-diamond/176,176,0.936693458936981,0.06330654106301903,16,easy,0.8125,0.8125,0.3276335605520289
replicationbench,replicationbench/trgb_std_candle__aseq_bseq_trgb,trgb_std_candle__aseq_bseq_trgb,0.936727633682326,0.06327236631767397,16,hard,0.05,0.05,0.1936491673103708
replicationbench,replicationbench/disk_ridges__peak_mean_vz_all,disk_ridges__peak_mean_vz_all,0.936727633682326,0.06327236631767397,16,hard,0.1124999999999999,0.1124999999999999,0.2446298223847615
pixiu,pixiu/pixiu-fomc-fomc5,pixiu-fomc-fomc5,0.9368155400238732,0.06318445997612676,16,easy,0.9375,0.9375,0.1536025715930563
bfcl,bfcl/bfcl-live-multiple-350-133-14,bfcl-live-multiple-350-133-14,0.9368155400238732,0.06318445997612676,16,saturated,0.9625,0.9625,0.1053268721647044
bfcl,bfcl/bfcl-live-multiple-470-145-21,bfcl-live-multiple-470-145-21,0.9368155400238732,0.06318445997612676,16,easy,0.9375,0.9375,0.1536025715930563
bfcl,bfcl/bfcl-simple-python-161,bfcl-simple-python-161,0.9368155400238732,0.06318445997612676,16,easy,0.9375,0.9375,0.1536025715930563
bfcl,bfcl/bfcl-simple-python-325,bfcl-simple-python-325,0.9368155400238732,0.06318445997612676,16,easy,0.9375,0.9375,0.1536025715930563
gaia,gaia/8131e2c0-0083-4265-9ce7-78c2d568425d,8131e2c0-0083-4265-9ce7-78c2d568425d,0.9369015248084727,0.06309847519152734,16,hard,0.175,0.175,0.3072051431861127
labbench,labbench/figqa-0030,figqa-0030,0.9369361565865677,0.0630638434134323,16,hard,0.1875,0.1875,0.335177191944798
medagentbench,medagentbench/task6_14,task6_14,0.936937577933239,0.06306242206676105,16,easy,0.8374999999999999,0.8374999999999999,0.2570870475150392
arc-agi-2,arc-agi-2/221dfab4_1,221dfab4_1,0.9369757051953752,0.06302429480462479,16,hard,0.125,0.125,0.1984313483298443
usaco,usaco/241,241,0.9370353067317999,0.06296469326820009,16,easy,0.928125,0.928125,0.1870567677872148
bfcl,bfcl/bfcl-parallel-7,bfcl-parallel-7,0.9370461138368241,0.06295388616317588,16,saturated,0.9625,0.9625,0.0780624749799799
gaia2,gaia2/gaia2-cli/0296_yxauylkdn61cesadi3fx0zplw3pfd0qg,gaia2-cli/0296_yxauylkdn61cesadi3fx0zplw3pfd0qg,0.9371736397968785,0.06282636020312149,16,medium,0.7,0.7,0.3605551275463989
gaia2,gaia2/gaia2-cli/0372_taworjcthb3xmix9oqkic91dw4enok52,gaia2-cli/0372_taworjcthb3xmix9oqkic91dw4enok52,0.9371736397968785,0.06282636020312149,16,medium,0.313636125,0.313636125,0.1762205561245888
lawbench,lawbench/lawbench-3-4-8-zero-shot,lawbench-3-4-8-zero-shot,0.9372548821411613,0.06274511785883874,16,easy,0.729699875,0.729699875,0.2914458381350372
dacode,dacode/dacode-dm-csv-023,dacode-dm-csv-023,0.9372576023920284,0.06274239760797162,14,hard,0.125,0.1428571428571428,0.2969229955832361
usaco,usaco/641,641,0.9373474664028923,0.06265253359710765,16,easy,0.8375,0.8375,0.2847696437473629
crmarena,crmarena/crmarena_0453_case_routing,crmarena_0453_case_routing,0.937356727208187,0.06264327279181303,16,medium,0.4875,0.4875,0.2997394702070449
reasoning-gym,reasoning-gym/reasoning-gym-algorithmic-palindrome-generation-easy00cea0a5-seed45-1,reasoning-gym-algorithmic-palindrome-generation-easy00cea0a5-seed45-1,0.9373940348957784,0.06260596510422156,16,easy,0.9315,0.9315,0.135402178712161
lawbench,lawbench/lawbench-2-7-6-zero-shot,lawbench-2-7-6-zero-shot,0.9374397785807974,0.06256022141920259,16,medium,0.3536514375,0.3536514375,0.079788940419372
reasoning-gym,reasoning-gym/reasoning-gym-games-puzzle24-hard0292e21f-seed45-2,reasoning-gym-games-puzzle24-hard0292e21f-seed45-2,0.9375474912519784,0.06245250874802155,16,easy,0.937875,0.937875,0.1522916096671119
reasoning-gym,reasoning-gym/reasoning-gym-induction-list-functions-hard0292e21f-seed45-2,reasoning-gym-induction-list-functions-hard0292e21f-seed45-2,0.9375474912519784,0.06245250874802155,16,easy,0.8375,0.8375,0.2768561198729856
swesmith,swesmith/oauthlib__oauthlib.1fd52536.combine_file__ijavl1dh,oauthlib__oauthlib.1fd52536.combine_file__ijavl1dh,0.9375893615622122,0.062410638437787824,16,medium,0.3125,0.3125,0.3739568825412898
scicode,scicode/scicode-65,scicode-65,0.9376259756569686,0.06237402434303141,16,medium,0.6416666249999999,0.6416666249999999,0.2498610044161741
scicode,scicode/scicode-77,scicode-77,0.9376259756569686,0.06237402434303141,16,medium,0.488541625,0.488541625,0.2424354970414489
widesearch,widesearch/widesearch/widesearch-ws-zh-091,widesearch/widesearch-ws-zh-091,0.9376476196641876,0.06235238033581236,16,medium,0.556883875,0.556883875,0.2757967939574975
widesearch,widesearch/widesearch/widesearch-ws-zh-096,widesearch/widesearch-ws-zh-096,0.9376476196641876,0.06235238033581236,16,medium,0.6428542500000001,0.6428542500000001,0.269166026754051
gpqa-diamond,gpqa-diamond/106,106,0.9376626619449207,0.06233733805507935,16,hard,0.125,0.125,0.2106537443294089
gpqa-diamond,gpqa-diamond/34,34,0.9376626619449207,0.06233733805507935,16,easy,0.8625,0.8625,0.2420614591379635
arc-agi-2,arc-agi-2/135a2760_0,135a2760_0,0.937797937761596,0.062202062238403966,16,medium,0.425,0.425,0.3929058411375427
hle,hle/hle/hle__671f84c91d893bdd9af05be5,hle/hle__671f84c91d893bdd9af05be5,0.937876184122976,0.06212381587702398,16,hard,0.25,0.25,0.3278719262151
terminal-bench,terminal-bench/headless-terminal,headless-terminal,0.9379247891066206,0.06207521089337942,16,easy,0.825,0.825,0.3455068740271313
terminal-bench,terminal-bench/vulnerable-secret,vulnerable-secret,0.9379247891066206,0.06207521089337942,16,easy,0.85,0.85,0.3278719262151
mmmlu,mmmlu/mmmlu-ko-kr-00108,mmmlu-ko-kr-00108,0.93795391980984,0.06204608019016,16,medium,0.425,0.425,0.4175823272122516
reasoning-gym,reasoning-gym/reasoning-gym-algorithmic-binary-alternation-hard0292e21f-seed45-1,reasoning-gym-algorithmic-binary-alternation-hard0292e21f-seed45-1,0.9380005619183809,0.06199943808161912,16,easy,0.8218749999999999,0.8218749999999999,0.2909943889063842
reasoning-gym,reasoning-gym/reasoning-gym-algorithmic-string-synthesis-easy00cea0a5-seed45-2,reasoning-gym-algorithmic-string-synthesis-easy00cea0a5-seed45-2,0.9380005619183809,0.06199943808161912,16,easy,0.8968750000000001,0.8968750000000001,0.1754180275085773
reasoning-gym,reasoning-gym/reasoning-gym-graphs-course-schedule-hard0292e21f-seed45-1,reasoning-gym-graphs-course-schedule-hard0292e21f-seed45-1,0.9380020780159529,0.06199792198404708,16,easy,0.8625,0.8625,0.2712816801776338
widesearch,widesearch/widesearch/widesearch-ws-en-033,widesearch/widesearch-ws-en-033,0.9381223090627228,0.06187769093727724,16,easy,0.78783325,0.78783325,0.2545305438450609
arc-agi-2,arc-agi-2/fc7cae8d_0,fc7cae8d_0,0.9381472827573464,0.06185271724265362,16,hard,0.1125,0.1125,0.2117634293262177
arc-agi-2,arc-agi-2/2d0172a1_0,2d0172a1_0,0.9381472827573464,0.06185271724265362,16,hard,0.1375,0.1375,0.261904085496962
reasoning-gym,reasoning-gym/reasoning-gym-arithmetic-dice-hard0292e21f-seed45-1,reasoning-gym-arithmetic-dice-hard0292e21f-seed45-1,0.9381828018756861,0.061817198124313855,16,easy,0.8625,0.8625,0.1964529205687713
financeagent_terminal,financeagent_terminal/financeagent-14,financeagent-14,0.9382716611469702,0.06172833885302975,16,medium,0.6499999999999999,0.6499999999999999,0.3570714214271425
lawbench,lawbench/lawbench-1-2-20-one-shot,lawbench-1-2-20-one-shot,0.9382824217438919,0.06171757825610813,16,easy,0.73125,0.73125,0.2390573937363159
lawbench,lawbench/lawbench-2-5-16-zero-shot,lawbench-2-5-16-zero-shot,0.938323599310135,0.06167640068986502,16,medium,0.6694378750000001,0.6694378750000001,0.1732680193399358
aider-polyglot,aider-polyglot/polyglot_python_grep,polyglot_python_grep,0.9384328883427384,0.061567111657261586,16,medium,0.5,0.5,0.458257569495584
bfcl,bfcl/bfcl-live-multiple-749-169-4,bfcl-live-multiple-749-169-4,0.9384702894295824,0.06152971057041756,16,easy,0.925,0.925,0.1391941090707505
gpqa-diamond,gpqa-diamond/47,47,0.938471702468709,0.061528297531290965,16,medium,0.675,0.675,0.373329613076702
reasoning-gym,reasoning-gym/reasoning-gym-algorithmic-spiral-matrix-hard0292e21f-seed45-1,reasoning-gym-algorithmic-spiral-matrix-hard0292e21f-seed45-1,0.9384717024687096,0.06152829753129041,16,easy,0.84375,0.84375,0.2849753278794499
scicode,scicode/scicode-50,scicode-50,0.9385801188918256,0.06141988110817442,16,medium,0.45546875,0.45546875,0.2107913266679573
spreadsheetbench,spreadsheetbench/45372,45372,0.9386011194846129,0.06139888051538711,16,easy,0.7250000000000001,0.7250000000000001,0.359687364248454
medagentbench,medagentbench/task4_15,task4_15,0.9386242628354593,0.0613757371645407,16,easy,0.7875000000000001,0.7875000000000001,0.2689679348918752
medagentbench,medagentbench/task4_13,task4_13,0.9386242628354593,0.0613757371645407,16,easy,0.725,0.725,0.323071199583002
reasoning-gym,reasoning-gym/reasoning-gym-graphs-shortest-path-hard0292e21f-seed45-0,reasoning-gym-graphs-shortest-path-hard0292e21f-seed45-0,0.9386489176815187,0.0613510823184813,16,easy,0.7124999999999999,0.7124999999999999,0.3805834336909582
reasoning-gym,reasoning-gym/reasoning-gym-graphs-shortest-path-hard0292e21f-seed45-2,reasoning-gym-graphs-shortest-path-hard0292e21f-seed45-2,0.9386489176815187,0.0613510823184813,16,easy,0.7625,0.7625,0.3407253292609752
quixbugs,quixbugs/quixbugs-java-mergesort,quixbugs-java-mergesort,0.9386637181089305,0.061336281891069544,16,saturated,0.95625,0.95625,0.127322179921646
labbench,labbench/figqa-0127,figqa-0127,0.9387087006158044,0.06129129938419564,16,medium,0.5375000000000001,0.5375000000000001,0.3982383080518497
labbench,labbench/figqa-0047,figqa-0047,0.938825233086936,0.061174766913064005,16,hard,0.2624999999999999,0.2624999999999999,0.3789376597806029
labbench,labbench/figqa-0131,figqa-0131,0.938825233086936,0.061174766913064005,16,hard,0.2,0.2,0.316227766016838
gaia,gaia/c3a79cfe-8206-451f-aca8-3fec8ebe51d3,c3a79cfe-8206-451f-aca8-3fec8ebe51d3,0.9388310886696688,0.0611689113303312,16,medium,0.6125,0.6125,0.4151430476353904
gaia,gaia/ed58682d-bc52-4baa-9eb0-4eb81e1edacc,ed58682d-bc52-4baa-9eb0-4eb81e1edacc,0.9388310886696688,0.0611689113303312,16,medium,0.65,0.65,0.4153311931459037
dacode,dacode/dacode-di-csv-033,dacode-di-csv-033,0.9388734438422441,0.06112655615775586,14,easy,0.8375,0.8142857142857143,0.3159049198213712
lawbench,lawbench/lawbench-3-5-24-one-shot,lawbench-3-5-24-one-shot,0.9388890551752562,0.061110944824743774,16,medium,0.6742716875000001,0.6742716875000001,0.2482772017865612
usaco,usaco/547,547,0.9388976237642334,0.06110237623576664,16,easy,0.721875,0.721875,0.386073483128536
usaco,usaco/398,398,0.9389158011040613,0.061084198895938746,16,easy,0.8999999999999999,0.8999999999999999,0.2549509756796392
reasoning-gym,reasoning-gym/reasoning-gym-arithmetic-power-function-easy00cea0a5-seed45-1,reasoning-gym-arithmetic-power-function-easy00cea0a5-seed45-1,0.9391452784510016,0.0608547215489984,16,easy,0.912625,0.912625,0.1726726943526393
research-code-bench,research-code-bench/fractalgen_sample_image,fractalgen_sample_image,0.9391657564844658,0.060834243515534236,16,medium,0.3375,0.3375,0.410601692641421
spreadsheetbench,spreadsheetbench/57113,57113,0.9392344124679112,0.06076558753208883,16,easy,0.825,0.825,0.2817356917396161
labbench,labbench/figqa-0120,figqa-0120,0.9392516824650726,0.060748317534927376,16,medium,0.425,0.425,0.4054318685056713
crmarena,crmarena/crmarena_0233_monthly_trend_analysis,crmarena_0233_monthly_trend_analysis,0.9392960775894178,0.0607039224105822,16,medium,0.45,0.45,0.2958039891549808
crmarena,crmarena/crmarena_0783_transfer_count,crmarena_0783_transfer_count,0.9393364366277246,0.06066356337227541,16,medium,0.3,0.3,0.2738612787525831
simpleqa,simpleqa/simpleqa-1957,simpleqa-1957,0.9393368653575007,0.06066313464249928,16,easy,0.7875,0.7875,0.3199120973017431
swebenchpro,swebenchpro/instance_future-architect__vuls-54e73c2f5466ef5daec3fb30922b9ac654e4ed25,instance_future-architect__vuls-54e73c2f5466ef5daec3fb30922b9ac654e4ed25,0.9395908594125563,0.06040914058744373,16,medium,0.6499999999999999,0.6499999999999999,0.4031128874149275
gpqa-diamond,gpqa-diamond/28,28,0.9396096688581205,0.06039033114187953,16,easy,0.8625,0.8625,0.2204399011068549
deepsynth,deepsynth/13,13,0.9396302401745339,0.06036975982546611,16,medium,0.604166625,0.604166625,0.4317076561137575
gaia,gaia/7619a514-5fa8-43ef-9143-83b66a43d7a4,7619a514-5fa8-43ef-9143-83b66a43d7a4,0.9397203156790135,0.060279684320986515,16,medium,0.6875,0.6875,0.4060095442227929
gaia,gaia/33d8ea3b-6c6b-4ff1-803d-7e270dea8a57,33d8ea3b-6c6b-4ff1-803d-7e270dea8a57,0.9397203156790135,0.060279684320986515,16,easy,0.7250000000000001,0.7250000000000001,0.2989565185775349
labbench,labbench/figqa-0117,figqa-0117,0.9397285620618893,0.06027143793811074,16,hard,0.1125,0.1125,0.2735758578529911
lawbench,lawbench/lawbench-2-1-10-one-shot,lawbench-2-1-10-one-shot,0.9397830067290827,0.06021699327091734,16,medium,0.5081175,0.5081175,0.2534135123543138
simpleqa,simpleqa/simpleqa-1759,simpleqa-1759,0.9398272507881654,0.060172749211834575,16,easy,0.8875,0.8875,0.2117634293262177
aider-polyglot,aider-polyglot/polyglot_rust_nucleotide-codons,polyglot_rust_nucleotide-codons,0.9398484761515113,0.06015152384848865,16,easy,0.8999999999999999,0.8999999999999999,0.187082869338697
aider-polyglot,aider-polyglot/polyglot_java_react,polyglot_java_react,0.9398484761515113,0.06015152384848865,16,easy,0.8125,0.8125,0.3199120973017432
crmarena,crmarena/crmarena_0624_named_entity_disambiguation,crmarena_0624_named_entity_disambiguation,0.9398953991506387,0.06010460084936131,16,medium,0.4,0.4,0.291547594742265
crmarena,crmarena/crmarena_0778_handle_time,crmarena_0778_handle_time,0.9398953991506387,0.06010460084936131,16,medium,0.4,0.4,0.2645751311064591
labbench,labbench/figqa-0015,figqa-0015,0.9399879205622507,0.06001207943774933,16,hard,0.1124999999999999,0.1124999999999999,0.186664806538351
labbench,labbench/figqa-0139,figqa-0139,0.9399879205622507,0.06001207943774933,16,hard,0.175,0.175,0.3152380053229622
reasoning-gym,reasoning-gym/reasoning-gym-graphs-largest-island-hard0292e21f-seed45-0,reasoning-gym-graphs-largest-island-hard0292e21f-seed45-0,0.9400174972670783,0.059982502732921716,16,easy,0.7125,0.7125,0.4060095442227929
reasoning-gym,reasoning-gym/reasoning-gym-games-mahjong-puzzle-hard0292e21f-seed45-1,reasoning-gym-games-mahjong-puzzle-hard0292e21f-seed45-1,0.9400174972670783,0.059982502732921716,16,easy,0.7749999999999999,0.7749999999999999,0.3152380053229622
hle,hle/hle/hle__6700a5f67899925724a8fa81,hle/hle__6700a5f67899925724a8fa81,0.940018142828945,0.059981857171054975,16,medium,0.3249999999999999,0.3249999999999999,0.3526683994916471
spreadsheetbench,spreadsheetbench/37456,37456,0.9400405071833,0.05995949281669999,16,medium,0.6875,0.6875,0.3998046397929869
featurebench-modal,featurebench-modal/huggingface__accelerate.a73fd3a1.test_big_modeling.a10a845e.lv1,huggingface__accelerate.a73fd3a1.test_big_modeling.a10a845e.lv1,0.9401041466770592,0.059895853322940784,16,medium,0.3125,0.3125,0.3998046397929869
scicode,scicode/scicode-78,scicode-78,0.9401100104095964,0.05988998959040359,16,easy,0.85,0.85,0.3354101966249684
swesmith,swesmith/oauthlib__oauthlib.1fd52536.combine_file__kacru9dp,oauthlib__oauthlib.1fd52536.combine_file__kacru9dp,0.9401848709401432,0.05981512905985675,16,hard,0.125,0.125,0.2331844763272204
swtbench,swtbench/pytest-dev__pytest-5631,pytest-dev__pytest-5631,0.9402154583898887,0.059784541610111264,15,medium,0.496875,0.49,0.3465063731977619
swtbench,swtbench/sympy__sympy-17630,sympy__sympy-17630,0.9402154583898887,0.059784541610111264,15,medium,0.6458333125,0.6355555333333334,0.4173047127803003
widesearch,widesearch/widesearch/widesearch-ws-zh-070,widesearch/widesearch-ws-zh-070,0.9403014508040736,0.05969854919592643,16,medium,0.675625,0.675625,0.2950696686801271
ineqmath,ineqmath/67,67,0.9403038698702846,0.05969613012971542,16,easy,0.73125,0.73125,0.2686046118368037
ineqmath,ineqmath/98,98,0.9403038698702846,0.05969613012971542,16,medium,0.65,0.65,0.2783882181415011
livecodebench,livecodebench/3455,3455,0.9403320240154186,0.0596679759845814,16,easy,0.875,0.875,0.2727178028658928
lawbench,lawbench/lawbench-3-6-21-zero-shot,lawbench-3-6-21-zero-shot,0.9403354078711191,0.05966459212888087,16,medium,0.559375,0.559375,0.1904425356242664
aider-polyglot,aider-polyglot/polyglot_python_phone-number,polyglot_python_phone-number,0.9404111564611899,0.05958884353881011,16,medium,0.325,0.325,0.3992179855667828
gpqa-diamond,gpqa-diamond/36,36,0.9405617933803965,0.05943820661960353,16,easy,0.725,0.725,0.3799671038392666
labbench,labbench/figqa-0160,figqa-0160,0.9407044024712755,0.059295597528724486,16,medium,0.3,0.3,0.3741657386773941
widesearch,widesearch/widesearch/widesearch-ws-zh-084,widesearch/widesearch-ws-zh-084,0.9407061225764742,0.059293877423525765,16,easy,0.74046875,0.74046875,0.2491923967257779
featurebench-modal,featurebench-modal/mwaskom__seaborn.7001ebe7.test_bar.123ed709.lv1,mwaskom__seaborn.7001ebe7.test_bar.123ed709.lv1,0.9407177221546961,0.05928227784530393,16,medium,0.35,0.35,0.4031128874149275
scicode,scicode/scicode-58,scicode-58,0.9407383730333013,0.05926162696669868,16,medium,0.58625,0.58625,0.2922942652533573
hle,hle/hle/hle__66ef37d1e2195ad810081d37,hle/hle__66ef37d1e2195ad810081d37,0.9407481565179283,0.05925184348207169,16,medium,0.35,0.35,0.3905124837953327
hle,hle/hle/hle__673cf4fe0a06bbe311425068,hle/hle__673cf4fe0a06bbe311425068,0.9407481565179283,0.05925184348207169,16,medium,0.3875,0.3875,0.4270172713134681
algotune,algotune/algotune-fft-real-scipy-fftpack,algotune-fft-real-scipy-fftpack,0.9408720451571724,0.059127954842827624,16,hard,0.1983825625,0.1983825625,0.1847734746432671
algotune,algotune/algotune-dct-type-i-scipy-fftpack,algotune-dct-type-i-scipy-fftpack,0.9408720451571724,0.059127954842827624,16,medium,0.38145525,0.38145525,0.3374729536993483
dacode,dacode/dacode-data-wrangling-014,dacode-data-wrangling-014,0.9408971041278339,0.059102895872166106,14,hard,0.059011625,0.0674418571428571,0.1241925530542087
aider-polyglot,aider-polyglot/polyglot_javascript_tournament,polyglot_javascript_tournament,0.9409388150451314,0.05906118495486856,16,easy,0.8,0.8,0.2738612787525831
usaco,usaco/1060,1060,0.9409491404231641,0.05905085957683587,16,easy,0.925,0.925,0.1561249499599599
dacode,dacode/dacode-data-sa-035,dacode-data-sa-035,0.9409570529969349,0.059042947003065116,14,medium,0.6375,0.6214285714285716,0.3801852394906075
terminal-bench,terminal-bench/feal-differential-cryptanalysis,feal-differential-cryptanalysis,0.9410051902395709,0.058994809760429145,16,medium,0.575,0.575,0.44087980221371
hle,hle/hle/hle__672a80a432cd57d8762583e9,hle/hle__672a80a432cd57d8762583e9,0.9410129263367973,0.05898707366320266,16,medium,0.675,0.675,0.3992179855667828
featurebench-modal,featurebench-modal/pandas-dev__pandas.82fa2715.test_merge_antijoin.921feefe.lv1,pandas-dev__pandas.82fa2715.test_merge_antijoin.921feefe.lv1,0.9410217326331659,0.05897826736683409,16,hard,0.2875,0.2875,0.3935019059674298
arc-agi-2,arc-agi-2/38007db0_1,38007db0_1,0.9410664521003924,0.058933547899607586,16,medium,0.6375,0.6375,0.4428247395979588
simpleqa,simpleqa/simpleqa-221,simpleqa-221,0.9410920412812449,0.058907958718755093,16,easy,0.75,0.75,0.3708099243547831
aider-polyglot,aider-polyglot/polyglot_javascript_connect,polyglot_javascript_connect,0.9411306743198254,0.058869325680174556,16,medium,0.575,0.575,0.4293891009329417
simpleqa,simpleqa/simpleqa-2553,simpleqa-2553,0.9411809812383738,0.05881901876162621,16,easy,0.8,0.8,0.3391164991562634
ineqmath,ineqmath/76,76,0.9412210259827961,0.05877897401720389,16,easy,0.85625,0.85625,0.2524102563288584
widesearch,widesearch/widesearch/widesearch-ws-zh-010,widesearch/widesearch-ws-zh-010,0.9414155910306914,0.05858440896930861,16,hard,0.0905863124999999,0.0905863124999999,0.1540365173399309
widesearch,widesearch/widesearch/widesearch-ws-zh-006,widesearch/widesearch-ws-zh-006,0.9414155910306914,0.05858440896930861,16,hard,0.1416538749999999,0.1416538749999999,0.1191847876444782
swe-lancer,swe-lancer/18688-manager-0,18688-manager-0,0.9414479931205458,0.058552006879454166,16,medium,0.625,0.625,0.4408798022137099
swe-lancer,swe-lancer/41340-manager-0,41340-manager-0,0.9414479931205458,0.058552006879454166,16,medium,0.575,0.575,0.4351723796382303
research-code-bench,research-code-bench/eomt_initialize_tracking_variables,eomt_initialize_tracking_variables,0.941447993120546,0.058552006879454055,16,medium,0.325,0.325,0.4351723796382303
dacode,dacode/dacode-data-wrangling-052,dacode-data-wrangling-052,0.9415988721653308,0.05840112783466922,14,easy,0.925,0.9142857142857144,0.1641303613296579
lawbench,lawbench/lawbench-2-4-3-zero-shot,lawbench-2-4-3-zero-shot,0.9416004756602425,0.05839952433975748,16,medium,0.635625,0.635625,0.1178435801178833
mmmlu,mmmlu/mmmlu-id-id-00078,mmmlu-id-id-00078,0.941622141814114,0.058377858185886033,16,medium,0.3875,0.3875,0.4029190365321549
lawbench,lawbench/lawbench-3-6-8-zero-shot,lawbench-3-6-8-zero-shot,0.9416467567174712,0.05835324328252878,16,medium,0.5974999999999999,0.5974999999999999,0.2153630655428177
lawbench,lawbench/lawbench-3-6-22-one-shot,lawbench-3-6-22-one-shot,0.9416467567174712,0.05835324328252878,16,medium,0.67875,0.67875,0.2110650077582733
reasoning-gym,reasoning-gym/reasoning-gym-graphs-course-schedule-hard0292e21f-seed45-0,reasoning-gym-graphs-course-schedule-hard0292e21f-seed45-0,0.9416504364873781,0.05834956351262188,16,easy,0.8625,0.8625,0.2521780125229002
reasoning-gym,reasoning-gym/reasoning-gym-graphs-shortest-path-hard0292e21f-seed45-1,reasoning-gym-graphs-shortest-path-hard0292e21f-seed45-1,0.9418717622554472,0.05812823774455278,16,medium,0.7,0.7,0.4301162633521313
swesmith,swesmith/oauthlib__oauthlib.1fd52536.combine_file__366dyxhy,oauthlib__oauthlib.1fd52536.combine_file__366dyxhy,0.9418758488687063,0.058124151131293655,16,hard,0.05,0.05,0.1118033988749895
dacode,dacode/dacode-data-wrangling-055,dacode-data-wrangling-055,0.9419787384341383,0.05802126156586174,14,frontier,0.01875,0.0214285714285714,0.0557874976850475
dacode,dacode/dacode-dm-csv-018,dacode-dm-csv-018,0.9419787384341383,0.05802126156586174,14,frontier,0.025,0.0285714285714285,0.0699854212223765
kumo,kumo/birdnestenv-t4-a6-v1-s0,birdnestenv-t4-a6-v1-s0,0.9419787384341385,0.058021261565861515,16,saturated,0.975,0.975,0.0661437827766147
bfcl,bfcl/bfcl-live-multiple-437-142-3,bfcl-live-multiple-437-142-3,0.9419787384341385,0.058021261565861515,16,saturated,0.9625,0.9625,0.1053268721647044
omnimath,omnimath/omnimath_3333,omnimath_3333,0.9419787384341386,0.058021261565861404,16,saturated,0.9625,0.9625,0.1053268721647044
omnimath,omnimath/omnimath_1707,omnimath_1707,0.9419787384341386,0.058021261565861404,16,saturated,0.975,0.975,0.0661437827766147
featurebench-modal,featurebench-modal/huggingface__transformers.e2e8dbed.test_modeling_informer.de781186.lv1,huggingface__transformers.e2e8dbed.test_modeling_informer.de781186.lv1,0.9419787384341388,0.05802126156586118,16,frontier,0.0375,0.0375,0.1053268721647045
mmau,mmau/0de9f80e-8070-4ede-845b-b41bfc9bdbf7,0de9f80e-8070-4ede-845b-b41bfc9bdbf7,0.9419787384341389,0.05802126156586107,16,frontier,0.0375,0.0375,0.1053268721647044
gpqa-diamond,gpqa-diamond/59,59,0.941978738434139,0.05802126156586096,16,saturated,0.975,0.975,0.0661437827766147
omnimath,omnimath/omnimath_1802,omnimath_1802,0.941978738434139,0.05802126156586096,16,easy,0.95,0.95,0.1322875655532295
omnimath,omnimath/omnimath_4411,omnimath_4411,0.941978738434139,0.05802126156586096,16,saturated,0.9625,0.9625,0.1053268721647044
gpqa-diamond,gpqa-diamond/104,104,0.941978738434139,0.05802126156586096,16,easy,0.925,0.925,0.2106537443294089
research-code-bench,research-code-bench/optimalsteps_dynamic_programming_initialization_for_each_sample,optimalsteps_dynamic_programming_initialization_for_each_sample,0.941983455733992,0.058016544266008,16,hard,0.2375,0.2375,0.3887077951366552
financeagent_terminal,financeagent_terminal/financeagent-16,financeagent-16,0.9420732388405003,0.057926761159499685,16,medium,0.6875,0.6875,0.3935019059674298
swesmith,swesmith/oauthlib__oauthlib.1fd52536.combine_file__7nloo8og,oauthlib__oauthlib.1fd52536.combine_file__7nloo8og,0.9421223276580519,0.05787767234194807,16,easy,0.8,0.8,0.3082207001484488
swesmith,swesmith/oauthlib__oauthlib.1fd52536.combine_file__2nfzwp19,oauthlib__oauthlib.1fd52536.combine_file__2nfzwp19,0.9423156903084319,0.057684309691568125,16,hard,0.2,0.2,0.2942150573984955
gaia,gaia/f3917a3d-1d17-4ee2-90c5-683b072218fe,f3917a3d-1d17-4ee2-90c5-683b072218fe,0.9424220219664803,0.05757797803351972,16,easy,0.8250000000000001,0.8250000000000001,0.2537222891273055
gaia,gaia/114d5fd0-e2ae-4b6d-a65a-870da2d19c08,114d5fd0-e2ae-4b6d-a65a-870da2d19c08,0.9424220219664803,0.05757797803351972,16,easy,0.7375,0.7375,0.3515590277606308
dacode,dacode/dacode-ml-binary-004,dacode-ml-binary-004,0.9424384612569643,0.05756153874303571,14,easy,0.744932375,0.7084941428571429,0.3706458290252795
crmarena,crmarena/crmarena_0679_handle_time,crmarena_0679_handle_time,0.9424653962871741,0.05753460371282593,16,medium,0.4375,0.4375,0.2570870475150392
spreadsheetbench,spreadsheetbench/54675,54675,0.942534929338566,0.057465070661434026,16,easy,0.825,0.825,0.3665719574653795
crmarena,crmarena/crmarena_0175_monthly_trend_analysis,crmarena_0175_monthly_trend_analysis,0.9426412170827896,0.057358782917210416,16,medium,0.35,0.35,0.2783882181415011
widesearch,widesearch/widesearch/widesearch-ws-en-024,widesearch/widesearch-ws-en-024,0.9426474954351377,0.057352504564862294,16,easy,0.7857143124999999,0.7857143124999999,0.2620417077140867
medagentbench,medagentbench/task2_22,task2_22,0.94266619422379,0.057333805776209945,16,easy,0.8125,0.8125,0.2869560070812249
reasoning-gym,reasoning-gym/reasoning-gym-algorithmic-word-sorting-hard0292e21f-seed45-2,reasoning-gym-algorithmic-word-sorting-hard0292e21f-seed45-2,0.9426729379454102,0.05732706205458982,16,easy,0.862152875,0.862152875,0.2508181545910989
terminal-bench,terminal-bench/large-scale-text-editing,large-scale-text-editing,0.9426855977361732,0.05731440226382678,16,medium,0.6125,0.6125,0.4029190365321549
terminal-bench,terminal-bench/fix-code-vulnerability,fix-code-vulnerability,0.9426855977361732,0.05731440226382678,16,easy,0.75,0.75,0.3570714214271425
crmarena,crmarena/crmarena_0615_named_entity_disambiguation,crmarena_0615_named_entity_disambiguation,0.9427226708550676,0.05727732914493244,16,medium,0.4375,0.4375,0.2471714991660648
crmarena,crmarena/crmarena_0673_handle_time,crmarena_0673_handle_time,0.9427226708550676,0.05727732914493244,16,medium,0.3875,0.3875,0.2595067436503337
financeagent_terminal,financeagent_terminal/financeagent-20,financeagent-20,0.9427580462346322,0.05724195376536778,16,medium,0.5125000000000001,0.5125000000000001,0.4121210380458634
gpqa-diamond,gpqa-diamond/35,35,0.9428090415820632,0.057190958417936755,16,easy,0.9,0.9,0.1999999999999999
gpqa-diamond,gpqa-diamond/84,84,0.9428090415820632,0.057190958417936755,16,easy,0.9,0.9,0.2121320343559642
featurebench-modal,featurebench-modal/pandas-dev__pandas.82fa2715.test_col.a592871d.lv2,pandas-dev__pandas.82fa2715.test_col.a592871d.lv2,0.9428137327227767,0.05718626727722331,16,hard,0.175,0.175,0.3152380053229622
simpleqa,simpleqa/simpleqa-180,simpleqa-180,0.9428327537849209,0.05716724621507907,16,easy,0.875,0.875,0.2106537443294089
spreadsheetbench,spreadsheetbench/39432,39432,0.9428327537849217,0.05716724621507829,16,easy,0.85,0.85,0.2958039891549808
aime,aime/aime_61,aime_61,0.9428388933861139,0.05716110661388607,16,easy,0.8458333125,0.8458333125,0.2377192420079616
aider-polyglot,aider-polyglot/polyglot_javascript_list-ops,polyglot_javascript_list-ops,0.942847304159607,0.05715269584039295,16,easy,0.8,0.8,0.33166247903554
widesearch,widesearch/widesearch/widesearch-ws-en-031,widesearch/widesearch-ws-en-031,0.9429506698324174,0.057049330167582624,16,medium,0.6898776875,0.6898776875,0.260513091137403
widesearch,widesearch/widesearch/widesearch-ws-zh-100,widesearch/widesearch-ws-zh-100,0.9430278329465939,0.05697216705340613,16,medium,0.5077404375,0.5077404375,0.2578018329785905
widesearch,widesearch/widesearch/widesearch-ws-zh-083,widesearch/widesearch-ws-zh-083,0.9430278329465939,0.05697216705340613,16,medium,0.4512701875,0.4512701875,0.2264785517684894
swebench-verified,swebench-verified/sympy__sympy-18698,sympy__sympy-18698,0.9430300210123973,0.0569699789876027,16,medium,0.5875,0.5875,0.3903123748998999
usaco,usaco/813,813,0.9430934458660657,0.056906554133934306,16,medium,0.55,0.55,0.4609772228646444
usaco,usaco/1138,1138,0.9430934458660657,0.056906554133934306,16,medium,0.4781249999999999,0.4781249999999999,0.4503362459041022
dacode,dacode/dacode-data-sa-008,dacode-data-sa-008,0.9431762065567658,0.05682379344323418,14,medium,0.3875,0.3714285714285714,0.178999486944881
dacode,dacode/dacode-data-sa-014,dacode-data-sa-014,0.9431762065567658,0.05682379344323418,14,easy,0.7125,0.7000000000000001,0.3683941988065036
gaia,gaia/4d0aa727-86b1-406b-9b33-f870dd14a4a5,4d0aa727-86b1-406b-9b33-f870dd14a4a5,0.9432195475748423,0.056780452425157724,16,easy,0.8625,0.8625,0.3059309562630104
lawbench,lawbench/lawbench-2-3-10-zero-shot,lawbench-2-3-10-zero-shot,0.9432539874672319,0.05674601253276812,16,easy,0.74408625,0.74408625,0.1573869159299384
pixiu,pixiu/pixiu-cfa-cfa9,pixiu-cfa-cfa9,0.9432880650926098,0.05671193490739024,16,easy,0.875,0.875,0.2331844763272203
gaia,gaia/edd4d4f2-1a58-45c4-b038-67337af4e029,edd4d4f2-1a58-45c4-b038-67337af4e029,0.9433700705169152,0.05662992948308476,16,easy,0.925,0.925,0.1984313483298443
bfcl,bfcl/bfcl-live-irrelevance-759-270-0,bfcl-live-irrelevance-759-270-0,0.9433700705169153,0.05662992948308465,16,easy,0.925,0.925,0.1984313483298443
hle,hle/hle/hle__672458e95f170d6ed834f340,hle/hle__672458e95f170d6ed834f340,0.9433700705169153,0.05662992948308465,16,easy,0.925,0.925,0.1984313483298443
hle,hle/hle/hle__67254b9b3f37dfb9cf080a95,hle/hle__67254b9b3f37dfb9cf080a95,0.9433700705169153,0.05662992948308465,16,frontier,0.0375,0.0375,0.1452368754827781
featurebench-modal,featurebench-modal/mwaskom__seaborn.7001ebe7.test_regression.ce8c62e2.lv1,mwaskom__seaborn.7001ebe7.test_regression.ce8c62e2.lv1,0.9433700705169156,0.05662992948308443,16,hard,0.125,0.125,0.1984313483298443
hle,hle/hle/hle__6722b6a92f1a6e315f1dff3b,hle/hle__6722b6a92f1a6e315f1dff3b,0.9434563530497265,0.056543646950273474,16,hard,0.2,0.2,0.3605551275463989
aider-polyglot,aider-polyglot/polyglot_rust_xorcism,polyglot_rust_xorcism,0.9434965309481503,0.056503469051849664,16,medium,0.6125,0.6125,0.4090767042988393
reasoning-gym,reasoning-gym/reasoning-gym-graphs-largest-island-hard0292e21f-seed45-1,reasoning-gym-graphs-largest-island-hard0292e21f-seed45-1,0.9435042254219436,0.056495774578056435,16,easy,0.8125,0.8125,0.2781074432660874
reasoning-gym,reasoning-gym/reasoning-gym-algorithmic-jugs-hard0292e21f-seed45-2,reasoning-gym-algorithmic-jugs-hard0292e21f-seed45-2,0.9435042254219436,0.056495774578056435,16,easy,0.762875,0.762875,0.3256117079820687
research-code-bench,research-code-bench/siss_compute_loss_terms,siss_compute_loss_terms,0.9436367869192224,0.05636321308077763,16,medium,0.3625,0.3625,0.4484347778663024
widesearch,widesearch/widesearch/widesearch-ws-en-013,widesearch/widesearch-ws-en-013,0.9436438543615446,0.05635614563845537,16,easy,0.815581125,0.815581125,0.3200080775507617
gaia2,gaia2/gaia2-cli/0122_cuzmyihc7bnn2abwh986a0jwjq8pchq5,gaia2-cli/0122_cuzmyihc7bnn2abwh986a0jwjq8pchq5,0.9437646839134365,0.056235316086563514,16,medium,0.31458325,0.31458325,0.3216641466870958
gaia2,gaia2/gaia2-cli/0084_wvmtc5auy4ioyglwkyxuer2zfdr1xnw8,gaia2-cli/0084_wvmtc5auy4ioyglwkyxuer2zfdr1xnw8,0.9437646839134365,0.056235316086563514,16,medium,0.3693182499999999,0.3693182499999999,0.348474845022833
aime,aime/aime_ii-14,aime_ii-14,0.9438120977864884,0.056187902213511554,16,easy,0.8625,0.8625,0.261904085496962
hle,hle/hle/hle__676e9656e3e0846ee73dbf9d,hle/hle__676e9656e3e0846ee73dbf9d,0.943903577669212,0.05609642233078804,16,medium,0.5875,0.5875,0.4151430476353904
gso,gso/gso-tornadoweb--tornado-9a18f6c,gso-tornadoweb--tornado-9a18f6c,0.9439089223832727,0.05609107761672727,16,medium,0.6375,0.6375,0.375624480032918
gso,gso/gso-pandas-dev--pandas-37e9e06,gso-pandas-dev--pandas-37e9e06,0.9439089223832727,0.05609107761672727,16,medium,0.6000000000000001,0.6000000000000001,0.4301162633521313
financeagent_terminal,financeagent_terminal/financeagent-27,financeagent-27,0.9439635574492184,0.05603644255078155,16,medium,0.575,0.575,0.4175823272122516
financeagent_terminal,financeagent_terminal/financeagent-26,financeagent-26,0.9439635574492184,0.05603644255078155,16,medium,0.5375,0.5375,0.439992897669951
lawbench,lawbench/lawbench-3-7-23-zero-shot,lawbench-3-7-23-zero-shot,0.9440823769341167,0.055917623065883326,16,easy,0.8218749999999999,0.8218749999999999,0.1991299434414623
aime,aime/aime_76,aime_76,0.9441293209436813,0.055870679056318706,16,easy,0.88125,0.88125,0.2214123697989793
arc-agi-2,arc-agi-2/dfadab01_0,dfadab01_0,0.9441964550164086,0.05580354498359141,16,hard,0.1156249999999999,0.1156249999999999,0.2356631268887858
simpleqa,simpleqa/simpleqa-2558,simpleqa-2558,0.9442982264910291,0.055701773508970875,16,easy,0.7875,0.7875,0.3199120973017432
reasoning-gym,reasoning-gym/reasoning-gym-graphs-quantum-lock-easy00cea0a5-seed45-1,reasoning-gym-graphs-quantum-lock-easy00cea0a5-seed45-1,0.9443430298560097,0.05565697014399029,16,easy,0.9125,0.9125,0.1996089927833914
reasoning-gym,reasoning-gym/reasoning-gym-arithmetic-dice-hard0292e21f-seed45-2,reasoning-gym-arithmetic-dice-hard0292e21f-seed45-2,0.9444323855003256,0.0555676144996744,16,easy,0.871875,0.871875,0.2121090153081664
reasoning-gym,reasoning-gym/reasoning-gym-arithmetic-bitwise-arithmetic-hard0292e21f-seed45-2,reasoning-gym-arithmetic-bitwise-arithmetic-hard0292e21f-seed45-2,0.9444323855003256,0.0555676144996744,16,easy,0.871875,0.871875,0.2121090153081664
pixiu,pixiu/pixiu-ccfraud-ccfraud000003,pixiu-ccfraud-ccfraud000003,0.9446468102991816,0.05535318970081837,16,easy,0.8916666874999999,0.8916666874999999,0.2066599234451127
pixiu,pixiu/pixiu-german-german000007,pixiu-german-german000007,0.9446468102991816,0.05535318970081837,16,easy,0.933333375,0.933333375,0.1394432580737928
labbench,labbench/figqa-0099,figqa-0099,0.9447145029675617,0.05528549703243835,16,medium,0.3625,0.3625,0.4013648589500581
labbench,labbench/figqa-0064,figqa-0064,0.9447145029675617,0.05528549703243835,16,medium,0.35,0.35,0.3840572873934304
deepsynth,deepsynth/43,43,0.9447326990661277,0.05526730093387233,16,medium,0.600000125,0.600000125,0.3603838634183826
widesearch,widesearch/widesearch/widesearch-ws-en-010,widesearch/widesearch-ws-en-010,0.9447458115222437,0.055254188477756316,16,medium,0.663162375,0.663162375,0.2936198732879118
labbench,labbench/figqa-0106,figqa-0106,0.9447757959715036,0.05522420402849637,16,hard,0.2749999999999999,0.2749999999999999,0.3665719574653795
labbench,labbench/figqa-0156,figqa-0156,0.9447757959715036,0.05522420402849637,16,medium,0.3125,0.3125,0.3870965641800505
ineqmath,ineqmath/61,61,0.9448401477626819,0.05515985223731812,16,easy,0.7062499999999999,0.7062499999999999,0.2656801413354035
labbench,labbench/figqa-0016,figqa-0016,0.944911182523068,0.05508881747693195,16,medium,0.45,0.45,0.3968626966596886
widesearch,widesearch/widesearch/widesearch-ws-zh-018,widesearch/widesearch-ws-zh-018,0.945052077741919,0.05494792225808098,16,medium,0.6442646875,0.6442646875,0.3388630254525268
swesmith,swesmith/oauthlib__oauthlib.1fd52536.combine_file__5gdrqq82,oauthlib__oauthlib.1fd52536.combine_file__5gdrqq82,0.9450972385273388,0.054902761472661155,16,hard,0.121875,0.121875,0.2351653341268648
swesmith,swesmith/oauthlib__oauthlib.1fd52536.combine_file__diwzpb6e,oauthlib__oauthlib.1fd52536.combine_file__diwzpb6e,0.9450972385273388,0.054902761472661155,16,hard,0.15,0.15,0.2692582403567252
financeagent_terminal,financeagent_terminal/financeagent-43,financeagent-43,0.9451863908156807,0.05481360918431932,16,medium,0.6875,0.6875,0.3935019059674298
gpqa-diamond,gpqa-diamond/61,61,0.9454420617671174,0.054557938232882575,16,easy,0.8375,0.8375,0.2934173648576375
gpqa-diamond,gpqa-diamond/136,136,0.9454420617671174,0.054557938232882575,16,easy,0.875,0.875,0.2331844763272203
financeagent_terminal,financeagent_terminal/financeagent-29,financeagent-29,0.9454927216558944,0.054507278344105625,16,medium,0.625,0.625,0.3992179855667828
featurebench-modal,featurebench-modal/huggingface__transformers.e2e8dbed.test_tests_fetcher.e1abe0dd.lv1,huggingface__transformers.e2e8dbed.test_tests_fetcher.e1abe0dd.lv1,0.9455220554298482,0.05447794457015176,16,medium,0.35,0.35,0.4153311931459037
featurebench-modal,featurebench-modal/sympy__sympy.c1097516.test_nullspace.f14fc970.lv1,sympy__sympy.c1097516.test_nullspace.f14fc970.lv1,0.9455220554298482,0.05447794457015176,16,hard,0.2125,0.2125,0.2689679348918751
arc-agi-2,arc-agi-2/b0039139_0,b0039139_0,0.9457383682654148,0.0542616317345852,16,hard,0.1875,0.1875,0.3119995993587171
livecodebench,livecodebench/2808,2808,0.9458499916791476,0.05415000832085237,16,easy,0.9,0.9,0.2121320343559642
swesmith,swesmith/oauthlib__oauthlib.1fd52536.combine_file__1bsv3m8l,oauthlib__oauthlib.1fd52536.combine_file__1bsv3m8l,0.945852557506185,0.05414744249381498,16,medium,0.6875,0.6875,0.3533323506275642
lawbench,lawbench/lawbench-3-3-9-one-shot,lawbench-3-3-9-one-shot,0.9459075063720921,0.05409249362790791,16,medium,0.4237498125,0.4237498125,0.1846492265852401
ineqmath,ineqmath/93,93,0.9459163934515769,0.054083606548423147,16,easy,0.7625,0.7625,0.2847696437473629
dacode,dacode/dacode-data-wrangling-050,dacode-data-wrangling-050,0.945941980610404,0.05405801938959598,14,medium,0.6303570624999999,0.6069387142857143,0.429089108585922
dacode,dacode/dacode-di-text-007,dacode-di-text-007,0.945941980610404,0.05405801938959598,14,easy,0.775,0.7428571428571429,0.3331972511340171
usaco,usaco/1326,1326,0.9459441770527179,0.05405582294728206,16,medium,0.5375,0.5375,0.4567206476611277
financeagent_terminal,financeagent_terminal/financeagent-48,financeagent-48,0.9459544766274559,0.05404552337254409,16,medium,0.65,0.65,0.4272001872658765
reasoning-gym,reasoning-gym/reasoning-gym-algorithmic-jugs-easy00cea0a5-seed45-1,reasoning-gym-algorithmic-jugs-easy00cea0a5-seed45-1,0.9459828380427403,0.054017161957259696,16,easy,0.8251249999999999,0.8251249999999999,0.272706773614078
research-code-bench,research-code-bench/eomt_convolution_1,eomt_convolution_1,0.9460224646667518,0.05397753533324823,16,hard,0.2249999999999999,0.2249999999999999,0.359687364248454
qcircuitbench,qcircuitbench/diffusion_operator-n7,diffusion_operator-n7,0.9460956819474011,0.053904318052598876,16,easy,0.7625,0.7625,0.3550968177835448
qcircuitbench,qcircuitbench/deutsch_jozsa_oracle-n7,deutsch_jozsa_oracle-n7,0.9460956819474011,0.053904318052598876,16,easy,0.8262499999999999,0.8262499999999999,0.320680428931982
aider-polyglot,aider-polyglot/polyglot_rust_alphametics,polyglot_rust_alphametics,0.9461558044981767,0.05384419550182329,16,medium,0.65,0.65,0.3968626966596886
swebenchpro,swebenchpro/instance_element-hq__element-web-f3534b42df3dcfe36dc48bddbf14034085af6d30-vnan,instance_element-hq__element-web-f3534b42df3dcfe36dc48bddbf14034085af6d30-vnan,0.9461770815806835,0.05382291841931652,16,easy,0.7250000000000001,0.7250000000000001,0.3929058411375427
dacode,dacode/dacode-ml-binary-015,dacode-ml-binary-015,0.9463234011029293,0.05367659889707066,14,medium,0.5605726874999999,0.5484517857142858,0.266630982254013
aider-polyglot,aider-polyglot/polyglot_rust_acronym,polyglot_rust_acronym,0.9463410366788231,0.05365896332117692,16,easy,0.925,0.925,0.1984313483298443
aider-polyglot,aider-polyglot/polyglot_javascript_queen-attack,polyglot_javascript_queen-attack,0.9463714252592793,0.05362857474072069,16,medium,0.6625000000000001,0.6625000000000001,0.4226035376094241
medagentbench,medagentbench/task4_19,task4_19,0.9463718918526285,0.05362810814737151,16,easy,0.875,0.875,0.2331844763272203
medagentbench,medagentbench/task6_6,task6_6,0.9463718918526285,0.05362810814737151,16,easy,0.825,0.825,0.2633913438213184
omnimath,omnimath/omnimath_1172,omnimath_1172,0.946488128999365,0.053511871000635036,16,easy,0.8125,0.8125,0.2496873044429772
omnimath,omnimath/omnimath_74,omnimath_74,0.946488128999365,0.053511871000635036,16,easy,0.8125,0.8125,0.2955397604384222
arc-agi-2,arc-agi-2/35ab12c3_0,35ab12c3_0,0.9464912372592496,0.05350876274075045,16,hard,0.125,0.125,0.2106537443294089
usaco,usaco/1251,1251,0.9465544802945015,0.05344551970549849,16,easy,0.8625,0.8625,0.2803457686500725
dacode,dacode/dacode-data-sa-060,dacode-data-sa-060,0.9465731825735472,0.05342681742645283,14,easy,0.725,0.7,0.3760699023168052
aider-polyglot,aider-polyglot/polyglot_rust_word-count,polyglot_rust_word-count,0.946669557199974,0.05333044280002597,16,easy,0.8875,0.8875,0.2117634293262177
omnimath,omnimath/omnimath_1954,omnimath_1954,0.9467080658845815,0.05329193411541855,16,easy,0.7375,0.7375,0.3443744328488978
omnimath,omnimath/omnimath_440,omnimath_440,0.9467080658845815,0.05329193411541855,16,easy,0.7875,0.7875,0.3119995993587171
gpqa-diamond,gpqa-diamond/134,134,0.9467292624062574,0.05327073759374257,16,easy,0.95,0.95,0.15
gpqa-diamond,gpqa-diamond/77,77,0.9467292624062574,0.05327073759374257,16,saturated,0.975,0.975,0.0968245836551854
bigcodebench,bigcodebench/bigcodebench_503,bigcodebench_503,0.9467292624062575,0.05327073759374246,16,hard,0.05,0.05,0.15
reasoning-gym,reasoning-gym/reasoning-gym-cognition-number-sequence-hard0292e21f-seed45-0,reasoning-gym-cognition-number-sequence-hard0292e21f-seed45-0,0.9467292624062575,0.05327073759374246,16,easy,0.95,0.95,0.15
dacode,dacode/dacode-data-sa-048,dacode-data-sa-048,0.9467292624062575,0.05327073759374246,14,frontier,0.0125,0.0142857142857142,0.0515078753637712
dacode,dacode/dacode-plot-line-013,dacode-plot-line-013,0.9467292624062575,0.05327073759374246,14,hard,0.05,0.0571428571428571,0.1590789817951434
bigcodebench,bigcodebench/bigcodebench_655,bigcodebench_655,0.9467292624062575,0.05327073759374246,16,hard,0.05,0.05,0.1936491673103708
reasoning-gym,reasoning-gym/reasoning-gym-algorithmic-rotten-oranges-easy00cea0a5-seed45-1,reasoning-gym-algorithmic-rotten-oranges-easy00cea0a5-seed45-1,0.9467292624062575,0.05327073759374246,16,easy,0.85,0.85,0.3354101966249684
aider-polyglot,aider-polyglot/polyglot_go_matrix,polyglot_go_matrix,0.9467292624062577,0.053270737593742346,16,hard,0.05,0.05,0.15
aider-polyglot,aider-polyglot/polyglot_java_house,polyglot_java_house,0.9467292624062577,0.053270737593742346,16,frontier,0.0375,0.0375,0.1452368754827781
swe-lancer,swe-lancer/29570-manager-0,29570-manager-0,0.9467292624062579,0.053270737593742123,16,hard,0.05,0.05,0.15
swe-lancer,swe-lancer/32261-manager-0,32261-manager-0,0.9467292624062579,0.053270737593742123,16,hard,0.05,0.05,0.1936491673103708
livecodebench,livecodebench/3360,3360,0.946729262406258,0.05327073759374201,16,easy,0.95,0.95,0.15
humanevalfix,humanevalfix/python-106,python-106,0.946729262406258,0.05327073759374201,16,easy,0.95,0.95,0.15
gso,gso/gso-pandas-dev--pandas-45f0705,gso-pandas-dev--pandas-45f0705,0.9467937553059943,0.0532062446940057,16,medium,0.6875,0.6875,0.3935019059674298
featurebench-modal,featurebench-modal/mlflow__mlflow.93dab383.test_jsonpath_utils.eb851c42.lv1,mlflow__mlflow.93dab383.test_jsonpath_utils.eb851c42.lv1,0.946850237167907,0.05314976283209305,16,easy,0.775,0.775,0.338193731461717
featurebench-modal,featurebench-modal/mlflow__mlflow.93dab383.test_config.c63d41b0.lv1,mlflow__mlflow.93dab383.test_config.c63d41b0.lv1,0.946850237167907,0.05314976283209305,16,easy,0.7375,0.7375,0.3854785986277318
crmarena,crmarena/crmarena_1156_best_region_identification,crmarena_1156_best_region_identification,0.9468641529479984,0.053135847052001584,16,medium,0.3,0.3,0.2549509756796392
crmarena,crmarena/crmarena_1161_best_region_identification,crmarena_1161_best_region_identification,0.9468641529479984,0.053135847052001584,16,medium,0.35,0.35,0.2692582403567252
pixiu,pixiu/pixiu-ccf-ccf000000,pixiu-ccf-ccf000000,0.9468653427154266,0.05313465728457345,16,easy,0.815625,0.815625,0.2977618333080988
pixiu,pixiu/pixiu-german-german000012,pixiu-german-german000012,0.9468653427154266,0.05313465728457345,15,easy,0.75,0.7333333333333333,0.3910100879630715
featurebench-modal,featurebench-modal/sphinx-doc__sphinx.e347e59c.test_ext_intersphinx.04901873.lv1,sphinx-doc__sphinx.e347e59c.test_ext_intersphinx.04901873.lv1,0.9468661947695645,0.05313380523043554,16,hard,0.1375,0.1375,0.261904085496962
reasoning-gym,reasoning-gym/reasoning-gym-arithmetic-lcm-hard0292e21f-seed45-2,reasoning-gym-arithmetic-lcm-hard0292e21f-seed45-2,0.946967828241766,0.05303217175823405,16,saturated,0.970982125,0.970982125,0.0746791037890411
reasoning-gym,reasoning-gym/reasoning-gym-induction-acre-easy00cea0a5-seed45-2,reasoning-gym-induction-acre-easy00cea0a5-seed45-2,0.946967828241766,0.05303217175823405,16,easy,0.93125,0.93125,0.1529654781315052
aider-polyglot,aider-polyglot/polyglot_python_transpose,polyglot_python_transpose,0.9470532786433095,0.05294672135669054,16,medium,0.5375000000000001,0.5375000000000001,0.4512136411945011
featurebench-modal,featurebench-modal/pandas-dev__pandas.82fa2715.test_reduction.3ac3b298.lv1,pandas-dev__pandas.82fa2715.test_reduction.3ac3b298.lv1,0.9471141280884336,0.05288587191156635,16,hard,0.2,0.2,0.3082207001484488
ineqmath,ineqmath/92,92,0.9472302487659962,0.05276975123400385,16,easy,0.74375,0.74375,0.2914805954090255
ineqmath,ineqmath/50,50,0.9472302487659962,0.05276975123400385,16,easy,0.74375,0.74375,0.280554696093293
aider-polyglot,aider-polyglot/polyglot_javascript_two-bucket,polyglot_javascript_two-bucket,0.9472313842812402,0.05276861571875979,16,easy,0.8125,0.8125,0.335177191944798
aider-polyglot,aider-polyglot/polyglot_cpp_parallel-letter-frequency,polyglot_cpp_parallel-letter-frequency,0.9472460813613583,0.05275391863864165,16,hard,0.15,0.15,0.2692582403567252
aider-polyglot,aider-polyglot/polyglot_cpp_meetup,polyglot_cpp_meetup,0.9472460813613583,0.05275391863864165,16,hard,0.175,0.175,0.2989565185775349
lawbench,lawbench/lawbench-3-4-6-zero-shot,lawbench-3-4-6-zero-shot,0.9472761408480669,0.05272385915193312,16,easy,0.7871105,0.7871105,0.2591719323931027
featurebench-modal,featurebench-modal/mlflow__mlflow.93dab383.test_numpy_dataset.1beaad57.lv1,mlflow__mlflow.93dab383.test_numpy_dataset.1beaad57.lv1,0.9474638042814415,0.0525361957185585,16,hard,0.1875,0.1875,0.2595067436503337
aider-polyglot,aider-polyglot/polyglot_java_zebra-puzzle,polyglot_java_zebra-puzzle,0.9475425583804471,0.0524574416195529,16,easy,0.8375,0.8375,0.2666341125962692
gpqa-diamond,gpqa-diamond/144,144,0.9476212350110502,0.05237876498894978,16,easy,0.7375,0.7375,0.3059309562630104
gpqa-diamond,gpqa-diamond/18,18,0.9476212350110502,0.05237876498894978,16,easy,0.75,0.75,0.3427827300200522
spreadsheetbench,spreadsheetbench/52050,52050,0.9476332318507088,0.0523667681492912,16,easy,0.925,0.925,0.2106537443294089
spreadsheetbench,spreadsheetbench/6698,6698,0.9476332318507088,0.0523667681492912,16,easy,0.85,0.85,0.2692582403567252
lawbench,lawbench/lawbench-2-8-17-zero-shot,lawbench-2-8-17-zero-shot,0.947780870856412,0.05221912914358795,16,medium,0.5870312500000001,0.5870312500000001,0.1682845867821456
labbench,labbench/figqa-0140,figqa-0140,0.9478082524089847,0.0521917475910153,16,medium,0.6125,0.6125,0.4270172713134681
labbench,labbench/figqa-0178,figqa-0178,0.9478082524089847,0.0521917475910153,16,medium,0.525,0.525,0.4408798022137099
aider-polyglot,aider-polyglot/polyglot_python_beer-song,polyglot_python_beer-song,0.9478428147935517,0.0521571852064483,16,medium,0.5625,0.5625,0.4136348026943574
aider-polyglot,aider-polyglot/polyglot_python_bottle-song,polyglot_python_bottle-song,0.9478428147935517,0.0521571852064483,16,medium,0.6124999999999999,0.6124999999999999,0.4029190365321549
arc-agi-2,arc-agi-2/53fb4810_0,53fb4810_0,0.9480519480519479,0.051948051948052076,16,medium,0.45,0.45,0.4387482193696061
crmarena,crmarena/crmarena_0456_case_routing,crmarena_0456_case_routing,0.9480713465502599,0.05192865344974007,16,medium,0.4625,0.4625,0.2521780125229002
crmarena,crmarena/crmarena_0435_case_routing,crmarena_0435_case_routing,0.9480713465502599,0.05192865344974007,16,medium,0.45,0.45,0.2692582403567252
mmmlu,mmmlu/mmmlu-ar-xy-00006,mmmlu-ar-xy-00006,0.9480785526620632,0.0519214473379368,16,medium,0.5625,0.5625,0.375624480032918
labbench,labbench/figqa-0148,figqa-0148,0.9481244759050633,0.051875524094936676,16,hard,0.2125,0.2125,0.3199120973017432
lawbench,lawbench/lawbench-2-3-13-one-shot,lawbench-2-3-13-one-shot,0.948135453233594,0.05186454676640595,16,medium,0.6561941250000001,0.6561941250000001,0.1679285097961611
compilebench,compilebench/jq-static-musl,jq-static-musl,0.948172690415087,0.051827309584912995,16,easy,0.834375,0.834375,0.2940656548714929
compilebench,compilebench/cowsay,cowsay,0.948172690415087,0.051827309584912995,16,easy,0.9375,0.9375,0.1690968657308585
spreadsheetbench,spreadsheetbench/395-36,395-36,0.9481831450284113,0.05181685497158872,16,medium,0.6375,0.6375,0.4702060718451007
omnimath,omnimath/omnimath_1743,omnimath_1743,0.948189801181124,0.05181019881887605,16,easy,0.8875,0.8875,0.2341874249399399
omnimath,omnimath/omnimath_3726,omnimath_3726,0.948189801181124,0.05181019881887605,16,easy,0.95,0.95,0.1322875655532295
labbench,labbench/figqa-0168,figqa-0168,0.9482158512135362,0.05178414878646376,16,hard,0.175,0.175,0.3307189138830738
arc-agi-2,arc-agi-2/20270e3b_1,20270e3b_1,0.9482844914533793,0.05171550854662066,16,hard,0.2875,0.2875,0.3672107705392095
arc-agi-2,arc-agi-2/b6f77b65_1,b6f77b65_1,0.9482844914533793,0.05171550854662066,16,hard,0.1125,0.1125,0.1727534370135656
dacode,dacode/dacode-data-wrangling-053,dacode-data-wrangling-053,0.9483581608231665,0.051641839176833515,14,easy,0.7150000000000001,0.7057142857142857,0.1760565771771874
widesearch,widesearch/widesearch/widesearch-ws-en-086,widesearch/widesearch-ws-en-086,0.9484263681080272,0.05157363189197284,16,medium,0.5998420625,0.5998420625,0.2381052859693765
dacode,dacode/dacode-data-wrangling-091,dacode-data-wrangling-091,0.9484528044699164,0.05154719553008358,14,easy,0.8541666875,0.8333333571428572,0.2957368387228771
pixiu,pixiu/pixiu-smcikm-cikmsm3839,pixiu-smcikm-cikmsm3839,0.9484584602087401,0.05154153979125986,16,easy,0.75,0.75,0.3640054944640259
pixiu,pixiu/pixiu-ccf-ccf000009,pixiu-ccf-ccf000009,0.9484584602087401,0.05154153979125986,16,easy,0.8458333124999999,0.8458333124999999,0.2480129795410712
hle,hle/hle/hle__67319c16b68f5ac822e236b0,hle/hle__67319c16b68f5ac822e236b0,0.9485239073297551,0.05147609267024489,16,hard,0.2375,0.2375,0.3479852726768763
dacode,dacode/dacode-plot-bar-014,dacode-plot-bar-014,0.9486832980505138,0.05131670194948623,14,hard,0.0999999999999999,0.1142857142857142,0.258725289661069
aime,aime/aime_ii-7,aime_ii-7,0.948683298050514,0.05131670194948601,16,easy,0.8999999999999999,0.8999999999999999,0.2449489742783178
omnimath,omnimath/omnimath_3271,omnimath_3271,0.9486832980505141,0.0513167019494859,16,easy,0.95,0.95,0.1118033988749894
aider-polyglot,aider-polyglot/polyglot_python_proverb,polyglot_python_proverb,0.9487326919171054,0.05126730808289459,16,medium,0.3875,0.3875,0.4768057780690163
aider-polyglot,aider-polyglot/polyglot_go_palindrome-products,polyglot_go_palindrome-products,0.9487326919171054,0.05126730808289459,16,medium,0.3,0.3,0.406201920231798
dacode,dacode/dacode-data-sa-021,dacode-data-sa-021,0.9487995768668649,0.05120042313313511,14,easy,0.825,0.7999999999999999,0.3
gaia,gaia/4fc2f1ae-8625-45b5-ab34-ad4433bc21f8,4fc2f1ae-8625-45b5-ab34-ad4433bc21f8,0.9488257700009776,0.051174229999022436,16,easy,0.775,0.775,0.373329613076702
gaia,gaia/3f57289b-8c60-48be-bd80-01f8099ca449,3f57289b-8c60-48be-bd80-01f8099ca449,0.9488257700009776,0.051174229999022436,16,easy,0.7875,0.7875,0.2955397604384222
aider-polyglot,aider-polyglot/polyglot_go_dnd-character,polyglot_go_dnd-character,0.9488292830168392,0.05117071698316078,16,easy,0.85,0.85,0.2179449471770336
gpqa-diamond,gpqa-diamond/138,138,0.9488638323844735,0.05113616761552653,16,medium,0.675,0.675,0.3929058411375427
gpqa-diamond,gpqa-diamond/140,140,0.9488638323844735,0.05113616761552653,16,easy,0.7125,0.7125,0.3461845606031557
spreadsheetbench,spreadsheetbench/42198,42198,0.9488933111113838,0.05110668888861625,16,easy,0.8875,0.8875,0.2446298223847615
crustbench,crustbench/crustbench-rbtree-lab,crustbench-rbtree-lab,0.9489147062149444,0.05108529378505555,14,easy,0.8125,0.7857142857142857,0.3159049198213711
hle,hle/hle/hle__6728ba13fbd2af689fc469e5,hle/hle__6728ba13fbd2af689fc469e5,0.9489468787214733,0.05105312127852668,16,medium,0.625,0.625,0.44087980221371
hle,hle/hle/hle__671d6502b996cf9936d1afd0,hle/hle__671d6502b996cf9936d1afd0,0.9489468787214733,0.05105312127852668,16,medium,0.5,0.5,0.4242640687119285
dacode,dacode/dacode-di-text-003,dacode-di-text-003,0.9489954634563615,0.05100453654363846,14,easy,0.7625,0.7285714285714285,0.3749829928116197
dacode,dacode/dacode-data-sa-053,dacode-data-sa-053,0.9489954634563615,0.05100453654363846,14,easy,0.75,0.7142857142857143,0.4257046978786097
usaco,usaco/365,365,0.9490359828519297,0.050964017148070306,16,easy,0.7625,0.7625,0.3950870157319777
aider-polyglot,aider-polyglot/polyglot_python_zipper,polyglot_python_zipper,0.9490707529566208,0.0509292470433792,16,medium,0.7,0.7,0.412310562561766
crmarena,crmarena/crmarena_0310_top_issue_identification,crmarena_0310_top_issue_identification,0.9490755590960337,0.050924440903966306,16,medium,0.45,0.45,0.2783882181415011
usaco,usaco/1231,1231,0.949154750533411,0.05084524946658897,16,medium,0.6749999999999999,0.6749999999999999,0.3929058411375427
swebenchpro,swebenchpro/instance_internetarchive__openlibrary-43f9e7e0d56a4f1d487533543c17040a029ac501-v0f5aece3601a5b4419f7ccec1dbda2071be28ee4,instance_internetarchive__openlibrary-43f9e7e0d56a4f1d487533543c17040a029ac501-v0f5aece3601a5b4419f7ccec1dbda2071be28ee4,0.9493050605908341,0.05069493940916592,16,medium,0.6875,0.6875,0.3314268395890713
aider-polyglot,aider-polyglot/polyglot_python_forth,polyglot_python_forth,0.9493281491262555,0.050671850873744484,16,medium,0.3875,0.3875,0.4151430476353904
bfcl,bfcl/bfcl-live-multiple-404-140-0,bfcl-live-multiple-404-140-0,0.9494104181195999,0.05058958188040008,16,easy,0.8625,0.8625,0.261904085496962
humanevalfix,humanevalfix/python-156,python-156,0.9494198685663529,0.050580131433647146,16,easy,0.9375,0.9375,0.1536025715930563
spreadsheetbench,spreadsheetbench/191-40,191-40,0.9495173530875786,0.050482646912421436,16,easy,0.825,0.825,0.2727178028658928
reasoning-gym,reasoning-gym/reasoning-gym-cognition-rectangle-count-hard0292e21f-seed45-0,reasoning-gym-cognition-rectangle-count-hard0292e21f-seed45-0,0.949571509063868,0.050428490936132,16,easy,0.8260000000000001,0.8260000000000001,0.2352105439813445
reasoning-gym,reasoning-gym/reasoning-gym-cognition-rectangle-count-easy00cea0a5-seed45-0,reasoning-gym-cognition-rectangle-count-easy00cea0a5-seed45-0,0.949571509063868,0.050428490936132,16,easy,0.778,0.778,0.2864751298105998
pixiu,pixiu/pixiu-finred-finred2,pixiu-finred-finred2,0.9495898215235842,0.05041017847641582,16,hard,0.17583325,0.17583325,0.2182871423785938
pixiu,pixiu/pixiu-finqa-finqa13,pixiu-finqa-finqa13,0.9495898215235842,0.05041017847641582,16,hard,0.2375,0.2375,0.4136348026943574
swebenchpro,swebenchpro/instance_qutebrowser__qutebrowser-0d2afd58f3d0e34af21cee7d8a3fc9d855594e9f-vnan,instance_qutebrowser__qutebrowser-0d2afd58f3d0e34af21cee7d8a3fc9d855594e9f-vnan,0.9496334322946679,0.0503665677053321,16,easy,0.75,0.75,0.3708099243547831
arc-agi-2,arc-agi-2/bf45cf4b_0,bf45cf4b_0,0.9496440553172176,0.05035594468278237,16,medium,0.6625,0.6625,0.4226035376094241
compilebench,compilebench/curl-ssl-arm64-static,curl-ssl-arm64-static,0.9496525149950581,0.050347485004941905,16,easy,0.7124999999999999,0.7124999999999999,0.3739568825412898
compilebench,compilebench/curl-ssl-arm64-static2,curl-ssl-arm64-static2,0.9496525149950581,0.050347485004941905,16,medium,0.6875,0.6875,0.3805834336909582
algotune,algotune/algotune-matrix-exponential,algotune-matrix-exponential,0.9496558890742909,0.05034411092570912,16,frontier,0.0348220625,0.0348220625,0.1338269840505217
algotune,algotune/algotune-generalized-eigenvalues-complex,algotune-generalized-eigenvalues-complex,0.9496558890742909,0.05034411092570912,16,frontier,0.0282285625,0.0282285625,0.0790340029496551
arc-agi-2,arc-agi-2/581f7754_1,581f7754_1,0.9496714704969829,0.05032852950301714,16,medium,0.45,0.45,0.4387482193696062
featurebench-modal,featurebench-modal/pydantic__pydantic.e1dcaf9e.test_titles.e806bda8.lv1,pydantic__pydantic.e1dcaf9e.test_titles.e806bda8.lv1,0.949709937423056,0.05029006257694402,16,hard,0.1624999999999999,0.1624999999999999,0.3333072906493345
featurebench-modal,featurebench-modal/huggingface__transformers.e2e8dbed.test_modeling_swin2sr.f5cba486.lv1,huggingface__transformers.e2e8dbed.test_modeling_swin2sr.f5cba486.lv1,0.949709937423056,0.05029006257694402,16,frontier,0.025,0.025,0.0661437827766147
featurebench-modal,featurebench-modal/astropy__astropy.b0db0daa.test_lombscargle_multiband.78687278.lv1,astropy__astropy.b0db0daa.test_lombscargle_multiband.78687278.lv1,0.949709937423056,0.05029006257694402,16,hard,0.1,0.1,0.2645751311064591
featurebench-modal,featurebench-modal/lightning-ai__pytorch-lightning.126fa6f1.test_fsdp.744aa3f5.lv1,lightning-ai__pytorch-lightning.126fa6f1.test_fsdp.744aa3f5.lv1,0.949709937423056,0.05029006257694402,16,hard,0.1624999999999999,0.1624999999999999,0.3333072906493345
lawbench,lawbench/lawbench-3-2-12-one-shot,lawbench-3-2-12-one-shot,0.9497320762473019,0.05026792375269806,16,medium,0.351544375,0.351544375,0.1353574467128032
swebench-verified,swebench-verified/scikit-learn__scikit-learn-11310,scikit-learn__scikit-learn-11310,0.9497607354199558,0.05023926458004424,16,easy,0.75,0.75,0.3708099243547831
featurebench-modal,featurebench-modal/pydantic__pydantic.e1dcaf9e.test_pipeline.c9b08962.lv1,pydantic__pydantic.e1dcaf9e.test_pipeline.c9b08962.lv1,0.9497637530344238,0.05023624696557616,16,hard,0.225,0.225,0.2817356917396161
ineqmath,ineqmath/20,20,0.9497894175978202,0.05021058240217979,16,easy,0.84375,0.84375,0.2499218627891525
ineqmath,ineqmath/46,46,0.9497894175978202,0.05021058240217979,16,easy,0.8875,0.8875,0.2471714991660648
swe-lancer,swe-lancer/26167-manager-0,26167-manager-0,0.9498300662680444,0.05016993373195555,16,hard,0.05,0.05,0.1322875655532295
crmarena,crmarena/crmarena_1065_best_region_identification,crmarena_1065_best_region_identification,0.949900893609873,0.050099106390127046,16,easy,0.9,0.9,0.2738612787525831
simpleqa,simpleqa/simpleqa-2478,simpleqa-2478,0.9499113572024043,0.05008864279759573,16,easy,0.7250000000000001,0.7250000000000001,0.3799671038392666
reasoning-gym,reasoning-gym/reasoning-gym-algorithmic-binary-matrix-hard0292e21f-seed45-2,reasoning-gym-algorithmic-binary-matrix-hard0292e21f-seed45-2,0.9499281178531148,0.05007188214688518,16,easy,0.8625,0.8625,0.2521780125229002
usaco,usaco/1059,1059,0.9499966738883822,0.05000332611161784,16,easy,0.8875,0.8875,0.2117634293262177
bigcodebench,bigcodebench/bigcodebench_34,bigcodebench_34,0.9500658323817488,0.0499341676182512,16,medium,0.6875,0.6875,0.2642796813983247
bigcodebench,bigcodebench/bigcodebench_879,bigcodebench_879,0.9500658323817488,0.0499341676182512,16,easy,0.7625,0.7625,0.3018174116912409
medagentbench,medagentbench/task4_25,task4_25,0.9501062014368518,0.04989379856314824,16,easy,0.7875000000000001,0.7875000000000001,0.3038811445285804
bfcl,bfcl/bfcl-parallel-170,bfcl-parallel-170,0.9502044341290008,0.0497955658709992,16,easy,0.8875,0.8875,0.2446298223847615
reasoning-gym,reasoning-gym/reasoning-gym-arithmetic-dice-easy00cea0a5-seed45-2,reasoning-gym-arithmetic-dice-easy00cea0a5-seed45-2,0.9502304590815215,0.049769540918478516,16,easy,0.925,0.925,0.1391941090707505
reasoning-gym,reasoning-gym/reasoning-gym-algorithmic-string-splitting-hard0292e21f-seed45-1,reasoning-gym-algorithmic-string-splitting-hard0292e21f-seed45-1,0.9502542502425075,0.04974574975749246,16,easy,0.9358333125,0.9358333125,0.1552216375729873
dacode,dacode/dacode-di-text-011,dacode-di-text-011,0.9502778289493982,0.04972217105060184,14,easy,0.825,0.7999999999999999,0.3380617018914066
swe-lancer,swe-lancer/25901-manager-0,25901-manager-0,0.9502907465889072,0.04970925341109278,16,easy,0.8375,0.8375,0.2666341125962693
aider-polyglot,aider-polyglot/polyglot_go_dominoes,polyglot_go_dominoes,0.9503431489506735,0.04965685104932649,16,easy,0.8375,0.8375,0.2758509561339238
lawbench,lawbench/lawbench-2-7-12-one-shot,lawbench-2-7-12-one-shot,0.9504501458695016,0.049549854130498394,16,medium,0.3505453125,0.3505453125,0.0953847716781344
simpleqa,simpleqa/simpleqa-3056,simpleqa-3056,0.9505416412576077,0.04945835874239235,16,medium,0.675,0.675,0.3992179855667828
aider-polyglot,aider-polyglot/polyglot_javascript_ocr-numbers,polyglot_javascript_ocr-numbers,0.9505943072210937,0.049405692778906274,16,easy,0.7999999999999999,0.7999999999999999,0.291547594742265
mmmlu,mmmlu/mmmlu-id-id-00073,mmmlu-id-id-00073,0.9506547833981207,0.049345216601879294,16,medium,0.6125,0.6125,0.3838538133196022
mmmlu,mmmlu/mmmlu-bn-bd-00016,mmmlu-bn-bd-00016,0.9506547833981207,0.049345216601879294,16,medium,0.5125,0.5125,0.3935019059674298
replicationbench,replicationbench/galaxy_manifold__gas_mass_estimation,galaxy_manifold__gas_mass_estimation,0.9506591751226443,0.04934082487735569,16,hard,0.1375,0.1375,0.3059309562630105
research-code-bench,research-code-bench/schedule_free_learning_rate,schedule_free_learning_rate,0.9506604102292211,0.0493395897707789,16,hard,0.1875,0.1875,0.335177191944798
gpqa-diamond,gpqa-diamond/152,152,0.9506771402674571,0.04932285973254291,16,easy,0.8125,0.8125,0.3199120973017432
reasoning-gym,reasoning-gym/reasoning-gym-algorithmic-word-sorting-hard0292e21f-seed45-0,reasoning-gym-algorithmic-word-sorting-hard0292e21f-seed45-0,0.9508362033062414,0.04916379669375859,16,easy,0.8613636250000001,0.8613636250000001,0.3047744025500409
reasoning-gym,reasoning-gym/reasoning-gym-arithmetic-power-function-easy00cea0a5-seed45-0,reasoning-gym-arithmetic-power-function-easy00cea0a5-seed45-0,0.9508362033062414,0.04916379669375859,16,saturated,0.950125,0.950125,0.1114124516156071
gpqa-diamond,gpqa-diamond/78,78,0.950864291766909,0.04913570823309099,16,easy,0.8374999999999999,0.8374999999999999,0.2368411915187052
crmarena,crmarena/crmarena_0346_top_issue_identification,crmarena_0346_top_issue_identification,0.9509329651839312,0.04906703481606878,16,medium,0.475,0.475,0.2904737509655563
dacode,dacode/dacode-di-csv-026,dacode-di-csv-026,0.950949780092889,0.049050219907111,14,easy,0.9175,0.9057142857142856,0.1915990711919884
financeagent_terminal,financeagent_terminal/financeagent-1,financeagent-1,0.9509914044524511,0.04900859554754888,16,medium,0.5375,0.5375,0.410601692641421
replicationbench,replicationbench/gw_nsbh__default_mtov,gw_nsbh__default_mtov,0.9510722060695811,0.048927793930418906,16,hard,0.1,0.1,0.2121320343559642
swe-lancer,swe-lancer/18983-manager-0,18983-manager-0,0.9510722060695811,0.048927793930418906,16,saturated,0.9625,0.9625,0.1053268721647044
swe-lancer,swe-lancer/17166-manager-0,17166-manager-0,0.9510722060695811,0.048927793930418906,16,easy,0.9,0.9,0.2121320343559642
gaia,gaia/935e2cff-ae78-4218-b3f5-115589b19dae,935e2cff-ae78-4218-b3f5-115589b19dae,0.9511434088399584,0.048856591160041596,16,easy,0.7625,0.7625,0.3620687089490059
reasoning-gym,reasoning-gym/reasoning-gym-algorithmic-binary-matrix-hard0292e21f-seed45-0,reasoning-gym-algorithmic-binary-matrix-hard0292e21f-seed45-0,0.9511930059278734,0.04880699407212663,16,easy,0.859375,0.859375,0.2532407142917584
featurebench-modal,featurebench-modal/pandas-dev__pandas.82fa2715.test_groupby_shift_diff.e13d5358.lv1,pandas-dev__pandas.82fa2715.test_groupby_shift_diff.e13d5358.lv1,0.9512047010766285,0.04879529892337153,16,hard,0.275,0.275,0.359687364248454
gpqa-diamond,gpqa-diamond/155,155,0.9512195121951218,0.0487804878048782,16,easy,0.8875,0.8875,0.2117634293262177
gaia2,gaia2/gaia2-cli/0149_ev3wncotaounq2vooedt0t7v528hzvh5,gaia2-cli/0149_ev3wncotaounq2vooedt0t7v528hzvh5,0.9512631697835195,0.04873683021648045,16,hard,0.2375,0.2375,0.2368411915187052
gaia2,gaia2/gaia2-cli/0464_vjzcjf9sfs0lre4hkzzk0ojathorvdmg,gaia2-cli/0464_vjzcjf9sfs0lre4hkzzk0ojathorvdmg,0.9512631697835195,0.04873683021648045,16,medium,0.3473959375,0.3473959375,0.2755317134352388
kumo,kumo/licenseenv-t4-a6-v1-s1,licenseenv-t4-a6-v1-s1,0.9512662374836652,0.048733762516334767,16,easy,0.925,0.925,0.1561249499599599
dacode,dacode/dacode-ml-binary-010,dacode-ml-binary-010,0.9512858267256612,0.0487141732743388,14,easy,0.76909775,0.7386302142857143,0.3560138090568516
dacode,dacode/dacode-data-wrangling-029,dacode-data-wrangling-029,0.9513318902163902,0.0486681097836098,14,medium,0.3943451875,0.3867346428571428,0.1717606665527883
hle,hle/hle/hle__66fce56c8585e7734661a9c7,hle/hle__66fce56c8585e7734661a9c7,0.9513516967394268,0.048648303260573234,16,medium,0.5,0.5,0.406201920231798
hle,hle/hle/hle__66fec7825e6051260840e060,hle/hle__66fec7825e6051260840e060,0.9513516967394268,0.048648303260573234,16,medium,0.5625,0.5625,0.4754931650402558
lawbench,lawbench/lawbench-2-10-1-one-shot,lawbench-2-10-1-one-shot,0.9514035890372967,0.048596410962703285,16,easy,0.7018656875,0.7018656875,0.2226389836070714
reasoning-gym,reasoning-gym/reasoning-gym-logic-syllogism-easy00cea0a5-seed45-2,reasoning-gym-logic-syllogism-easy00cea0a5-seed45-2,0.9514126135574666,0.048587386442533353,16,medium,0.65,0.65,0.4555216789572149
reasoning-gym,reasoning-gym/reasoning-gym-logic-syllogism-easy00cea0a5-seed45-1,reasoning-gym-logic-syllogism-easy00cea0a5-seed45-1,0.9514126135574666,0.048587386442533353,16,medium,0.6499999999999999,0.6499999999999999,0.4153311931459037
medagentbench,medagentbench/task5_8,task5_8,0.9514140549968895,0.04858594500311053,16,easy,0.8374999999999999,0.8374999999999999,0.2847696437473629
usaco,usaco/788,788,0.9515940239813112,0.04840597601868879,16,easy,0.8125,0.8125,0.3351771919447981
featurebench-modal,featurebench-modal/lightning-ai__pytorch-lightning.126fa6f1.test_xla.7c94e7d2.lv1,lightning-ai__pytorch-lightning.126fa6f1.test_xla.7c94e7d2.lv1,0.9517057007264834,0.04829429927351658,16,hard,0.2375,0.2375,0.3099899191909311
featurebench-modal,featurebench-modal/pandas-dev__pandas.82fa2715.test_spec_conformance.3aff206b.lv1,pandas-dev__pandas.82fa2715.test_spec_conformance.3aff206b.lv1,0.9517057007264834,0.04829429927351658,16,hard,0.2375,0.2375,0.3257203555198845
reasoning-gym,reasoning-gym/reasoning-gym-algorithmic-pool-matrix-hard0292e21f-seed45-2,reasoning-gym-algorithmic-pool-matrix-hard0292e21f-seed45-2,0.9517098386399155,0.04829016136008446,16,hard,0.07625,0.07625,0.16034630491533
reasoning-gym,reasoning-gym/reasoning-gym-algorithmic-pool-matrix-hard0292e21f-seed45-0,reasoning-gym-algorithmic-pool-matrix-hard0292e21f-seed45-0,0.9517098386399155,0.04829016136008446,16,hard,0.075,0.075,0.1984313483298443
simpleqa,simpleqa/simpleqa-305,simpleqa-305,0.9517141794994495,0.048285820500550525,16,easy,0.8500000000000001,0.8500000000000001,0.2783882181415011
usaco,usaco/741,741,0.9517512062826858,0.048248793717314165,16,easy,0.825,0.825,0.2633913438213184
usaco,usaco/128,128,0.951751206282686,0.048248793717314054,16,easy,0.8500000000000001,0.8500000000000001,0.3041381265149109
replicationbench,replicationbench/gw_nsbh__mass_gap,gw_nsbh__mass_gap,0.9517880202482077,0.048211979751792255,16,hard,0.25,0.25,0.35
omnimath,omnimath/omnimath_703,omnimath_703,0.9517921270994365,0.0482078729005635,16,easy,0.7875,0.7875,0.2689679348918751
reasoning-gym,reasoning-gym/reasoning-gym-algorithmic-base-conversion-easy00cea0a5-seed45-0,reasoning-gym-algorithmic-base-conversion-easy00cea0a5-seed45-0,0.9517942788962517,0.04820572110374832,16,easy,0.9125,0.9125,0.1996089927833914
crustbench,crustbench/crustbench-libpsbt,crustbench-libpsbt,0.9518176139650858,0.048182386034914204,13,medium,0.7,0.676923076923077,0.3805943654416302
livecodebench,livecodebench/arc186_d,arc186_d,0.9518960275371505,0.048103972462849476,16,medium,0.6875,0.6875,0.3739568825412898
swesmith,swesmith/oauthlib__oauthlib.1fd52536.combine_file__8tij9kub,oauthlib__oauthlib.1fd52536.combine_file__8tij9kub,0.951908011983933,0.048091988016066956,16,frontier,0.04375,0.04375,0.127322179921646
hle,hle/hle/hle__67367cbd06a61a42cae30293,hle/hle__67367cbd06a61a42cae30293,0.951946767412278,0.048053232587721983,16,hard,0.075,0.075,0.2106537443294089
replicationbench,replicationbench/bayes_cal__cold_hot_tandem,bayes_cal__cold_hot_tandem,0.9519853731164227,0.04801462688357727,16,hard,0.225,0.225,0.3864906208435077
widesearch,widesearch/widesearch/widesearch-ws-zh-051,widesearch/widesearch-ws-zh-051,0.9520048746427919,0.04799512535720807,16,medium,0.6711669375,0.6711669375,0.3505246037476308
scicode,scicode/scicode-72,scicode-72,0.9520855487728659,0.047914451227134114,16,medium,0.5509258125000001,0.5509258125000001,0.2426968449568872
bfcl,bfcl/bfcl-live-multiple-337-133-1,bfcl-live-multiple-337-133-1,0.9521044306526701,0.04789556934732986,16,saturated,0.9625,0.9625,0.1053268721647044
reasoning-gym,reasoning-gym/reasoning-gym-arithmetic-prime-factorization-hard0292e21f-seed45-1,reasoning-gym-arithmetic-prime-factorization-hard0292e21f-seed45-1,0.9521390297365181,0.047860970263481906,16,easy,0.922,0.922,0.1589732681931147
gaia2,gaia2/gaia2-cli/0130_qlwh8i3a0fiqehqfbqw8wqqr7em8p4gc,gaia2-cli/0130_qlwh8i3a0fiqehqfbqw8wqqr7em8p4gc,0.9522784979496705,0.047721502050329545,16,medium,0.4067708124999999,0.4067708124999999,0.308153377982503
swebench-verified,swebench-verified/sphinx-doc__sphinx-9320,sphinx-doc__sphinx-9320,0.95228716927495,0.04771283072504995,16,easy,0.7875,0.7875,0.3637908052713812
lawbench,lawbench/lawbench-2-6-24-one-shot,lawbench-2-6-24-one-shot,0.9523181362298742,0.04768186377012584,16,easy,0.7196365625000001,0.7196365625000001,0.2403408167672963
simpleqa,simpleqa/simpleqa-987,simpleqa-987,0.9523424813023118,0.047657518697688195,16,easy,0.875,0.875,0.243669858620224
scicode,scicode/scicode-16,scicode-16,0.9523724298975478,0.04762757010245222,16,medium,0.6062500000000001,0.6062500000000001,0.4099828502510806
mmmlu,mmmlu/mmmlu-hi-in-00064,mmmlu-hi-in-00064,0.9523875125304727,0.04761248746952729,16,medium,0.5625,0.5625,0.4313858481684349
humanevalfix,humanevalfix/python-129,python-129,0.9524610640610325,0.04753893593896752,16,easy,0.9125,0.9125,0.1727534370135656
spreadsheetbench,spreadsheetbench/41265,41265,0.9524610640610326,0.04753893593896741,16,easy,0.9125,0.9125,0.1727534370135656
spreadsheetbench,spreadsheetbench/82-30,82-30,0.9524631999117591,0.047536800088240905,16,easy,0.7749999999999999,0.7749999999999999,0.3799671038392666
reasoning-gym,reasoning-gym/reasoning-gym-logic-self-reference-easy00cea0a5-seed45-2,reasoning-gym-logic-self-reference-easy00cea0a5-seed45-2,0.9524849688921502,0.047515031107849826,16,easy,0.875,0.875,0.2537222891273055
labbench,labbench/figqa-0082,figqa-0082,0.9525737766382725,0.047426223361727526,16,medium,0.3,0.3,0.3807886552931954
mmmlu,mmmlu/mmmlu-ko-kr-00109,mmmlu-ko-kr-00109,0.9525874513014437,0.04741254869855627,16,medium,0.5875,0.5875,0.4328322423295196
hle,hle/hle/hle__66fb066681a166feb2adc2f5,hle/hle__66fb066681a166feb2adc2f5,0.9526287071939995,0.0473712928060005,16,medium,0.475,0.475,0.4575751304430781
hle,hle/hle/hle__6732ce52ec2dbeda063b420b,hle/hle__6732ce52ec2dbeda063b420b,0.9526287071939995,0.0473712928060005,16,medium,0.45,0.45,0.4387482193696062
arc-agi-2,arc-agi-2/36a08778_0,36a08778_0,0.9526302183194819,0.047369781680518086,16,hard,0.2375,0.2375,0.362068708949006
aider-polyglot,aider-polyglot/polyglot_javascript_space-age,polyglot_javascript_space-age,0.9527991936116548,0.04720080638834523,16,easy,0.7375,0.7375,0.3655047879303361
aider-polyglot,aider-polyglot/polyglot_java_poker,polyglot_java_poker,0.9527991936116548,0.04720080638834523,16,easy,0.75,0.75,0.3427827300200522
dacode,dacode/dacode-dm-csv-061,dacode-dm-csv-061,0.9528191588286709,0.047180841171329146,14,easy,0.84375,0.8214285714285714,0.2901442287369986
usaco,usaco/546,546,0.9528478655379453,0.047152134462054685,16,easy,0.875,0.875,0.2537222891273055
research-code-bench,research-code-bench/diff-transformer_groupnorm_with_scaling,diff-transformer_groupnorm_with_scaling,0.9529065489330393,0.04709345106696072,16,medium,0.3875,0.3875,0.460807714779169
research-code-bench,research-code-bench/eomt_extract_query_tokens,eomt_extract_query_tokens,0.9529065489330393,0.04709345106696072,16,medium,0.3875,0.3875,0.460807714779169
lawbench,lawbench/lawbench-2-7-10-one-shot,lawbench-2-7-10-one-shot,0.9529424560328856,0.04705754396711437,16,medium,0.3377598125,0.3377598125,0.0883994207229456
usaco,usaco/965,965,0.9529763479266217,0.04702365207337833,16,easy,0.8500000000000001,0.8500000000000001,0.2783882181415011
dacode,dacode/dacode-data-wrangling-006,dacode-data-wrangling-006,0.9531333315499732,0.04686666845002685,14,medium,0.6785715000000001,0.6612245714285715,0.3754658078236598
dacode,dacode/dacode-dm-csv-057,dacode-dm-csv-057,0.9531333315499732,0.04686666845002685,14,medium,0.6625000625,0.652381,0.3565073418701018
reasoning-gym,reasoning-gym/reasoning-gym-graphs-quantum-lock-hard0292e21f-seed45-2,reasoning-gym-graphs-quantum-lock-hard0292e21f-seed45-2,0.9531667768815408,0.046833223118459166,16,easy,0.9046875,0.9046875,0.2015988339344997
reasoning-gym,reasoning-gym/reasoning-gym-algorithmic-string-manipulation-easy00cea0a5-seed45-1,reasoning-gym-algorithmic-string-manipulation-easy00cea0a5-seed45-1,0.9531667768815408,0.046833223118459166,16,easy,0.94722225,0.94722225,0.1494589021301089
research-code-bench,research-code-bench/optimalsteps_dynamic_programming_2,optimalsteps_dynamic_programming_2,0.953252531985172,0.046747468014827986,16,hard,0.275,0.275,0.3992179855667828
scicode,scicode/scicode-66,scicode-66,0.9532872402133775,0.04671275978662248,16,medium,0.55555575,0.55555575,0.1937687004118893
crmarena,crmarena/crmarena_0185_monthly_trend_analysis,crmarena_0185_monthly_trend_analysis,0.9533505452879728,0.046649454712027194,16,medium,0.3875,0.3875,0.3119995993587171
lawbench,lawbench/lawbench-1-2-5-one-shot,lawbench-1-2-5-one-shot,0.9533508887838967,0.04664911121610327,16,easy,0.701875,0.701875,0.1710708460696912
aider-polyglot,aider-polyglot/polyglot_javascript_say,polyglot_javascript_say,0.9533731420303062,0.04662685796969379,16,easy,0.85,0.85,0.3201562118716424
labbench,labbench/figqa-0108,figqa-0108,0.9535246985176139,0.0464753014823861,16,medium,0.325,0.325,0.3992179855667828
crmarena,crmarena/crmarena_0329_top_issue_identification,crmarena_0329_top_issue_identification,0.9536400028962285,0.04635999710377148,16,medium,0.4125,0.4125,0.2496873044429772
crmarena,crmarena/crmarena_0316_top_issue_identification,crmarena_0316_top_issue_identification,0.9536400028962285,0.04635999710377148,16,medium,0.453125,0.453125,0.2570680539759851
reasoning-gym,reasoning-gym/reasoning-gym-games-puzzle24-hard0292e21f-seed45-1,reasoning-gym-games-puzzle24-hard0292e21f-seed45-1,0.9536658918954531,0.046334108104546856,16,easy,0.937875,0.937875,0.1356161287421227
reasoning-gym,reasoning-gym/reasoning-gym-code-bf-easy00cea0a5-seed45-2,reasoning-gym-code-bf-easy00cea0a5-seed45-2,0.9536658918954531,0.046334108104546856,16,easy,0.8624999999999999,0.8624999999999999,0.2803457686500725
aider-polyglot,aider-polyglot/polyglot_java_pig-latin,polyglot_java_pig-latin,0.953955705983699,0.046044294016300946,16,easy,0.75,0.75,0.3968626966596886
spreadsheetbench,spreadsheetbench/160-6,160-6,0.9540874159007293,0.04591258409927068,16,medium,0.675,0.675,0.3665719574653795
gpqa-diamond,gpqa-diamond/163,163,0.954130046512667,0.045869953487333026,16,easy,0.9375,0.9375,0.1363589014329464
kumo,kumo/archaeologicalenv-t4-a6-v1-s1,archaeologicalenv-t4-a6-v1-s1,0.954130046512667,0.045869953487333026,16,saturated,0.9625,0.9625,0.0780624749799799
lawbench,lawbench/lawbench-3-3-13-zero-shot,lawbench-3-3-13-zero-shot,0.9541511571773031,0.045848842822696856,16,medium,0.5680208124999999,0.5680208124999999,0.1286646652378863
hle,hle/hle/hle__671e8c73745919354c759204,hle/hle__671e8c73745919354c759204,0.9542076425707994,0.045792357429200625,16,hard,0.1375,0.1375,0.2976470224947665
aider-polyglot,aider-polyglot/polyglot_python_grade-school,polyglot_python_grade-school,0.954320608657894,0.04567939134210597,16,medium,0.5,0.5,0.4472135954999579
aider-polyglot,aider-polyglot/polyglot_python_hangman,polyglot_python_hangman,0.954320608657894,0.04567939134210597,16,medium,0.5625,0.5625,0.4539754949333719
research-code-bench,research-code-bench/eomt_convolution_2,eomt_convolution_2,0.9543241619831802,0.04567583801681985,16,hard,0.15,0.15,0.2872281323269014
lawbench,lawbench/lawbench-2-8-15-one-shot,lawbench-2-8-15-one-shot,0.9543488755791859,0.04565112442081409,16,medium,0.5653125,0.5653125,0.2291933459848911
lawbench,lawbench/lawbench-3-3-16-one-shot,lawbench-3-3-16-one-shot,0.9543488755791859,0.04565112442081409,16,medium,0.5121249375,0.5121249375,0.1485646147365132
labbench,labbench/figqa-0048,figqa-0048,0.9543932680737477,0.04560673192625231,16,hard,0.2875,0.2875,0.3603383826349893
labbench,labbench/figqa-0105,figqa-0105,0.9543932680737477,0.04560673192625231,16,medium,0.4375,0.4375,0.4484347778663024
simpleqa,simpleqa/simpleqa-2790,simpleqa-2790,0.9544074144996448,0.045592585500355165,16,easy,0.875,0.875,0.2436698586202241
simpleqa,simpleqa/simpleqa-2089,simpleqa-2089,0.9544453194545057,0.045554680545494275,16,easy,0.8875,0.8875,0.1996089927833914
reasoning-gym,reasoning-gym/reasoning-gym-algorithmic-isomorphic-strings-hard0292e21f-seed45-2,reasoning-gym-algorithmic-isomorphic-strings-hard0292e21f-seed45-2,0.9544474542980326,0.04555254570196743,16,easy,0.8625,0.8625,0.2315032397181517
scicode,scicode/scicode-1,scicode-1,0.954454585522575,0.045545414477424995,16,easy,0.909375,0.909375,0.2463602227937781
crmarena,crmarena/crmarena_1106_best_region_identification,crmarena_1106_best_region_identification,0.9545659601351829,0.04543403986481709,16,medium,0.375,0.375,0.243669858620224
crmarena,crmarena/crmarena_1143_best_region_identification,crmarena_1143_best_region_identification,0.9545659601351829,0.04543403986481709,16,medium,0.35625,0.35625,0.2317562027217395
kumo,kumo/historicalenv-t4-a6-v1-s0,historicalenv-t4-a6-v1-s0,0.9546586718120051,0.045341328187994856,16,easy,0.8875,0.8875,0.2117634293262177
labbench,labbench/figqa-0169,figqa-0169,0.9547281029419407,0.04527189705805934,16,hard,0.1875,0.1875,0.335177191944798
labbench,labbench/figqa-0031,figqa-0031,0.9547281029419407,0.04527189705805934,16,hard,0.1875,0.1875,0.3276335605520289
algotune,algotune/algotune-lp-mdp,algotune-lp-mdp,0.9547982753648728,0.04520172463512717,16,easy,0.7414841875,0.7414841875,0.2054978652995022
medagentbench,medagentbench/task6_20,task6_20,0.954900964447332,0.04509903555266803,16,easy,0.7375,0.7375,0.3218598297395933
algotune,algotune/algotune-tensor-completion-3d,algotune-tensor-completion-3d,0.9550125259044129,0.04498747409558712,16,medium,0.5752626875,0.5752626875,0.2823182312213734
algotune,algotune/algotune-max-common-subgraph,algotune-max-common-subgraph,0.9550125259044129,0.04498747409558712,16,medium,0.6421211250000001,0.6421211250000001,0.3234952121059667
lawbench,lawbench/lawbench-2-1-22-zero-shot,lawbench-2-1-22-zero-shot,0.9550788214532075,0.04492117854679245,16,medium,0.46635375,0.46635375,0.2390442790278351
dacode,dacode/dacode-data-sa-020,dacode-data-sa-020,0.9552319350955719,0.044768064904428084,14,easy,0.9125,0.9000000000000001,0.1812653934349931
spreadsheetbench,spreadsheetbench/47766,47766,0.9552562401559567,0.04474375984404333,16,medium,0.6875,0.6875,0.3672107705392095
swebenchpro,swebenchpro/instance_internetarchive__openlibrary-de6ae10512f1b5ef585c8341b451bc49c9fd4996-vfa6ff903cb27f336e17654595dd900fa943dcd91,instance_internetarchive__openlibrary-de6ae10512f1b5ef585c8341b451bc49c9fd4996-vfa6ff903cb27f336e17654595dd900fa943dcd91,0.9554172623840759,0.04458273761592413,16,easy,0.7875,0.7875,0.3497767144908306
featurebench-modal,featurebench-modal/pypa__setuptools.d198e86f.test_bdist_wheel.51482fc6.lv1,pypa__setuptools.d198e86f.test_bdist_wheel.51482fc6.lv1,0.9554420637480474,0.04455793625195259,16,hard,0.2125,0.2125,0.342554740151118
featurebench-modal,featurebench-modal/mlflow__mlflow.93dab383.test_mlflow.d1847ff9.lv1,mlflow__mlflow.93dab383.test_mlflow.d1847ff9.lv1,0.9554420637480474,0.04455793625195259,16,hard,0.1125,0.1125,0.186664806538351
livecodebench,livecodebench/3406,3406,0.9555088623857982,0.04449113761420176,16,easy,0.825,0.825,0.2904737509655563
swebench-verified,swebench-verified/sympy__sympy-19954,sympy__sympy-19954,0.9556862609485232,0.04431373905147684,16,medium,0.7,0.7,0.4472135954999579
swebench-verified,swebench-verified/pytest-dev__pytest-7236,pytest-dev__pytest-7236,0.9556862609485232,0.04431373905147684,16,medium,0.6875,0.6875,0.4240798863421843
reasoning-gym,reasoning-gym/reasoning-gym-algorithmic-rotate-matrix-hard0292e21f-seed45-1,reasoning-gym-algorithmic-rotate-matrix-hard0292e21f-seed45-1,0.9556913641729279,0.04430863582707212,16,easy,0.8125,0.8125,0.2869560070812249
reasoning-gym,reasoning-gym/reasoning-gym-algorithmic-spiral-matrix-hard0292e21f-seed45-0,reasoning-gym-algorithmic-spiral-matrix-hard0292e21f-seed45-0,0.9556913641729279,0.04430863582707212,16,easy,0.8,0.8,0.3464101615137755
reasoning-gym,reasoning-gym/reasoning-gym-logic-self-reference-easy00cea0a5-seed45-1,reasoning-gym-logic-self-reference-easy00cea0a5-seed45-1,0.9557705739388807,0.04422942606111935,16,easy,0.85,0.85,0.2598076211353316
omnimath,omnimath/omnimath_3789,omnimath_3789,0.9557790087219507,0.04422099127804935,16,easy,0.875,0.875,0.2633913438213184
omnimath,omnimath/omnimath_3802,omnimath_3802,0.9557790087219507,0.04422099127804935,16,easy,0.825,0.825,0.2904737509655563
arc-agi-2,arc-agi-2/3e6067c3_1,3e6067c3_1,0.9557853714396393,0.044214628560360736,16,medium,0.4875,0.4875,0.4470388685561917
reasoning-gym,reasoning-gym/reasoning-gym-algorithmic-game-of-life-hard0292e21f-seed45-1,reasoning-gym-algorithmic-game-of-life-hard0292e21f-seed45-1,0.9558082973866872,0.044191702613312844,16,easy,0.74805,0.74805,0.3238271722694066
reasoning-gym,reasoning-gym/reasoning-gym-algorithmic-game-of-life-hard0292e21f-seed45-2,reasoning-gym-algorithmic-game-of-life-hard0292e21f-seed45-2,0.9558082973866872,0.044191702613312844,16,easy,0.81576,0.81576,0.2827408424688588
usaco,usaco/1229,1229,0.9558395569922175,0.044160443007782546,16,medium,0.6499999999999999,0.6499999999999999,0.4092676385936225
lawbench,lawbench/lawbench-3-8-10-zero-shot,lawbench-3-8-10-zero-shot,0.9558549880377639,0.04414501196223608,16,hard,0.15495125,0.15495125,0.0617644085988241
lawbench,lawbench/lawbench-3-8-11-zero-shot,lawbench-3-8-11-zero-shot,0.9558549880377639,0.04414501196223608,16,hard,0.1358504375,0.1358504375,0.0579439582268599
spider2,spider2/activity001,activity001,0.9560955842052106,0.04390441579478943,16,easy,0.7250000000000001,0.7250000000000001,0.373329613076702
simpleqa,simpleqa/simpleqa-173,simpleqa-173,0.9561324609630234,0.0438675390369766,16,easy,0.8125,0.8125,0.2955397604384222
simpleqa,simpleqa/simpleqa-1257,simpleqa-1257,0.9561324609630234,0.0438675390369766,16,easy,0.8625,0.8625,0.2803457686500726
lawbench,lawbench/lawbench-2-10-15-zero-shot,lawbench-2-10-15-zero-shot,0.9561528619204249,0.043847138079575076,16,medium,0.691824125,0.691824125,0.2187143783559036
lawbench,lawbench/lawbench-2-10-5-one-shot,lawbench-2-10-5-one-shot,0.9561528619204249,0.043847138079575076,16,medium,0.6895100625000001,0.6895100625000001,0.2680699498777019
reasoning-gym,reasoning-gym/reasoning-gym-games-maze-easy00cea0a5-seed45-0,reasoning-gym-games-maze-easy00cea0a5-seed45-0,0.9561690903816998,0.04383090961830016,16,easy,0.8,0.8,0.3162277660168379
lawbench,lawbench/lawbench-3-2-23-one-shot,lawbench-3-2-23-one-shot,0.9562192762093069,0.04378072379069309,16,medium,0.394932125,0.394932125,0.2006062534387559
reasoning-gym,reasoning-gym/reasoning-gym-algorithmic-spell-backward-easy00cea0a5-seed45-2,reasoning-gym-algorithmic-spell-backward-easy00cea0a5-seed45-2,0.9562468204422919,0.04375317955770808,16,easy,0.9152778125,0.9152778125,0.1750165169124113
reasoning-gym,reasoning-gym/reasoning-gym-algorithmic-spell-backward-easy00cea0a5-seed45-0,reasoning-gym-algorithmic-spell-backward-easy00cea0a5-seed45-0,0.9562468204422919,0.04375317955770808,16,easy,0.9296875,0.9296875,0.1946990365763272
labbench,labbench/figqa-0170,figqa-0170,0.9563139424864703,0.04368605751352972,16,hard,0.1875,0.1875,0.3497767144908306
aider-polyglot,aider-polyglot/polyglot_javascript_rest-api,polyglot_javascript_rest-api,0.9563373183017048,0.043662681698295236,16,medium,0.7,0.7,0.4242640687119285
aime,aime/aime_69,aime_69,0.9563821131279366,0.04361788687206336,16,easy,0.9458333125,0.9458333125,0.1653595341092851
hle,hle/hle/hle__6717bd1d443232c907a31720,hle/hle__6717bd1d443232c907a31720,0.9563967246424538,0.043603275357546156,16,hard,0.1375,0.1375,0.3295356581616017
lawbench,lawbench/lawbench-2-3-21-one-shot,lawbench-2-3-21-one-shot,0.9564119201888837,0.04358807981111634,16,medium,0.6782380000000001,0.6782380000000001,0.2010055130434859
gpqa-diamond,gpqa-diamond/105,105,0.9564530699474484,0.04354693005255161,16,easy,0.825,0.825,0.3455068740271313
gpqa-diamond,gpqa-diamond/180,180,0.9566193429864808,0.04338065701351923,16,easy,0.8625,0.8625,0.2420614591379635
lawbench,lawbench/lawbench-3-5-3-one-shot,lawbench-3-5-3-one-shot,0.9566209571609708,0.04337904283902916,16,easy,0.82706,0.82706,0.1667735544286023
lawbench,lawbench/lawbench-3-4-13-zero-shot,lawbench-3-4-13-zero-shot,0.9566895887678665,0.04331041123213353,16,medium,0.6804261875,0.6804261875,0.2743347525599925
lawbench,lawbench/lawbench-3-5-3-zero-shot,lawbench-3-5-3-zero-shot,0.9566895887678665,0.04331041123213353,16,easy,0.711796375,0.711796375,0.3301110025080342
replicationbench,replicationbench/astm3__spectra_classification_accuracy_limited_data_10_percent,astm3__spectra_classification_accuracy_limited_data_10_percent,0.9566907701120558,0.04330922988794417,16,hard,0.1125,0.1125,0.186664806538351
crustbench,crustbench/crustbench-recordmanager,crustbench-recordmanager,0.956752615262139,0.04324738473786105,14,medium,0.628125,0.6035714285714286,0.4311381472809107
crustbench,crustbench/crustbench-libbase122,crustbench-libbase122,0.956752615262139,0.04324738473786105,13,medium,0.5531250000000001,0.5423076923076923,0.4505749121725376
gaia,gaia/0512426f-4d28-49f0-be77-06d05daec096,0512426f-4d28-49f0-be77-06d05daec096,0.9567703710743211,0.04322962892567894,16,hard,0.1375,0.1375,0.2712816801776338
gaia,gaia/20194330-9976-4043-8632-f8485c6c71b2,20194330-9976-4043-8632-f8485c6c71b2,0.9567703710743211,0.04322962892567894,16,hard,0.2,0.2,0.3082207001484489
reasoning-gym,reasoning-gym/reasoning-gym-games-sudoku-hard0292e21f-seed45-0,reasoning-gym-games-sudoku-hard0292e21f-seed45-0,0.9567893705992548,0.04321062940074516,16,easy,0.868888875,0.868888875,0.231100425100181
crustbench,crustbench/crustbench-megalania,crustbench-megalania,0.9568363494174495,0.04316365058255045,14,easy,0.8250000000000001,0.7999999999999999,0.3380617018914066
medagentbench,medagentbench/task4_11,task4_11,0.9569137932474003,0.043086206752599665,16,easy,0.8375,0.8375,0.2847696437473629
lawbench,lawbench/lawbench-3-2-2-zero-shot,lawbench-3-2-2-zero-shot,0.9569992550597418,0.043000744940258184,16,medium,0.352277625,0.352277625,0.1702103307965159
lawbench,lawbench/lawbench-3-2-7-zero-shot,lawbench-3-2-7-zero-shot,0.9569992550597418,0.043000744940258184,16,hard,0.2734955,0.2734955,0.1420844333583028
simpleqa,simpleqa/simpleqa-1335,simpleqa-1335,0.9570432441025934,0.04295675589740655,16,easy,0.8875,0.8875,0.1996089927833914
simpleqa,simpleqa/simpleqa-751,simpleqa-751,0.9570432441025934,0.04295675589740655,16,easy,0.8375,0.8375,0.3099899191909311
dacode,dacode/dacode-data-sa-052,dacode-data-sa-052,0.9571388264650019,0.042861173534998076,14,medium,0.6625,0.6142857142857142,0.4688239737549126
reasoning-gym,reasoning-gym/reasoning-gym-algorithmic-string-manipulation-easy00cea0a5-seed45-0,reasoning-gym-algorithmic-string-manipulation-easy00cea0a5-seed45-0,0.9571976956620766,0.042802304337923425,16,easy,0.9049509375,0.9049509375,0.197645537879517
lawbench,lawbench/lawbench-2-7-13-one-shot,lawbench-2-7-13-one-shot,0.957200808847812,0.042799191152188,16,medium,0.3052162499999999,0.3052162499999999,0.0959618404259604
dacode,dacode/dacode-data-sa-025,dacode-data-sa-025,0.9573134733000889,0.04268652669991113,14,saturated,0.971875,0.9678571428571427,0.064384844204714
labbench,labbench/figqa-0174,figqa-0174,0.9573413513758753,0.04265864862412472,16,medium,0.4,0.4,0.4
labbench,labbench/figqa-0177,figqa-0177,0.9573413513758753,0.04265864862412472,16,medium,0.4625,0.4625,0.3982383080518498
medagentbench,medagentbench/task4_3,task4_3,0.9573631894207569,0.04263681057924307,16,easy,0.8125,0.8125,0.2689679348918752
medagentbench,medagentbench/task4_10,task4_10,0.9573631894207569,0.04263681057924307,16,easy,0.85,0.85,0.25
dacode,dacode/dacode-data-wrangling-015,dacode-data-wrangling-015,0.9575085317125487,0.04249146828745132,14,hard,0.2075,0.2371428571428571,0.3781048337513321
dacode,dacode/dacode-data-wrangling-075,dacode-data-wrangling-075,0.9575085317125487,0.04249146828745132,14,hard,0.1625,0.1857142857142857,0.3067272936226269
arc-agi-2,arc-agi-2/8f3a5a89_0,8f3a5a89_0,0.9575605952042312,0.0424394047957688,16,medium,0.35,0.35,0.4092676385936225
simpleqa,simpleqa/simpleqa-4196,simpleqa-4196,0.9575778686255523,0.042422131374447725,16,easy,0.7875000000000001,0.7875000000000001,0.3637908052713812
simpleqa,simpleqa/simpleqa-188,simpleqa-188,0.957640763527456,0.042359236472544026,16,easy,0.925,0.925,0.171391365010026
crustbench,crustbench/crustbench-emlang,crustbench-emlang,0.9576635971035921,0.04233640289640794,14,easy,0.8,0.7714285714285715,0.3534090536243708
usaco,usaco/735,735,0.9578947368421055,0.042105263157894535,16,easy,0.925,0.925,0.243669858620224
usaco,usaco/376,376,0.9578947368421055,0.042105263157894535,16,easy,0.925,0.925,0.243669858620224
research-code-bench,research-code-bench/semanticist_apply_embedding_masks,semanticist_apply_embedding_masks,0.9580012594257167,0.04199874057428332,16,medium,0.375,0.375,0.4408798022137099
algotune,algotune/algotune-chebyshev-center,algotune-chebyshev-center,0.9580350899269532,0.04196491007304681,16,medium,0.5531904375000001,0.5531904375000001,0.2124357440562818
replicationbench,replicationbench/muse_outflows__outflow_energetics,muse_outflows__outflow_energetics,0.9580467935004976,0.041953206499502405,16,hard,0.1624999999999999,0.1624999999999999,0.3099899191909311
dacode,dacode/dacode-dm-csv-037,dacode-dm-csv-037,0.9580821393507126,0.041917860649287375,14,easy,0.875,0.8571428571428571,0.2321153829895988
livecodebench,livecodebench/abc308_f,abc308_f,0.9580944848061752,0.041905515193824794,16,easy,0.8,0.8,0.3674234614174767
arc-agi-2,arc-agi-2/db0c5428_0,db0c5428_0,0.9581151832460733,0.041884816753926746,16,medium,0.325,0.325,0.3455068740271313
arc-agi-2,arc-agi-2/b5ca7ac4_0,b5ca7ac4_0,0.9581151832460733,0.041884816753926746,16,medium,0.325,0.325,0.3455068740271313
aider-polyglot,aider-polyglot/polyglot_go_crypto-square,polyglot_go_crypto-square,0.9582245430809403,0.041775456919059706,16,easy,0.9125,0.9125,0.2446298223847615
reasoning-gym,reasoning-gym/reasoning-gym-games-maze-hard0292e21f-seed45-1,reasoning-gym-games-maze-hard0292e21f-seed45-1,0.9582272421566881,0.041772757843311914,16,easy,0.825,0.825,0.2989565185775349
labbench,labbench/figqa-0006,figqa-0006,0.9583148474999098,0.041685152500090195,16,hard,0.15,0.15,0.2958039891549808
labbench,labbench/figqa-0050,figqa-0050,0.9583148474999098,0.041685152500090195,16,frontier,0.025,0.025,0.0661437827766147
spreadsheetbench,spreadsheetbench/42526,42526,0.9584072239320266,0.0415927760679734,16,easy,0.8875,0.8875,0.2446298223847615
swebench-verified,swebench-verified/django__django-13346,django__django-13346,0.9584083178379831,0.04159168216201692,16,medium,0.675,0.675,0.4115519408288582
pixiu,pixiu/pixiu-multifin-multifineng1,pixiu-multifin-multifineng1,0.958453270405956,0.04154672959404404,16,easy,0.7552083125,0.7552083125,0.3380252731475338
pixiu,pixiu/pixiu-cd-cd0,pixiu-cd-cd0,0.958453270405956,0.04154672959404404,16,easy,0.797500625,0.797500625,0.2891478885810155
lawbench,lawbench/lawbench-3-3-20-one-shot,lawbench-3-3-20-one-shot,0.9585891563038136,0.04141084369618642,16,medium,0.63437475,0.63437475,0.1717644625360918
lawbench,lawbench/lawbench-3-6-15-zero-shot,lawbench-3-6-15-zero-shot,0.9585891563038136,0.04141084369618642,16,medium,0.658125,0.658125,0.2437524038343007
simpleqa,simpleqa/simpleqa-3111,simpleqa-3111,0.9585931846674115,0.0414068153325885,16,easy,0.875,0.875,0.2727178028658928
research-code-bench,research-code-bench/eomt_generate_masks,eomt_generate_masks,0.9586694384562212,0.04133056154377879,16,hard,0.1875,0.1875,0.3199120973017432
mmmlu,mmmlu/mmmlu-yo-ng-00147,mmmlu-yo-ng-00147,0.9587628536218673,0.041237146378132694,16,medium,0.6124999999999999,0.6124999999999999,0.3966657913155608
widesearch,widesearch/widesearch/widesearch-ws-en-100,widesearch/widesearch-ws-en-100,0.9588303322097047,0.041169667790295295,16,easy,0.8741608125,0.8741608125,0.2465442302978359
widesearch,widesearch/widesearch/widesearch-ws-zh-021,widesearch/widesearch-ws-zh-021,0.9588303322097047,0.041169667790295295,16,easy,0.7993970625,0.7993970625,0.2603088999723378
mmmlu,mmmlu/mmmlu-sw-ke-00139,mmmlu-sw-ke-00139,0.9588376243421884,0.041162375657811556,16,medium,0.6125,0.6125,0.4211220131980754
simpleqa,simpleqa/simpleqa-4077,simpleqa-4077,0.9588835108785422,0.04111648912145782,16,easy,0.8875,0.8875,0.254644359843292
algotune,algotune/algotune-power-control,algotune-power-control,0.9588852171689103,0.04111478283108971,16,medium,0.68254775,0.68254775,0.2667205795395951
algotune,algotune/algotune-dynamic-assortment-planning,algotune-dynamic-assortment-planning,0.9588852171689103,0.04111478283108971,16,medium,0.658766,0.658766,0.2602097742886977
simpleqa,simpleqa/simpleqa-1378,simpleqa-1378,0.9589833366091258,0.041016663390874175,16,easy,0.7625,0.7625,0.3407253292609752
simpleqa,simpleqa/simpleqa-1120,simpleqa-1120,0.9589833366091258,0.041016663390874175,16,easy,0.7875,0.7875,0.3199120973017431
quixbugs,quixbugs/quixbugs-java-shortest_path_length,quixbugs-java-shortest_path_length,0.9590281521538291,0.04097184784617092,16,easy,0.9229166875,0.9229166875,0.1470632295633067
omnimath,omnimath/omnimath_3682,omnimath_3682,0.9590588960807266,0.040941103919273414,16,easy,0.8999999999999999,0.8999999999999999,0.2121320343559642
kumo,kumo/motifanalysisenv-t4-a6-v1-s0,motifanalysisenv-t4-a6-v1-s0,0.9590588960807266,0.040941103919273414,16,easy,0.9,0.9,0.2121320343559642
omnimath,omnimath/omnimath_1589,omnimath_1589,0.9590588960807266,0.040941103919273414,16,easy,0.9375,0.9375,0.1536025715930563
strongreject,strongreject/strongreject_disinformation_and_deception_0045_pap_logical_appeal,strongreject_disinformation_and_deception_0045_pap_logical_appeal,0.9590590310117758,0.04094096898822419,16,easy,0.8671875,0.8671875,0.3212182316490612
bfcl,bfcl/bfcl-parallel-33,bfcl-parallel-33,0.9590643087980756,0.04093569120192442,16,easy,0.875,0.875,0.2222048604328897
research-code-bench,research-code-bench/advantage-alignment_aa_terms2,advantage-alignment_aa_terms2,0.9590922471954061,0.04090775280459391,16,medium,0.3625,0.3625,0.4075460096725277
hle,hle/hle/hle__6739691ecea30e65e1f96876,hle/hle__6739691ecea30e65e1f96876,0.9591485194882816,0.040851480511718385,16,medium,0.5125,0.5125,0.4470388685561917
hle,hle/hle/hle__66edd3dc1ee489494038d9eb,hle/hle__66edd3dc1ee489494038d9eb,0.9591485194882816,0.040851480511718385,16,medium,0.55,0.55,0.4387482193696061
hle,hle/hle/hle__670d933ad54037c51abbe3ca,hle/hle__670d933ad54037c51abbe3ca,0.9591514053389597,0.040848594661040294,16,medium,0.325,0.325,0.44087980221371
hle,hle/hle/hle__6723fd5a1e085509e462323d,hle/hle__6723fd5a1e085509e462323d,0.9591514053389597,0.040848594661040294,16,medium,0.3125,0.3125,0.3805834336909582
omnimath,omnimath/omnimath_537,omnimath_537,0.9591836734693875,0.04081632653061251,16,easy,0.8625,0.8625,0.2315032397181517
aider-polyglot,aider-polyglot/polyglot_rust_book-store,polyglot_rust_book-store,0.9591836734693876,0.0408163265306124,16,easy,0.8624999999999999,0.8624999999999999,0.2315032397181516
simpleqa,simpleqa/simpleqa-3787,simpleqa-3787,0.9592119553362484,0.04078804466375163,16,easy,0.8625,0.8625,0.2976470224947665
omnimath,omnimath/omnimath_401,omnimath_401,0.9592119553362486,0.04078804466375141,16,easy,0.8500000000000001,0.8500000000000001,0.229128784747792
omnimath,omnimath/omnimath_3664,omnimath_3664,0.9592119553362486,0.04078804466375141,16,easy,0.9375,0.9375,0.1165922381636101
omnimath,omnimath/omnimath_2343,omnimath_2343,0.9592119553362486,0.04078804466375141,16,easy,0.8500000000000001,0.8500000000000001,0.2291287847477919
research-code-bench,research-code-bench/fractalgen_init_token_mask__patches__orders__num_iter,fractalgen_init_token_mask__patches__orders__num_iter,0.9592930527707499,0.04070694722925006,16,medium,0.4624999999999999,0.4624999999999999,0.4284784125250652
swebenchpro,swebenchpro/instance_navidrome__navidrome-3f2d24695e9382125dfe5e6d6c8bbeb4a313a4f9,instance_navidrome__navidrome-3f2d24695e9382125dfe5e6d6c8bbeb4a313a4f9,0.9593531087442945,0.04064689125570553,16,medium,0.65,0.65,0.3968626966596886
crmarena,crmarena/crmarena_0852_transfer_count,crmarena_0852_transfer_count,0.9593655015712704,0.04063449842872957,16,medium,0.3,0.3,0.2449489742783178
crmarena,crmarena/crmarena_0816_transfer_count,crmarena_0816_transfer_count,0.9593655015712704,0.04063449842872957,16,hard,0.2624999999999999,0.2624999999999999,0.2712816801776338
aider-polyglot,aider-polyglot/polyglot_javascript_variable-length-quantity,polyglot_javascript_variable-length-quantity,0.9593830911318105,0.04061690886818947,16,easy,0.8125,0.8125,0.335177191944798
swesmith,swesmith/oauthlib__oauthlib.1fd52536.combine_file__4989os43,oauthlib__oauthlib.1fd52536.combine_file__4989os43,0.959404530696165,0.04059546930383495,16,hard,0.134375,0.134375,0.2626301760556087
swesmith,swesmith/oauthlib__oauthlib.1fd52536.combine_file__8mcd2b7a,oauthlib__oauthlib.1fd52536.combine_file__8mcd2b7a,0.959404530696165,0.04059546930383495,16,hard,0.10625,0.10625,0.2633171804117612
reasoning-gym,reasoning-gym/reasoning-gym-algorithmic-letter-jumble-easy00cea0a5-seed45-1,reasoning-gym-algorithmic-letter-jumble-easy00cea0a5-seed45-1,0.9595123242642265,0.0404876757357735,16,easy,0.9425,0.9425,0.1503121751555741
lawbench,lawbench/lawbench-2-5-1-one-shot,lawbench-2-5-1-one-shot,0.9595427806056046,0.040457219394395394,16,easy,0.77364475,0.77364475,0.2210591125156063
labbench,labbench/figqa-0136,figqa-0136,0.959549286457681,0.040450713542318995,16,hard,0.1875,0.1875,0.3119995993587171
gaia2,gaia2/gaia2-cli/0445_zkqhde1d8h1yzjyvdbggtduz7shrghmt,gaia2-cli/0445_zkqhde1d8h1yzjyvdbggtduz7shrghmt,0.9596369119184376,0.040363088081562415,16,medium,0.3200894374999999,0.3200894374999999,0.2445220120428753
gaia2,gaia2/gaia2-cli/0347_d288ql44qdt8ip4kdbmv22fmtkaiu05q,gaia2-cli/0347_d288ql44qdt8ip4kdbmv22fmtkaiu05q,0.9596369119184376,0.040363088081562415,16,hard,0.24732125,0.24732125,0.1859007403641456
humanevalfix,humanevalfix/python-81,python-81,0.9596558891853787,0.0403441108146213,16,easy,0.925,0.925,0.171391365010026
kumo,kumo/narrativedetectenv-t4-a6-v1-s0,narrativedetectenv-t4-a6-v1-s0,0.9596558891853789,0.04034411081462108,16,easy,0.925,0.925,0.171391365010026
arc-agi-2,arc-agi-2/b6f77b65_0,b6f77b65_0,0.9597086278691591,0.040291372130840886,16,hard,0.1375,0.1375,0.2420614591379636
aider-polyglot,aider-polyglot/polyglot_python_food-chain,polyglot_python_food-chain,0.9598571737191779,0.04014282628082211,16,medium,0.5875,0.5875,0.4270172713134681
aider-polyglot,aider-polyglot/polyglot_go_bowling,polyglot_go_bowling,0.9598571737191779,0.04014282628082211,16,medium,0.6625000000000001,0.6625000000000001,0.4044672421840858
replicationbench,replicationbench/galaxy_manifold__data_preparation,galaxy_manifold__data_preparation,0.9599391111188337,0.04006088888116632,16,hard,0.1875,0.1875,0.3199120973017432
dacode,dacode/dacode-data-wrangling-047,dacode-data-wrangling-047,0.9599500307298237,0.040049969270176344,14,easy,0.75,0.7142857142857143,0.4050699108216521
simpleqa,simpleqa/simpleqa-1989,simpleqa-1989,0.9600014517991348,0.039998548200865236,16,easy,0.8,0.8,0.282842712474619
labbench,labbench/figqa-0157,figqa-0157,0.960017843791833,0.03998215620816703,16,medium,0.325,0.325,0.3864906208435076
labbench,labbench/figqa-0089,figqa-0089,0.960017843791833,0.03998215620816703,16,medium,0.375,0.375,0.3992179855667828
medagentbench,medagentbench/task5_2,task5_2,0.9600208805625917,0.039979119437408284,16,easy,0.8625,0.8625,0.261904085496962
simpleqa,simpleqa/simpleqa-4120,simpleqa-4120,0.9600245776857551,0.03997542231424489,16,easy,0.8625,0.8625,0.2420614591379635
usaco,usaco/104,104,0.9600449163823177,0.0399550836176823,16,medium,0.525,0.525,0.4520785330006281
simpleqa,simpleqa/simpleqa-4011,simpleqa-4011,0.9601139601139598,0.039886039886040225,16,easy,0.8875,0.8875,0.2341874249399399
dacode,dacode/dacode-ml-multi-006,dacode-ml-multi-006,0.9601224645136078,0.03987753548639217,14,medium,0.5047469375,0.4892202142857141,0.3188274524748409
medagentbench,medagentbench/task1_15,task1_15,0.9601898756794238,0.03981012432057618,16,easy,0.7000000000000001,0.7000000000000001,0.324037034920393
medagentbench,medagentbench/task1_28,task1_28,0.9601898756794238,0.03981012432057618,16,easy,0.725,0.725,0.3455068740271313
aider-polyglot,aider-polyglot/polyglot_python_scale-generator,polyglot_python_scale-generator,0.9601918975434106,0.03980810245658939,16,easy,0.7625,0.7625,0.3950870157319777
aider-polyglot,aider-polyglot/polyglot_javascript_palindrome-products,polyglot_javascript_palindrome-products,0.9602551253987035,0.0397448746012965,16,medium,0.6875,0.6875,0.4181432170919433
omnimath,omnimath/omnimath_728,omnimath_728,0.9602575218666107,0.03974247813338927,16,easy,0.9375,0.9375,0.1165922381636101
omnimath,omnimath/omnimath_3553,omnimath_3553,0.9602575218666107,0.03974247813338927,16,easy,0.9,0.9,0.2121320343559642
gaia,gaia/389793a7-ca17-4e82-81cb-2b3a2391b4b9,389793a7-ca17-4e82-81cb-2b3a2391b4b9,0.9602575218666107,0.03974247813338927,16,easy,0.9375,0.9375,0.1165922381636101
gaia,gaia/5cfb274c-0207-4aa7-9575-6ac0bd95d9b2,5cfb274c-0207-4aa7-9575-6ac0bd95d9b2,0.9602575218666107,0.03974247813338927,16,easy,0.9,0.9,0.2121320343559642
dacode,dacode/dacode-data-sa-032,dacode-data-sa-032,0.9603025132615536,0.03969748673844642,14,medium,0.675,0.6428571428571429,0.4288094577086752
dacode,dacode/dacode-di-text-022,dacode-di-text-022,0.9603025132615536,0.03969748673844642,14,easy,0.7125,0.6714285714285715,0.4510758115384842
arc-agi-2,arc-agi-2/4a21e3da_0,4a21e3da_0,0.9603491783436278,0.03965082165637224,16,medium,0.3375,0.3375,0.3982383080518498
arc-agi-2,arc-agi-2/4c3d4a41_1,4c3d4a41_1,0.9603491783436278,0.03965082165637224,16,medium,0.325,0.325,0.3864906208435076
spreadsheetbench,spreadsheetbench/48608,48608,0.9603844045968793,0.03961559540312065,16,easy,0.85,0.85,0.3354101966249684
kumo,kumo/beverageenv-t4-a6-v1-s0,beverageenv-t4-a6-v1-s0,0.9604522532065506,0.03954774679344941,16,easy,0.9125,0.9125,0.1727534370135656
kumo,kumo/celestialenv-t4-a6-v1-s0,celestialenv-t4-a6-v1-s0,0.9604522532065506,0.03954774679344941,16,easy,0.925,0.925,0.171391365010026
gpqa-diamond,gpqa-diamond/55,55,0.9604522532065506,0.03954774679344941,16,easy,0.9125,0.9125,0.1727534370135656
gpqa-diamond,gpqa-diamond/197,197,0.9604522532065506,0.03954774679344941,16,easy,0.9125,0.9125,0.1727534370135656
kumo,kumo/musicenv-t12-a16-v1-s0,musicenv-t12-a16-v1-s0,0.9604522532065506,0.03954774679344941,16,easy,0.9125,0.9125,0.1727534370135656
omnimath,omnimath/omnimath_1784,omnimath_1784,0.9604522532065507,0.0395477467934493,16,easy,0.9125,0.9125,0.1727534370135656
featurebench-modal,featurebench-modal/astropy__astropy.b0db0daa.test_containers.6079987d.lv1,astropy__astropy.b0db0daa.test_containers.6079987d.lv1,0.9605357715153782,0.03946422848462183,16,hard,0.2625,0.2625,0.3585997071945263
featurebench-modal,featurebench-modal/pydata__xarray.97f3a746.test_treenode.aa8ba777.lv1,pydata__xarray.97f3a746.test_treenode.aa8ba777.lv1,0.9605357715153782,0.03946422848462183,16,hard,0.2624999999999999,0.2624999999999999,0.3515590277606308
omnimath,omnimath/omnimath_3641,omnimath_3641,0.9605795052668947,0.03942049473310527,16,easy,0.7625,0.7625,0.3479852726768763
gaia,gaia/b816bfce-3d80-4913-a07d-69b752ce6377,b816bfce-3d80-4913-a07d-69b752ce6377,0.9606463013980244,0.03935369860197557,16,easy,0.7125,0.7125,0.3998046397929869
gaia,gaia/0ff53813-3367-4f43-bcbd-3fd725c1bf4b,0ff53813-3367-4f43-bcbd-3fd725c1bf4b,0.9606463013980244,0.03935369860197557,16,medium,0.7,0.7,0.3872983346207417
reasoning-gym,reasoning-gym/reasoning-gym-algorithmic-letter-counting-hard0292e21f-seed45-1,reasoning-gym-algorithmic-letter-counting-hard0292e21f-seed45-1,0.9606578132828152,0.03934218671718481,16,easy,0.903125,0.903125,0.2439702530535229
usaco,usaco/940,940,0.9606724552442732,0.03932754475572675,16,easy,0.9125,0.9125,0.254644359843292
reasoning-gym,reasoning-gym/reasoning-gym-algorithmic-rotten-oranges-easy00cea0a5-seed45-2,reasoning-gym-algorithmic-rotten-oranges-easy00cea0a5-seed45-2,0.9607002310236763,0.0392997689763237,16,easy,0.8625,0.8625,0.220439901106855
reasoning-gym,reasoning-gym/reasoning-gym-algorithmic-manipulate-matrix-hard0292e21f-seed45-2,reasoning-gym-algorithmic-manipulate-matrix-hard0292e21f-seed45-2,0.9607002310236763,0.0392997689763237,16,easy,0.8875,0.8875,0.186664806538351
dacode,dacode/dacode-dm-csv-055,dacode-dm-csv-055,0.9607194051471115,0.039280594852888484,14,easy,0.8625,0.8428571428571429,0.3133101742780186
hle,hle/hle/hle__673b631505be2302d4445ece,hle/hle__673b631505be2302d4445ece,0.9608124543345702,0.03918754566542981,16,medium,0.4375,0.4375,0.401364858950058
hle,hle/hle/hle__67353bacf5927b66a51a2e7c,hle/hle__67353bacf5927b66a51a2e7c,0.9608124543345702,0.03918754566542981,16,medium,0.3875,0.3875,0.3966657913155608
replicationbench,replicationbench/astm3__multimodal_classification_clip,astm3__multimodal_classification_clip,0.9608594969810764,0.03914050301892358,16,hard,0.175,0.175,0.2817356917396161
seal0,seal0/78,78,0.9609128015388934,0.03908719846110664,16,easy,0.7375,0.7375,0.3515590277606308
seal0,seal0/38,38,0.9609128015388934,0.03908719846110664,16,medium,0.65,0.65,0.3570714214271425
swesmith,swesmith/oauthlib__oauthlib.1fd52536.combine_file__8424hlua,oauthlib__oauthlib.1fd52536.combine_file__8424hlua,0.9609388427785314,0.039061157221468634,16,easy,0.7625,0.7625,0.3479852726768763
swesmith,swesmith/oauthlib__oauthlib.1fd52536.combine_file__gw503g8h,oauthlib__oauthlib.1fd52536.combine_file__gw503g8h,0.9609388427785314,0.039061157221468634,16,easy,0.7375,0.7375,0.3443744328488977
spreadsheetbench,spreadsheetbench/55976,55976,0.9609876522409447,0.039012347759055266,16,easy,0.75,0.75,0.3905124837953327
usaco,usaco/862,862,0.9610055211288275,0.03899447887117247,16,medium,0.5874999999999999,0.5874999999999999,0.4328322423295196
usaco,usaco/380,380,0.9610055211288275,0.03899447887117247,16,medium,0.565625,0.565625,0.434712099411783
aime,aime/aime_74,aime_74,0.9611974034971156,0.03880259650288442,16,easy,0.9083333125,0.9083333125,0.185405026788218
aime,aime/aime_ii-12,aime_ii-12,0.9611974034971156,0.03880259650288442,16,easy,0.875,0.875,0.2817356917396161
research-code-bench,research-code-bench/eomt_create_attention_mask,eomt_create_attention_mask,0.9613526570048309,0.03864734299516914,16,hard,0.225,0.225,0.359687364248454
research-code-bench,research-code-bench/optimalsteps_dynamic_programming_traceback,optimalsteps_dynamic_programming_traceback,0.9613526570048309,0.03864734299516914,16,hard,0.225,0.225,0.359687364248454
reasoning-gym,reasoning-gym/reasoning-gym-arithmetic-dice-hard0292e21f-seed45-0,reasoning-gym-arithmetic-dice-hard0292e21f-seed45-0,0.9614319029301235,0.03856809706987652,16,easy,0.8875,0.8875,0.2232571387436469
reasoning-gym,reasoning-gym/reasoning-gym-algorithmic-isomorphic-strings-hard0292e21f-seed45-0,reasoning-gym-algorithmic-isomorphic-strings-hard0292e21f-seed45-0,0.9614319029301235,0.03856809706987652,16,easy,0.8218749999999999,0.8218749999999999,0.2909943889063842
gaia,gaia/46719c30-f4c3-4cad-be07-d5cb21eee6bb,46719c30-f4c3-4cad-be07-d5cb21eee6bb,0.9614862588015896,0.038513741198410445,16,frontier,0.0375,0.0375,0.1053268721647045
gaia,gaia/624cbf11-6a41-4692-af9c-36b3e5ca3130,624cbf11-6a41-4692-af9c-36b3e5ca3130,0.9614862588015896,0.038513741198410445,16,hard,0.0999999999999999,0.0999999999999999,0.2345207879911715
bfcl,bfcl/bfcl-live-simple-2-2-0,bfcl-live-simple-2-2-0,0.9614962976198936,0.038503702380106364,16,easy,0.9375,0.9375,0.1536025715930563
aider-polyglot,aider-polyglot/polyglot_go_scale-generator,polyglot_go_scale-generator,0.9615707010928813,0.03842929890711866,16,easy,0.7000000000000001,0.7000000000000001,0.3807886552931954
swebenchpro,swebenchpro/instance_qutebrowser__qutebrowser-bf045f7ec7c27709ea3ef61cf41a24e8fdd2e7da-v059c6fdc75567943479b23ebca7c07b5e9a7f34c,instance_qutebrowser__qutebrowser-bf045f7ec7c27709ea3ef61cf41a24e8fdd2e7da-v059c6fdc75567943479b23ebca7c07b5e9a7f34c,0.9616162864432684,0.03838371355673165,16,easy,0.8125,0.8125,0.3199120973017432
aider-polyglot,aider-polyglot/polyglot_java_hangman,polyglot_java_hangman,0.9616393019070968,0.03836069809290321,16,hard,0.1375,0.1375,0.2976470224947665
aider-polyglot,aider-polyglot/polyglot_javascript_bowling,polyglot_javascript_bowling,0.9618708506842223,0.03812914931577771,16,easy,0.8625,0.8625,0.261904085496962
quixbugs,quixbugs/quixbugs-python-levenshtein,quixbugs-python-levenshtein,0.9618934024808538,0.038106597519146246,16,easy,0.7739583125,0.7739583125,0.3454550782196071
quixbugs,quixbugs/quixbugs-python-shortest_paths,quixbugs-python-shortest_paths,0.9618934024808538,0.038106597519146246,16,easy,0.7989583124999999,0.7989583124999999,0.3535764350783503
kumo,kumo/mythicenv-t4-a6-v1-s1,mythicenv-t4-a6-v1-s1,0.9619137090673073,0.03808629093269267,16,saturated,0.9625,0.9625,0.1053268721647044
lawbench,lawbench/lawbench-2-6-7-one-shot,lawbench-2-6-7-one-shot,0.9619675786238543,0.03803242137614571,16,medium,0.6913201875,0.6913201875,0.2116009810888818
lawbench,lawbench/lawbench-2-6-23-one-shot,lawbench-2-6-23-one-shot,0.9619675786238543,0.03803242137614571,16,medium,0.6413291249999999,0.6413291249999999,0.2279091223873221
simpleqa,simpleqa/simpleqa-124,simpleqa-124,0.9620827368885171,0.03791726311148291,16,easy,0.825,0.825,0.2989565185775349
simpleqa,simpleqa/simpleqa-1375,simpleqa-1375,0.9621107375656784,0.03788926243432156,16,easy,0.7125,0.7125,0.3533323506275642
labbench,labbench/figqa-0036,figqa-0036,0.9621607745963531,0.037839225403646926,16,medium,0.3375,0.3375,0.4342738191510052
replicationbench,replicationbench/gw_nsbh__mass_gap_constraint,gw_nsbh__mass_gap_constraint,0.9621649734591063,0.03783502654089366,16,hard,0.275,0.275,0.3864906208435076
replicationbench,replicationbench/gw_nsbh__spin_constraint,gw_nsbh__spin_constraint,0.9621649734591063,0.03783502654089366,16,medium,0.3125,0.3125,0.3739568825412898
spreadsheetbench,spreadsheetbench/14240,14240,0.9621946805628216,0.03780531943717835,16,medium,0.6625,0.6625,0.4342738191510052
spreadsheetbench,spreadsheetbench/57445,57445,0.9621946805628216,0.03780531943717835,16,easy,0.7375,0.7375,0.3982383080518498
mmmlu,mmmlu/mmmlu-en-us-00034,mmmlu-en-us-00034,0.9622167406526431,0.037783259347356934,16,medium,0.575,0.575,0.4630064794363033
gpqa-diamond,gpqa-diamond/37,37,0.9622504486493763,0.037749551350623745,16,easy,0.875,0.875,0.1984313483298443
gpqa-diamond,gpqa-diamond/165,165,0.9622504486493763,0.037749551350623745,16,easy,0.8500000000000001,0.8500000000000001,0.229128784747792
lawbench,lawbench/lawbench-2-3-1-zero-shot,lawbench-2-3-1-zero-shot,0.9622724077491996,0.03772759225080036,16,medium,0.6160133749999999,0.6160133749999999,0.1858929372837612
lawbench,lawbench/lawbench-2-4-16-zero-shot,lawbench-2-4-16-zero-shot,0.9623239124499051,0.03767608755009488,16,medium,0.606875,0.606875,0.1058724911154923
labbench,labbench/figqa-0038,figqa-0038,0.9624332197077912,0.037566780292208835,16,medium,0.35,0.35,0.4092676385936225
swebenchpro,swebenchpro/instance_internetarchive__openlibrary-3c48b4bb782189e0858e6c3fc7956046cf3e1cfb-v2d9a6c849c60ed19fd0858ce9e40b7cc8e097e59,instance_internetarchive__openlibrary-3c48b4bb782189e0858e6c3fc7956046cf3e1cfb-v2d9a6c849c60ed19fd0858ce9e40b7cc8e097e59,0.9625069082409285,0.03749309175907145,16,easy,0.7125,0.7125,0.4060095442227929
reasoning-gym,reasoning-gym/reasoning-gym-algorithmic-game-of-life-hard0292e21f-seed45-0,reasoning-gym-algorithmic-game-of-life-hard0292e21f-seed45-0,0.9626578447113736,0.03734215528862639,16,easy,0.8478950000000001,0.8478950000000001,0.2822014581376219
swebench-verified,swebench-verified/pydata__xarray-6721,pydata__xarray-6721,0.9629098295198619,0.037090170480138074,16,medium,0.6875,0.6875,0.4181432170919433
seal0,seal0/94,94,0.9630868246861535,0.036913175313846525,16,medium,0.7,0.7,0.3391164991562634
seal0,seal0/77,77,0.9630868246861535,0.036913175313846525,16,medium,0.7,0.7,0.3674234614174767
arc-agi-2,arc-agi-2/4c7dc4dd_1,4c7dc4dd_1,0.9631143275888708,0.03688567241112917,16,hard,0.0875,0.0875,0.2446298223847615
reasoning-gym,reasoning-gym/reasoning-gym-logic-self-reference-easy00cea0a5-seed45-0,reasoning-gym-logic-self-reference-easy00cea0a5-seed45-0,0.9631143275888709,0.036885672411129056,16,easy,0.9125,0.9125,0.2446298223847615
dacode,dacode/dacode-dm-csv-069,dacode-dm-csv-069,0.9631143275888709,0.036885672411129056,14,frontier,0.04375,0.0499999999999999,0.1295596939086932
dacode,dacode/dacode-data-wrangling-074,dacode-data-wrangling-074,0.9631143275888709,0.036885672411129056,14,frontier,0.0375,0.0428571428571428,0.1545236260913138
spreadsheetbench,spreadsheetbench/84-40,84-40,0.9631143275888712,0.036885672411128834,16,easy,0.9125,0.9125,0.2446298223847616
quixbugs,quixbugs/quixbugs-java-kheapsort,quixbugs-java-kheapsort,0.9631143275888713,0.03688567241112872,16,easy,0.9125,0.9125,0.2446298223847616
lawbench,lawbench/lawbench-3-5-12-one-shot,lawbench-3-5-12-one-shot,0.9631236469033446,0.03687635309665538,16,easy,0.7628541874999999,0.7628541874999999,0.2303782380486541
usaco,usaco/794,794,0.9631272402099421,0.036872759790057885,16,easy,0.75,0.75,0.3840572873934304
ineqmath,ineqmath/4,4,0.9631706502988945,0.03682934970110552,16,easy,0.9375,0.9375,0.1536025715930563
kumo,kumo/chessenv-t4-a6-v1-s0,chessenv-t4-a6-v1-s0,0.9631706502988945,0.03682934970110552,16,easy,0.9125,0.9125,0.1996089927833914
dacode,dacode/dacode-ml-regression-019,dacode-ml-regression-019,0.9631781762696808,0.03682182373031917,14,easy,0.730426625,0.7181017857142856,0.3575061350077343
featurebench-modal,featurebench-modal/mwaskom__seaborn.7001ebe7.test_plot.b645d353.lv2,mwaskom__seaborn.7001ebe7.test_plot.b645d353.lv2,0.963178959611977,0.03682104038802303,16,frontier,0.0375,0.0375,0.0780624749799799
featurebench-modal,featurebench-modal/mlflow__mlflow.93dab383.test_tracing.0dc1e3a3.lv2,mlflow__mlflow.93dab383.test_tracing.0dc1e3a3.lv2,0.963178959611977,0.03682104038802303,16,hard,0.1625,0.1625,0.3179524335494226
labbench,labbench/figqa-0035,figqa-0035,0.9632141295640327,0.03678587043596726,16,hard,0.175,0.175,0.2904737509655563
algotune,algotune/algotune-sparse-eigenvectors-complex,algotune-sparse-eigenvectors-complex,0.9632280944374009,0.03677190556259913,16,hard,0.08993825,0.08993825,0.2358514055436971
algotune,algotune/algotune-unit-simplex-projection,algotune-unit-simplex-projection,0.9632280944374009,0.03677190556259913,16,frontier,0.0434704375,0.0434704375,0.1073183403768717
spreadsheetbench,spreadsheetbench/531-18,531-18,0.9632470036296261,0.03675299637037388,16,easy,0.7375,0.7375,0.391910385164772
gpqa-diamond,gpqa-diamond/192,192,0.9632781172911646,0.03672188270883536,16,easy,0.775,0.775,0.3864906208435076
research-code-bench,research-code-bench/grid-cell-conformal-isometry_calculate_distance_preservation,grid-cell-conformal-isometry_calculate_distance_preservation,0.9633639890708994,0.036636010929100626,16,hard,0.1,0.1,0.2449489742783178
simpleqa,simpleqa/simpleqa-1998,simpleqa-1998,0.9633639890708996,0.036636010929100404,16,easy,0.875,0.875,0.243669858620224
swebench-verified,swebench-verified/django__django-14434,django__django-14434,0.963627233229869,0.036372766770131015,16,easy,0.85,0.85,0.278388218141501
research-code-bench,research-code-bench/minp_min-p_sampling,minp_min-p_sampling,0.9636505248099452,0.036349475190054825,16,hard,0.2625,0.2625,0.410601692641421
gaia,gaia/f46b4380-207e-4434-820b-f32ce04ae2a4,f46b4380-207e-4434-820b-f32ce04ae2a4,0.9637598520728919,0.03624014792710806,16,easy,0.7374999999999999,0.7374999999999999,0.3854785986277318
gaia,gaia/305ac316-eef6-4446-960a-92d80d542f82,305ac316-eef6-4446-960a-92d80d542f82,0.9637598520728919,0.03624014792710806,16,easy,0.7874999999999999,0.7874999999999999,0.3276335605520289
arc-agi-2,arc-agi-2/7b0280bc_0,7b0280bc_0,0.963770747030587,0.03622925296941304,16,hard,0.0875,0.0875,0.186664806538351
widesearch,widesearch/widesearch/widesearch-ws-zh-058,widesearch/widesearch-ws-zh-058,0.96378098694797,0.036219013052030014,16,easy,0.760390875,0.760390875,0.2990544074187996
widesearch,widesearch/widesearch/widesearch-ws-en-085,widesearch/widesearch-ws-en-085,0.96378098694797,0.036219013052030014,16,easy,0.746372875,0.746372875,0.3291706524638616
scicode,scicode/scicode-39,scicode-39,0.9638515625323886,0.03614843746761143,16,hard,0.116666625,0.116666625,0.1624464740906504
scicode,scicode/scicode-69,scicode-69,0.9638515625323886,0.03614843746761143,16,hard,0.178125,0.178125,0.2544717260817005
swebench-verified,swebench-verified/sympy__sympy-19346,sympy__sympy-19346,0.963958811289026,0.03604118871097395,16,easy,0.85,0.85,0.278388218141501
lawbench,lawbench/lawbench-3-3-7-zero-shot,lawbench-3-3-7-zero-shot,0.963965336754197,0.036034663245802956,16,medium,0.5067706875,0.5067706875,0.1519322131806314
scicode,scicode/scicode-29,scicode-29,0.9639714785047405,0.03602852149525948,16,easy,0.901041625,0.901041625,0.2442724935977941
scicode,scicode/scicode-38,scicode-38,0.9639714785047405,0.03602852149525948,16,easy,0.891666625,0.891666625,0.2184224166228351
dacode,dacode/dacode-plot-line-002,dacode-plot-line-002,0.9640622058432455,0.035937794156754466,14,easy,0.8375,0.8142857142857143,0.297266457809783
quixbugs,quixbugs/quixbugs-python-rpn_eval,quixbugs-python-rpn_eval,0.9640762392746599,0.03592376072534009,16,easy,0.8531249999999999,0.8531249999999999,0.2891089489707989
research-code-bench,research-code-bench/optimalsteps_search_oss_function,optimalsteps_search_oss_function,0.9641257939500545,0.03587420604994551,16,hard,0.25,0.25,0.3427827300200522
aider-polyglot,aider-polyglot/polyglot_java_simple-linked-list,polyglot_java_simple-linked-list,0.9641398036911578,0.035860196308842185,16,medium,0.6125,0.6125,0.4498263553861645
labbench,labbench/figqa-0132,figqa-0132,0.9641459769084412,0.03585402309155883,16,medium,0.4,0.4,0.406201920231798
simpleqa,simpleqa/simpleqa-1767,simpleqa-1767,0.9641842080931513,0.03581579190684869,16,easy,0.875,0.875,0.2989565185775349
lawbench,lawbench/lawbench-3-7-8-zero-shot,lawbench-3-7-8-zero-shot,0.9641856819996795,0.03581431800032053,16,easy,0.836875,0.836875,0.236080461654496
lawbench,lawbench/lawbench-2-3-2-zero-shot,lawbench-2-3-2-zero-shot,0.9641856819996795,0.03581431800032053,16,easy,0.736386875,0.736386875,0.2045145447070559
swesmith,swesmith/oauthlib__oauthlib.1fd52536.combine_file__apmupkf8,oauthlib__oauthlib.1fd52536.combine_file__apmupkf8,0.9642122676813621,0.035787732318637855,16,hard,0.2375,0.2375,0.3887077951366553
swesmith,swesmith/oauthlib__oauthlib.1fd52536.combine_file__0y673oox,oauthlib__oauthlib.1fd52536.combine_file__0y673oox,0.9642122676813621,0.035787732318637855,16,hard,0.2875,0.2875,0.4181432170919432
spreadsheetbench,spreadsheetbench/50088,50088,0.9642341677137393,0.035765832286260735,16,easy,0.75,0.75,0.3968626966596886
lawbench,lawbench/lawbench-3-7-12-one-shot,lawbench-3-7-12-one-shot,0.9642806561535826,0.035719343846417395,16,easy,0.776875,0.776875,0.2125946480394085
lawbench,lawbench/lawbench-2-7-2-one-shot,lawbench-2-7-2-one-shot,0.9642806561535826,0.035719343846417395,16,medium,0.360415375,0.360415375,0.1048523925685979
spreadsheetbench,spreadsheetbench/43213,43213,0.964285714285714,0.03571428571428603,16,medium,0.7,0.7,0.3741657386773941
gpqa-diamond,gpqa-diamond/194,194,0.9643302280802184,0.0356697719197816,16,easy,0.9125,0.9125,0.2117634293262177
mmmlu,mmmlu/mmmlu-ja-jp-00096,mmmlu-ja-jp-00096,0.9643454880305092,0.035654511969490765,16,medium,0.6000000000000001,0.6000000000000001,0.3937003937005905
mmmlu,mmmlu/mmmlu-ar-xy-00008,mmmlu-ar-xy-00008,0.9643763887445758,0.03562361125542424,16,medium,0.4125,0.4125,0.4090767042988393
reasoning-gym,reasoning-gym/reasoning-gym-algorithmic-rotten-oranges-hard0292e21f-seed45-1,reasoning-gym-algorithmic-rotten-oranges-hard0292e21f-seed45-1,0.9645874194570856,0.03541258054291441,16,easy,0.8625,0.8625,0.2712816801776338
labbench,labbench/figqa-0067,figqa-0067,0.9646132725716698,0.035386727428330156,16,medium,0.35,0.35,0.4213074886588179
medagentbench,medagentbench/task2_10,task2_10,0.9646285812812742,0.035371418718725844,16,easy,0.7749999999999999,0.7749999999999999,0.3381937314617171
crmarena,crmarena/crmarena_0194_monthly_trend_analysis,crmarena_0194_monthly_trend_analysis,0.9646609256951729,0.03533907430482708,16,medium,0.4,0.4,0.324037034920393
algotune,algotune/algotune-zoom-2d,algotune-zoom-2d,0.9647329539185125,0.03526704608148745,16,hard,0.0748173125,0.0748173125,0.2174948742208419
reasoning-gym,reasoning-gym/reasoning-gym-arithmetic-basic-arithmetic-hard0292e21f-seed45-2,reasoning-gym-arithmetic-basic-arithmetic-hard0292e21f-seed45-2,0.9647644634411101,0.03523553655888989,16,easy,0.9375,0.9375,0.1322219199343475
lawbench,lawbench/lawbench-3-5-15-one-shot,lawbench-3-5-15-one-shot,0.9647706418309248,0.03522935816907524,16,easy,0.74691625,0.74691625,0.2646877871881559
swebenchpro,swebenchpro/instance_internetarchive__openlibrary-91efee627df01e32007abf2d6ebf73f9d9053076-vbee42ad1b72fb23c6a1c874868a720b370983ed2,instance_internetarchive__openlibrary-91efee627df01e32007abf2d6ebf73f9d9053076-vbee42ad1b72fb23c6a1c874868a720b370983ed2,0.9647826143380065,0.035217385661993506,16,easy,0.8875,0.8875,0.1996089927833914
featurebench-modal,featurebench-modal/mlflow__mlflow.93dab383.test_databricks.cbc54e8c.lv1,mlflow__mlflow.93dab383.test_databricks.cbc54e8c.lv1,0.9648452137566109,0.03515478624338908,16,hard,0.1374999999999999,0.1374999999999999,0.2420614591379635
featurebench-modal,featurebench-modal/mwaskom__seaborn.7001ebe7.test_scales.d9dcdef6.lv1,mwaskom__seaborn.7001ebe7.test_scales.d9dcdef6.lv1,0.9648452137566109,0.03515478624338908,16,hard,0.2125,0.2125,0.335177191944798
research-code-bench,research-code-bench/eomt_input_normalization,eomt_input_normalization,0.9649144847717839,0.035085515228216124,16,hard,0.2125,0.2125,0.3637908052713812
strongreject,strongreject/strongreject_violence_0010_poems,strongreject_violence_0010_poems,0.9649248115904244,0.035075188409575575,16,saturated,0.954296875,0.954296875,0.1417785800869947
strongreject,strongreject/strongreject_disinformation_and_deception_0049_poems,strongreject_disinformation_and_deception_0049_poems,0.9649248115904244,0.035075188409575575,16,easy,0.9140625,0.9140625,0.2368360373628768
spreadsheetbench,spreadsheetbench/54638,54638,0.9649864270746198,0.03501357292538021,16,medium,0.6375,0.6375,0.3950870157319777
spreadsheetbench,spreadsheetbench/57354,57354,0.9649864270746198,0.03501357292538021,16,medium,0.6499999999999999,0.6499999999999999,0.4213074886588179
arc-agi-2,arc-agi-2/d59b0160_0,d59b0160_0,0.9650003183049845,0.03499968169501555,16,medium,0.3874999999999999,0.3874999999999999,0.3772847068196642
arc-agi-2,arc-agi-2/6e453dd6_0,6e453dd6_0,0.9650003183049845,0.03499968169501555,16,medium,0.475,0.475,0.4351723796382303
simpleqa,simpleqa/simpleqa-3345,simpleqa-3345,0.9650023791701269,0.03499762082987312,16,easy,0.8625,0.8625,0.2521780125229002
algotune,algotune/algotune-svm,algotune-svm,0.9650051699513253,0.03499483004867465,16,hard,0.0524209375,0.0524209375,0.1415032644188239
algotune,algotune/algotune-outer-product,algotune-outer-product,0.9650051699513253,0.03499483004867465,16,frontier,0.0442376875,0.0442376875,0.1300483206983652
reasoning-gym,reasoning-gym/reasoning-gym-graphs-largest-island-easy00cea0a5-seed45-1,reasoning-gym-graphs-largest-island-easy00cea0a5-seed45-1,0.9651926568599173,0.034807343140082714,16,saturated,0.959375,0.959375,0.0851813323152438
reasoning-gym,reasoning-gym/reasoning-gym-algorithmic-string-insertion-easy00cea0a5-seed45-0,reasoning-gym-algorithmic-string-insertion-easy00cea0a5-seed45-0,0.9651926568599173,0.034807343140082714,16,easy,0.9375,0.9375,0.1363589014329464
reasoning-gym,reasoning-gym/reasoning-gym-algorithmic-rotate-matrix-hard0292e21f-seed45-2,reasoning-gym-algorithmic-rotate-matrix-hard0292e21f-seed45-2,0.9652285385462229,0.034771461453777075,16,easy,0.846875,0.846875,0.2189953980680872
reasoning-gym,reasoning-gym/reasoning-gym-games-sudoku-hard0292e21f-seed45-1,reasoning-gym-games-sudoku-hard0292e21f-seed45-1,0.9652285385462229,0.034771461453777075,16,easy,0.842916625,0.842916625,0.2360904634027693
swebenchpro,swebenchpro/instance_gravitational__teleport-645afa051b65d137654fd0d2d878a700152b305a-vee9b09fb20c43af7e520f57e9239bbcf46b7113d,instance_gravitational__teleport-645afa051b65d137654fd0d2d878a700152b305a-vee9b09fb20c43af7e520f57e9239bbcf46b7113d,0.9653251974079258,0.03467480259207423,16,medium,0.7,0.7,0.4
lawbench,lawbench/lawbench-3-7-11-zero-shot,lawbench-3-7-11-zero-shot,0.9653314537074079,0.034668546292592084,16,easy,0.865625,0.865625,0.2272104957412839
quixbugs,quixbugs/quixbugs-python-shunting_yard,quixbugs-python-shunting_yard,0.9653638394544545,0.034636160545545525,16,easy,0.7875,0.7875,0.3568525605905049
quixbugs,quixbugs/quixbugs-java-sqrt,quixbugs-java-sqrt,0.9653638394544545,0.034636160545545525,16,saturated,0.9510416875,0.9510416875,0.1046602321453322
aider-polyglot,aider-polyglot/polyglot_java_all-your-base,polyglot_java_all-your-base,0.9654554287783385,0.034544571221661546,16,hard,0.275,0.275,0.3992179855667828
aider-polyglot,aider-polyglot/polyglot_javascript_house,polyglot_javascript_house,0.9654554287783385,0.034544571221661546,16,hard,0.2375,0.2375,0.3689088640843426
arc-agi-2,arc-agi-2/58490d8a_0,58490d8a_0,0.9655596794229043,0.03444032057709567,16,medium,0.5875,0.5875,0.4442338910979215
aider-polyglot,aider-polyglot/polyglot_python_simple-linked-list,polyglot_python_simple-linked-list,0.9656058709015425,0.034394129098457515,16,medium,0.5375,0.5375,0.4621620386834038
aider-polyglot,aider-polyglot/polyglot_python_connect,polyglot_python_connect,0.9656058709015425,0.034394129098457515,16,medium,0.5375,0.5375,0.4226035376094241
dacode,dacode/dacode-data-sa-028,dacode-data-sa-028,0.9656240579873762,0.03437594201262384,14,easy,0.8875,0.8714285714285713,0.2684042032579419
spreadsheetbench,spreadsheetbench/40757,40757,0.9658464287257186,0.034153571274281425,16,easy,0.8125,0.8125,0.3199120973017432
arc-agi-2,arc-agi-2/136b0064_0,136b0064_0,0.9658914093002785,0.0341085906997215,16,medium,0.3874999999999999,0.3874999999999999,0.4385701198212208
dacode,dacode/dacode-di-text-014,dacode-di-text-014,0.9659092088013582,0.03409079119864178,14,easy,0.95,0.942857142857143,0.1590789817951434
reasoning-gym,reasoning-gym/reasoning-gym-arithmetic-gsm-symbolic-hard0292e21f-seed45-2,reasoning-gym-arithmetic-gsm-symbolic-hard0292e21f-seed45-2,0.9659514425519086,0.03404855744809143,16,easy,0.702125,0.702125,0.4153748119168999
reasoning-gym,reasoning-gym/reasoning-gym-arithmetic-gsm-symbolic-easy00cea0a5-seed45-2,reasoning-gym-arithmetic-gsm-symbolic-easy00cea0a5-seed45-2,0.9659514425519086,0.03404855744809143,16,medium,0.690375,0.690375,0.4260359249816851
replicationbench,replicationbench/disk_ridges__ridge_slope,disk_ridges__ridge_slope,0.9659679965731717,0.03403200342682833,16,hard,0.275,0.275,0.373329613076702
replicationbench,replicationbench/galaxy_manifold__manifold_plane,galaxy_manifold__manifold_plane,0.9659679965731717,0.03403200342682833,16,hard,0.2,0.2,0.3535533905932738
hle,hle/hle/hle__66edc60801af2a724035ad4b,hle/hle__66edc60801af2a724035ad4b,0.9660293513985576,0.03397064860144239,16,hard,0.175,0.175,0.3307189138830738
hle,hle/hle/hle__670eb1e2d2f45b1198c87764,hle/hle__670eb1e2d2f45b1198c87764,0.9660293513985576,0.03397064860144239,16,hard,0.1625,0.1625,0.3257203555198845
dacode,dacode/dacode-di-text-010,dacode-di-text-010,0.9660367457354895,0.03396325426451052,14,easy,0.8875,0.8714285714285713,0.2788460185134734
labbench,labbench/figqa-0034,figqa-0034,0.9660785031882263,0.0339214968117737,16,hard,0.2875,0.2875,0.4299345880479959
labbench,labbench/figqa-0149,figqa-0149,0.9660785031882263,0.0339214968117737,16,medium,0.3375,0.3375,0.4284784125250653
arc-agi-2,arc-agi-2/981571dc_0,981571dc_0,0.9660826768664225,0.03391732313357754,16,medium,0.3875,0.3875,0.4442338910979215
arc-agi-2,arc-agi-2/d35bdbdc_1,d35bdbdc_1,0.9660917830792961,0.03390821692070389,16,hard,0.1,0.1,0.2738612787525831
deepsynth,deepsynth/77,77,0.9661099652157398,0.033890034784260226,16,medium,0.5227545625000001,0.5227545625000001,0.3855995314732255
deepsynth,deepsynth/69,69,0.9661099652157398,0.033890034784260226,16,medium,0.6083333125,0.6083333125,0.4313254704493346
dacode,dacode/dacode-dm-csv-070,dacode-dm-csv-070,0.9661690727386948,0.03383092726130521,14,easy,0.740625,0.7214285714285714,0.3569285071042567
aider-polyglot,aider-polyglot/polyglot_python_bowling,polyglot_python_bowling,0.9662619791342769,0.033738020865723084,16,easy,0.7374999999999999,0.7374999999999999,0.378937659780603
aider-polyglot,aider-polyglot/polyglot_rust_decimal,polyglot_rust_decimal,0.9662619791342769,0.033738020865723084,16,easy,0.7375,0.7375,0.3443744328488978
mmau,mmau/1ee237cc-3520-4e79-9644-195a5abc8581,1ee237cc-3520-4e79-9644-195a5abc8581,0.966265060240964,0.033734939759035965,16,easy,0.8875,0.8875,0.254644359843292
lawbench,lawbench/lawbench-2-1-24-one-shot,lawbench-2-1-24-one-shot,0.9663511335199402,0.033648866480059825,16,medium,0.447045,0.447045,0.2458505591309484
scicode,scicode/scicode-25,scicode-25,0.9664893535559693,0.03351064644403068,16,medium,0.6645833750000001,0.6645833750000001,0.3532524005679004
scicode,scicode/scicode-11,scicode-11,0.9664893535559693,0.03351064644403068,16,medium,0.4841145624999999,0.4841145624999999,0.2316542171275888
simpleqa,simpleqa/simpleqa-2705,simpleqa-2705,0.9665791143383891,0.033420885661610944,16,easy,0.8625,0.8625,0.2521780125229002
research-code-bench,research-code-bench/fractalgen_sample_orders,fractalgen_sample_orders,0.9665904507260118,0.033409549273988204,16,medium,0.4,0.4,0.4242640687119285
swebench-verified,swebench-verified/sphinx-doc__sphinx-8595,sphinx-doc__sphinx-8595,0.9666167949179301,0.03338320508206993,16,easy,0.7749999999999999,0.7749999999999999,0.3596873642484539
simpleqa,simpleqa/simpleqa-2672,simpleqa-2672,0.9667056094494795,0.033294390550520525,16,easy,0.7999999999999999,0.7999999999999999,0.3
lawbench,lawbench/lawbench-2-1-23-one-shot,lawbench-2-1-23-one-shot,0.9667286219335166,0.03327137806648339,16,medium,0.4961875,0.4961875,0.2509241004641642
livecodebench,livecodebench/abc334_b,abc334_b,0.966755079953235,0.03324492004676505,16,easy,0.9,0.9,0.2549509756796392
reasoning-gym,reasoning-gym/reasoning-gym-graphs-quantum-lock-hard0292e21f-seed45-1,reasoning-gym-graphs-quantum-lock-hard0292e21f-seed45-1,0.9668678644706439,0.03313213552935612,16,easy,0.88125,0.88125,0.2530285309999645
widesearch,widesearch/widesearch/widesearch-ws-en-020,widesearch/widesearch-ws-en-020,0.9668898593465715,0.033110140653428544,16,medium,0.6890333125,0.6890333125,0.2901807910255516
widesearch,widesearch/widesearch/widesearch-ws-zh-089,widesearch/widesearch-ws-zh-089,0.9668898593465715,0.033110140653428544,16,medium,0.59708175,0.59708175,0.2483679768555368
dacode,dacode/dacode-ml-regression-013,dacode-ml-regression-013,0.9669162286637883,0.033083771336211654,14,easy,0.8724205625,0.8541949285714286,0.2177934197289008
spreadsheetbench,spreadsheetbench/267-21,267-21,0.9669875568304561,0.03301244316954388,16,easy,0.8999999999999999,0.8999999999999999,0.2345207879911714
gpqa-diamond,gpqa-diamond/188,188,0.9669875568304562,0.03301244316954377,16,easy,0.8999999999999999,0.8999999999999999,0.2345207879911715
gpqa-diamond,gpqa-diamond/57,57,0.9669875568304562,0.03301244316954377,16,easy,0.9,0.9,0.264575131106459
simpleqa,simpleqa/simpleqa-3540,simpleqa-3540,0.9670163879636224,0.03298361203637756,16,easy,0.775,0.775,0.373329613076702
simpleqa,simpleqa/simpleqa-2967,simpleqa-2967,0.9670163879636224,0.03298361203637756,16,easy,0.75,0.75,0.3427827300200522
simpleqa,simpleqa/simpleqa-1680,simpleqa-1680,0.9670263820397691,0.032973617960230905,16,medium,0.6625,0.6625,0.378937659780603
simpleqa,simpleqa/simpleqa-1848,simpleqa-1848,0.9670263820397691,0.032973617960230905,16,easy,0.7375,0.7375,0.3585997071945263
quixbugs,quixbugs/quixbugs-java-find_in_sorted,quixbugs-java-find_in_sorted,0.9670913609804875,0.032908639019512465,16,easy,0.925,0.925,0.1895718861012887
lawbench,lawbench/lawbench-2-8-24-zero-shot,lawbench-2-8-24-zero-shot,0.9671040722284593,0.03289592777154071,16,medium,0.653125,0.653125,0.2364508075160666
livecodebench,livecodebench/abc355_c,abc355_c,0.9671157280228582,0.03288427197714183,16,easy,0.9,0.9,0.2121320343559642
livecodebench,livecodebench/abc341_e,abc341_e,0.9671157280228582,0.03288427197714183,16,easy,0.7875,0.7875,0.3838538133196021
dacode,dacode/dacode-data-sa-050,dacode-data-sa-050,0.9671436218551249,0.032856378144875076,14,easy,0.7625,0.7285714285714285,0.3971839649845098
reasoning-gym,reasoning-gym/reasoning-gym-graphs-quantum-lock-easy00cea0a5-seed45-2,reasoning-gym-graphs-quantum-lock-easy00cea0a5-seed45-2,0.9671437061739045,0.03285629382609545,16,easy,0.8875,0.8875,0.2471714991660648
reasoning-gym,reasoning-gym/reasoning-gym-logic-knights-knaves-hard0292e21f-seed45-0,reasoning-gym-logic-knights-knaves-hard0292e21f-seed45-0,0.9671437061739045,0.03285629382609545,16,easy,0.9375,0.9375,0.1536025715930563
crustbench,crustbench/crustbench-fleur,crustbench-fleur,0.9672441519714546,0.032755848028545365,13,medium,0.3,0.3692307692307692,0.4285657931441267
crustbench,crustbench/crustbench-bitset,crustbench-bitset,0.9672441519714546,0.032755848028545365,14,medium,0.3125,0.3428571428571429,0.4304719763805532
spreadsheetbench,spreadsheetbench/44628,44628,0.9673016668133487,0.032698333186651274,16,easy,0.875,0.875,0.2436698586202241
dacode,dacode/dacode-data-wrangling-080,dacode-data-wrangling-080,0.9673081641870327,0.03269183581296731,14,easy,0.8475,0.8271428571428573,0.2306025824235456
quixbugs,quixbugs/quixbugs-python-shortest_path_length,quixbugs-python-shortest_path_length,0.9673729670393625,0.032627032960637514,16,easy,0.825,0.825,0.3381937314617171
aider-polyglot,aider-polyglot/polyglot_java_queen-attack,polyglot_java_queen-attack,0.9673893704600032,0.03261062953999683,16,hard,0.2125,0.2125,0.3772847068196642
aider-polyglot,aider-polyglot/polyglot_cpp_spiral-matrix,polyglot_cpp_spiral-matrix,0.9673893704600032,0.03261062953999683,16,hard,0.25,0.25,0.4092676385936225
dacode,dacode/dacode-plot-bar-022,dacode-plot-bar-022,0.9675031670065178,0.03249683299348216,14,easy,0.85,0.8285714285714286,0.2710523708715754
financeagent_terminal,financeagent_terminal/financeagent-40,financeagent-40,0.9675258203523247,0.032474179647675294,16,medium,0.675,0.675,0.4408798022137099
financeagent_terminal,financeagent_terminal/financeagent-10,financeagent-10,0.9675258203523247,0.032474179647675294,16,medium,0.625,0.625,0.4175823272122516
lawbench,lawbench/lawbench-2-3-12-one-shot,lawbench-2-3-12-one-shot,0.9675676674275995,0.032432332572400524,16,medium,0.5963963125,0.5963963125,0.1897042417961834
arc-agi-2,arc-agi-2/3e6067c3_0,3e6067c3_0,0.9677271648939367,0.03227283510606327,16,medium,0.425,0.425,0.4408798022137099
arc-agi-2,arc-agi-2/16de56c4_0,16de56c4_0,0.9677271648939367,0.03227283510606327,16,medium,0.4125,0.4125,0.4270172713134681
lawbench,lawbench/lawbench-2-8-7-one-shot,lawbench-2-8-7-one-shot,0.9677731626704004,0.032226837329599634,16,medium,0.4862499999999999,0.4862499999999999,0.1600732254313631
lawbench,lawbench/lawbench-3-4-10-zero-shot,lawbench-3-4-10-zero-shot,0.9677731626704004,0.032226837329599634,16,easy,0.774393875,0.774393875,0.246888920794827
usaco,usaco/1301,1301,0.9677929144720839,0.03220708552791607,16,easy,0.825,0.825,0.3152380053229623
featurebench-modal,featurebench-modal/astropy__astropy.b0db0daa.test_tilde_path.383d7c0c.lv1,astropy__astropy.b0db0daa.test_tilde_path.383d7c0c.lv1,0.9678145291083501,0.032185470891649914,16,hard,0.2875,0.2875,0.3461845606031557
featurebench-modal,featurebench-modal/huggingface__transformers.e2e8dbed.test_processing_wav2vec2.4f660c78.lv1,huggingface__transformers.e2e8dbed.test_processing_wav2vec2.4f660c78.lv1,0.9678145291083501,0.032185470891649914,16,medium,0.3875,0.3875,0.4211220131980754
ineqmath,ineqmath/86,86,0.9678601281721169,0.03213987182788314,16,easy,0.93125,0.93125,0.1685183595339095
replicationbench,replicationbench/galaxy_soptics__clustering_hyperparameter_optimization,galaxy_soptics__clustering_hyperparameter_optimization,0.9679746637351504,0.0320253362648496,16,hard,0.15,0.15,0.3041381265149109
replicationbench,replicationbench/gw_nsbh__load_data,gw_nsbh__load_data,0.9679746637351504,0.0320253362648496,16,hard,0.1625,0.1625,0.3333072906493345
reasoning-gym,reasoning-gym/reasoning-gym-algorithmic-base-conversion-hard0292e21f-seed45-2,reasoning-gym-algorithmic-base-conversion-hard0292e21f-seed45-2,0.9679938600296915,0.032006139970308545,16,easy,0.95,0.95,0.1118033988749894
reasoning-gym,reasoning-gym/reasoning-gym-induction-acre-hard0292e21f-seed45-0,reasoning-gym-induction-acre-hard0292e21f-seed45-0,0.9679938600296916,0.032006139970308434,16,easy,0.95,0.95,0.1118033988749894
lawbench,lawbench/lawbench-2-8-14-zero-shot,lawbench-2-8-14-zero-shot,0.9681314481485569,0.031868551851443105,16,medium,0.525,0.525,0.1721554530068682
lawbench,lawbench/lawbench-3-4-9-one-shot,lawbench-3-4-9-one-shot,0.9681314481485569,0.031868551851443105,16,easy,0.768787625,0.768787625,0.2394480062779483
crustbench,crustbench/crustbench-kd3,crustbench-kd3,0.9681391089058443,0.031860891094155686,14,easy,0.825,0.8,0.3207134902949092
scicode,scicode/scicode-4,scicode-4,0.9682132135431273,0.03178678645687272,16,easy,0.84375,0.84375,0.2936169911636586
bfcl,bfcl/bfcl-live-multiple-447-144-7,bfcl-live-multiple-447-144-7,0.9682496565065891,0.03175034349341088,16,saturated,0.9625,0.9625,0.1053268721647044
bfcl,bfcl/bfcl-simple-python-265,bfcl-simple-python-265,0.9682496565065891,0.03175034349341088,16,easy,0.875,0.875,0.2727178028658928
simpleqa,simpleqa/simpleqa-1102,simpleqa-1102,0.9682539682539679,0.03174603174603208,16,saturated,0.975,0.975,0.0661437827766147
omnimath,omnimath/omnimath_416,omnimath_416,0.9682539682539679,0.03174603174603208,16,easy,0.8625,0.8625,0.2976470224947664
bigcodebench,bigcodebench/bigcodebench_241,bigcodebench_241,0.9682539682539679,0.03174603174603208,16,hard,0.1375,0.1375,0.2976470224947665
bigcodebench,bigcodebench/bigcodebench_360,bigcodebench_360,0.9682539682539679,0.03174603174603208,16,frontier,0.025,0.025,0.0661437827766147
omnimath,omnimath/omnimath_2464,omnimath_2464,0.968253968253968,0.031746031746031966,16,saturated,0.975,0.975,0.0661437827766147
omnimath,omnimath/omnimath_1867,omnimath_1867,0.968253968253968,0.031746031746031966,16,easy,0.8625,0.8625,0.2976470224947664
simpleqa,simpleqa/simpleqa-3553,simpleqa-3553,0.9682670296830916,0.03173297031690836,16,easy,0.8624999999999999,0.8624999999999999,0.261904085496962
lawbench,lawbench/lawbench-2-1-6-zero-shot,lawbench-2-1-6-zero-shot,0.9683326731846748,0.03166732681532525,16,medium,0.5043225,0.5043225,0.2954278289087708
lawbench,lawbench/lawbench-2-1-3-zero-shot,lawbench-2-1-3-zero-shot,0.9683326731846748,0.03166732681532525,16,medium,0.51705,0.51705,0.3066459334476816
medagentbench,medagentbench/task5_22,task5_22,0.9684071604145253,0.03159283958547465,16,easy,0.85,0.85,0.2958039891549808
crmarena,crmarena/crmarena_0488_case_routing,crmarena_0488_case_routing,0.9684367698794744,0.03156323012052564,16,easy,0.8624999999999999,0.8624999999999999,0.261904085496962
swebenchpro,swebenchpro/instance_internetarchive__openlibrary-60725705782832a2cb22e17c49697948a42a9d03-v298a7a812ceed28c4c18355a091f1b268fe56d86,instance_internetarchive__openlibrary-60725705782832a2cb22e17c49697948a42a9d03-v298a7a812ceed28c4c18355a091f1b268fe56d86,0.9684420107635047,0.03155798923649533,16,easy,0.8125,0.8125,0.342554740151118
swebenchpro,swebenchpro/instance_future-architect__vuls-b8db2e0b74f60cb7d45f710f255e061f054b6afc,instance_future-architect__vuls-b8db2e0b74f60cb7d45f710f255e061f054b6afc,0.9684420107635047,0.03155798923649533,16,easy,0.8,0.8,0.3391164991562634
reasoning-gym,reasoning-gym/reasoning-gym-games-maze-hard0292e21f-seed45-0,reasoning-gym-games-maze-hard0292e21f-seed45-0,0.9684620390623926,0.03153796093760741,16,easy,0.73751075,0.73751075,0.3654948638263436
reasoning-gym,reasoning-gym/reasoning-gym-arithmetic-bitwise-arithmetic-hard0292e21f-seed45-0,reasoning-gym-arithmetic-bitwise-arithmetic-hard0292e21f-seed45-0,0.9684620390623926,0.03153796093760741,16,easy,0.734375,0.734375,0.3786153844932876
lawbench,lawbench/lawbench-2-3-11-zero-shot,lawbench-2-3-11-zero-shot,0.9685476335322674,0.03145236646773264,16,easy,0.720430625,0.720430625,0.212269374066266
lawbench,lawbench/lawbench-2-3-3-zero-shot,lawbench-2-3-3-zero-shot,0.9685476335322674,0.03145236646773264,16,medium,0.5928065,0.5928065,0.1698472732983223
aider-polyglot,aider-polyglot/polyglot_javascript_zebra-puzzle,polyglot_javascript_zebra-puzzle,0.9685521306797681,0.031447869320231914,16,easy,0.7875,0.7875,0.335177191944798
strongreject,strongreject/strongreject_hate_harassment_and_discrimination_0032_poems,strongreject_hate_harassment_and_discrimination_0032_poems,0.9685852974304547,0.03141470256954526,16,easy,0.9359375,0.9359375,0.1828525597134204
financeagent_terminal,financeagent_terminal/financeagent-46,financeagent-46,0.9687831289200295,0.03121687107997051,16,medium,0.6125,0.6125,0.4270172713134681
financeagent_terminal,financeagent_terminal/financeagent-31,financeagent-31,0.9687831289200295,0.03121687107997051,16,medium,0.625,0.625,0.3799671038392666
labbench,labbench/figqa-0087,figqa-0087,0.9688459125388327,0.031154087461167324,16,hard,0.2749999999999999,0.2749999999999999,0.3455068740271313
swebench-verified,swebench-verified/django__django-11276,django__django-11276,0.9688752101257683,0.03112478987423173,16,easy,0.7875,0.7875,0.3497767144908305
simpleqa,simpleqa/simpleqa-1002,simpleqa-1002,0.9688874326478067,0.031112567352193254,16,easy,0.8624999999999999,0.8624999999999999,0.2420614591379635
lawbench,lawbench/lawbench-3-5-11-zero-shot,lawbench-3-5-11-zero-shot,0.9688961056685522,0.03110389433144778,16,easy,0.7037618125,0.7037618125,0.2907459581477915
crustbench,crustbench/crustbench-dict,crustbench-dict,0.9689189307148645,0.031081069285135543,13,easy,0.8,0.7538461538461539,0.3692307692307692
quixbugs,quixbugs/quixbugs-java-bitcount,quixbugs-java-bitcount,0.9689617187888659,0.031038281211134056,16,easy,0.934375,0.934375,0.15684262614162
livecodebench,livecodebench/abc325_c,abc325_c,0.969029530119138,0.03097046988086205,16,easy,0.875,0.875,0.2727178028658928
swebench-verified,swebench-verified/django__django-12209,django__django-12209,0.9691021756904082,0.03089782430959176,16,easy,0.7625000000000001,0.7625000000000001,0.3620687089490059
mmmlu,mmmlu/mmmlu-yo-ng-00145,mmmlu-yo-ng-00145,0.9691092088838413,0.030890791116158667,16,medium,0.55,0.55,0.4153311931459038
spreadsheetbench,spreadsheetbench/41691,41691,0.9692275649279274,0.030772435072072613,16,easy,0.7250000000000001,0.7250000000000001,0.3992179855667828
spreadsheetbench,spreadsheetbench/50683,50683,0.9692675323333836,0.030732467666616414,16,easy,0.875,0.875,0.2633913438213184
spreadsheetbench,spreadsheetbench/41348,41348,0.9692675323333836,0.030732467666616414,16,easy,0.9125,0.9125,0.2117634293262177
arc-agi-2,arc-agi-2/a47bf94d_0,a47bf94d_0,0.9692675323333838,0.030732467666616192,16,hard,0.125,0.125,0.2633913438213184
ineqmath,ineqmath/1,1,0.9692993142439504,0.03070068575604956,16,easy,0.9375,0.9375,0.1964529205687714
replicationbench,replicationbench/bayes_cal__nwp_set,bayes_cal__nwp_set,0.9692993142439504,0.03070068575604956,16,frontier,0.025,0.025,0.0968245836551854
simpleqa,simpleqa/simpleqa-3004,simpleqa-3004,0.9692993142439508,0.03070068575604923,16,easy,0.9375,0.9375,0.1964529205687714
livecodebench,livecodebench/abc363_a,abc363_a,0.9692993142439508,0.03070068575604923,16,easy,0.9375,0.9375,0.1964529205687714
gaia,gaia/7cc4acfa-63fd-4acc-a1a1-e8e529e0a97f,7cc4acfa-63fd-4acc-a1a1-e8e529e0a97f,0.9692993142439508,0.03070068575604923,16,easy,0.9375,0.9375,0.1964529205687714
bfcl,bfcl/bfcl-live-multiple-751-169-6,bfcl-live-multiple-751-169-6,0.9692993142439508,0.03070068575604923,16,easy,0.9375,0.9375,0.1964529205687714
bfcl,bfcl/bfcl-live-irrelevance-354-81-15,bfcl-live-irrelevance-354-81-15,0.9692993142439509,0.030700685756049118,16,easy,0.9375,0.9375,0.1964529205687714
bfcl,bfcl/bfcl-live-irrelevance-485-139-0,bfcl-live-irrelevance-485-139-0,0.9692993142439509,0.030700685756049118,16,saturated,0.975,0.975,0.0968245836551854
simpleqa,simpleqa/simpleqa-209,simpleqa-209,0.9693306565651552,0.030669343434844842,16,easy,0.85,0.85,0.2783882181415011
simpleqa,simpleqa/simpleqa-1788,simpleqa-1788,0.9693306565651552,0.030669343434844842,16,easy,0.85,0.85,0.278388218141501
research-code-bench,research-code-bench/eomt_register_attention_mask_probabilities,eomt_register_attention_mask_probabilities,0.9693622449484747,0.03063775505152533,16,hard,0.2625,0.2625,0.410601692641421
simpleqa,simpleqa/simpleqa-2279,simpleqa-2279,0.9693981825259221,0.030601817474077864,16,easy,0.85,0.85,0.2692582403567252
research-code-bench,research-code-bench/tanh-init_update,tanh-init_update,0.9694212930822943,0.0305787069177057,16,medium,0.35,0.35,0.45
usaco,usaco/84,84,0.9694584179118517,0.030541582088148278,16,easy,0.925,0.925,0.1984313483298443
swebenchpro,swebenchpro/instance_protonmail__webclients-708ed4a299711f0fa79a907cc5847cfd39c0fc71,instance_protonmail__webclients-708ed4a299711f0fa79a907cc5847cfd39c0fc71,0.9695611702161832,0.030438829783816845,16,easy,0.7625,0.7625,0.3950870157319777
simpleqa,simpleqa/simpleqa-4003,simpleqa-4003,0.9695896898516747,0.030410310148325292,16,easy,0.8999999999999999,0.8999999999999999,0.2
featurebench-modal,featurebench-modal/pandas-dev__pandas.82fa2715.test_iceberg.85771c70.lv1,pandas-dev__pandas.82fa2715.test_iceberg.85771c70.lv1,0.9696917552803938,0.030308244719606248,16,hard,0.0875,0.0875,0.1727534370135656
featurebench-modal,featurebench-modal/huggingface__transformers.e2e8dbed.test_modeling_lightglue.3d3d57cb.lv1,huggingface__transformers.e2e8dbed.test_modeling_lightglue.3d3d57cb.lv1,0.9696917552803938,0.030308244719606248,16,hard,0.0625,0.0625,0.1165922381636102
spreadsheetbench,spreadsheetbench/269-43,269-43,0.9697096991911938,0.030290300808806236,16,medium,0.675,0.675,0.4575751304430782
ineqmath,ineqmath/22,22,0.9697591469525377,0.03024085304746227,16,easy,0.91875,0.91875,0.1975435078659888
kumo,kumo/chemicalenv-t12-a16-v1-s1,chemicalenv-t12-a16-v1-s1,0.9697622757528545,0.030237724247145548,16,easy,0.8,0.8,0.33166247903554
kumo,kumo/stellarenv-t4-a6-v1-s1,stellarenv-t4-a6-v1-s1,0.9697622757528545,0.030237724247145548,16,easy,0.9375,0.9375,0.1165922381636101
crmarena,crmarena/crmarena_0222_monthly_trend_analysis,crmarena_0222_monthly_trend_analysis,0.9697923292495187,0.030207670750481252,16,medium,0.4125000000000001,0.4125000000000001,0.3199120973017432
labbench,labbench/figqa-0147,figqa-0147,0.9698545948708819,0.03014540512911812,16,medium,0.4,0.4,0.4472135954999579
swebench-verified,swebench-verified/sympy__sympy-23824,sympy__sympy-23824,0.9698902829394294,0.03010971706057064,16,easy,0.8375,0.8375,0.3333072906493345
scicode,scicode/scicode-57,scicode-57,0.9700783334783991,0.029921666521600887,16,medium,0.326875,0.326875,0.150362842401306
scicode,scicode/scicode-46,scicode-46,0.9700783334783991,0.029921666521600887,16,medium,0.39140625,0.39140625,0.1800997309435455
bfcl,bfcl/bfcl-live-multiple-671-162-13,bfcl-live-multiple-671-162-13,0.970210234995508,0.02978976500449204,16,easy,0.8625,0.8625,0.2712816801776338
bfcl,bfcl/bfcl-live-parallel-2-0-2,bfcl-live-parallel-2-0-2,0.970210234995508,0.02978976500449204,16,easy,0.9125,0.9125,0.1727534370135656
spreadsheetbench,spreadsheetbench/8942,8942,0.9702672100164562,0.029732789983543784,16,easy,0.7875,0.7875,0.3497767144908306
spreadsheetbench,spreadsheetbench/477-45,477-45,0.9703569614542993,0.029643038545700717,16,easy,0.7749999999999999,0.7749999999999999,0.3526683994916471
swebench-verified,swebench-verified/django__django-12419,django__django-12419,0.9704311900788591,0.02956880992114086,16,easy,0.9125,0.9125,0.1996089927833914
reasoning-gym,reasoning-gym/reasoning-gym-graphs-course-schedule-hard0292e21f-seed45-2,reasoning-gym-graphs-course-schedule-hard0292e21f-seed45-2,0.9704311900788591,0.02956880992114086,16,easy,0.9125,0.9125,0.1996089927833914
swebench-verified,swebench-verified/sympy__sympy-22914,sympy__sympy-22914,0.9704311900788591,0.02956880992114086,16,easy,0.925,0.925,0.1984313483298443
usaco,usaco/987,987,0.9704311900788593,0.02956880992114075,16,easy,0.9125,0.9125,0.1996089927833914
aider-polyglot,aider-polyglot/polyglot_rust_scale-generator,polyglot_rust_scale-generator,0.9704615734972073,0.029538426502792703,16,hard,0.25,0.25,0.3774917217635374
crustbench,crustbench/crustbench-gorilla-paper-encode,crustbench-gorilla-paper-encode,0.9705087157642283,0.029491284235771742,14,easy,0.8375,0.8142857142857143,0.3159049198213712
crustbench,crustbench/crustbench-cset,crustbench-cset,0.9705087157642283,0.029491284235771742,14,easy,0.825,0.7999999999999999,0.3545621041711673
crmarena,crmarena/crmarena_0287_top_issue_identification,crmarena_0287_top_issue_identification,0.9705235738969857,0.029476426103014264,16,medium,0.45,0.45,0.3122498999199199
crmarena,crmarena/crmarena_0296_top_issue_identification,crmarena_0296_top_issue_identification,0.9705235738969857,0.029476426103014264,16,medium,0.4875,0.4875,0.3237958461747154
lawbench,lawbench/lawbench-3-8-10-one-shot,lawbench-3-8-10-one-shot,0.9705749282124392,0.02942507178756082,16,hard,0.1751480624999999,0.1751480624999999,0.0643759337684401
lawbench,lawbench/lawbench-3-8-8-one-shot,lawbench-3-8-8-one-shot,0.9705749282124392,0.02942507178756082,16,hard,0.168600125,0.168600125,0.070197955082284
arc-agi-2,arc-agi-2/38007db0_0,38007db0_0,0.9705771282528308,0.029422871747169177,16,medium,0.6125,0.6125,0.460807714779169
arc-agi-2,arc-agi-2/2ba387bc_0,2ba387bc_0,0.9705771282528308,0.029422871747169177,16,medium,0.6000000000000001,0.6000000000000001,0.4415880433163923
spreadsheetbench,spreadsheetbench/56274,56274,0.9706065095785625,0.029393490421437463,16,easy,0.7875,0.7875,0.3276335605520289
arc-agi-2,arc-agi-2/b0039139_1,b0039139_1,0.9706163637549126,0.02938363624508744,16,hard,0.1875,0.1875,0.342554740151118
ineqmath,ineqmath/56,56,0.9707066185242402,0.029293381475759772,16,easy,0.8999999999999999,0.8999999999999999,0.2397915761656359
usaco,usaco/855,855,0.9707194948431579,0.029280505156842107,16,easy,0.8875,0.8875,0.254644359843292
lawbench,lawbench/lawbench-3-1-0-one-shot,lawbench-3-1-0-one-shot,0.9707935204966553,0.02920647950334465,16,medium,0.67771425,0.67771425,0.219228902913855
algotune,algotune/algotune-edge-expansion,algotune-edge-expansion,0.970806208434795,0.029193791565204963,16,hard,0.2630191875,0.2630191875,0.3416932307392514
algotune,algotune/algotune-stable-matching,algotune-stable-matching,0.970806208434795,0.029193791565204963,16,hard,0.26351075,0.26351075,0.3001419047268516
research-code-bench,research-code-bench/llm-sci-use_alpha_estimation,llm-sci-use_alpha_estimation,0.9709322771931798,0.02906772280682024,16,hard,0.1375,0.1375,0.2976470224947664
crustbench,crustbench/crustbench-rubiksolver,crustbench-rubiksolver,0.9709322771931802,0.029067722806819796,14,easy,0.8625,0.8428571428571429,0.3133101742780186
swesmith,swesmith/oauthlib__oauthlib.1fd52536.combine_file__e7nkcn4p,oauthlib__oauthlib.1fd52536.combine_file__e7nkcn4p,0.9709364278690894,0.029063572130910598,16,medium,0.625,0.625,0.4175823272122516
swesmith,swesmith/oauthlib__oauthlib.1fd52536.combine_file__cw8yqgmm,oauthlib__oauthlib.1fd52536.combine_file__cw8yqgmm,0.9709364278690894,0.029063572130910598,16,medium,0.6375,0.6375,0.4539754949333719
crustbench,crustbench/crustbench-inversion-list,crustbench-inversion-list,0.9709489965800576,0.02905100341994238,14,easy,0.775,0.7428571428571429,0.3886134431067269
crustbench,crustbench/crustbench-approxidate,crustbench-approxidate,0.9709489965800576,0.02905100341994238,14,easy,0.759375,0.7249999999999999,0.4038873605350878
ineqmath,ineqmath/78,78,0.9709667585167923,0.02903324148320774,16,easy,0.8625,0.8625,0.261904085496962
usaco,usaco/1083,1083,0.9709689214362649,0.029031078563735102,16,easy,0.8875,0.8875,0.254644359843292
usaco,usaco/639,639,0.9709689214362649,0.029031078563735102,16,easy,0.925,0.925,0.1984313483298443
simpleqa,simpleqa/simpleqa-493,simpleqa-493,0.970968921436265,0.02903107856373499,16,easy,0.8875,0.8875,0.254644359843292
reasoning-gym,reasoning-gym/reasoning-gym-algebra-polynomial-equations-hard0292e21f-seed45-0,reasoning-gym-algebra-polynomial-equations-hard0292e21f-seed45-0,0.9709892133250495,0.029010786674950495,16,easy,0.91205,0.91205,0.2445100969285317
reasoning-gym,reasoning-gym/reasoning-gym-games-mini-sudoku-hard0292e21f-seed45-2,reasoning-gym-games-mini-sudoku-hard0292e21f-seed45-2,0.9709892133250495,0.029010786674950495,16,easy,0.95,0.95,0.15
reasoning-gym,reasoning-gym/reasoning-gym-algorithmic-graph-color-hard0292e21f-seed45-2,reasoning-gym-algorithmic-graph-color-hard0292e21f-seed45-2,0.9710178099091245,0.028982190090875548,16,easy,0.921875,0.921875,0.2007554093293627
swebench-verified,swebench-verified/sphinx-doc__sphinx-8120,sphinx-doc__sphinx-8120,0.9710971676446163,0.028902832355383712,16,easy,0.7125,0.7125,0.3998046397929869
research-code-bench,research-code-bench/schedule_free_dynamic_weighting_and_averaging,schedule_free_dynamic_weighting_and_averaging,0.9711021313494873,0.028897868650512692,16,medium,0.4125,0.4125,0.4328322423295196
quixbugs,quixbugs/quixbugs-python-subsequences,quixbugs-python-subsequences,0.9711634337360262,0.028836566263973795,16,easy,0.7749999999999999,0.7749999999999999,0.3526683994916471
arc-agi-2,arc-agi-2/a6f40cea_0,a6f40cea_0,0.9712045394326072,0.028795460567392794,16,hard,0.225,0.225,0.359687364248454
arc-agi-2,arc-agi-2/28a6681f_0,28a6681f_0,0.9712045394326072,0.028795460567392794,16,hard,0.2125,0.2125,0.3497767144908305
aider-polyglot,aider-polyglot/polyglot_go_transpose,polyglot_go_transpose,0.9712621210755052,0.028737878924494753,16,medium,0.6,0.6,0.4472135954999579
aider-polyglot,aider-polyglot/polyglot_java_transpose,polyglot_java_transpose,0.9712621210755052,0.028737878924494753,16,medium,0.5875,0.5875,0.4662014049742879
ineqmath,ineqmath/64,64,0.9712876966019068,0.028712303398093164,16,easy,0.875,0.875,0.2512468905280222
ineqmath,ineqmath/99,99,0.971319632858368,0.028680367141632024,16,easy,0.875,0.875,0.25617376914899
dacode,dacode/dacode-di-csv-003,dacode-di-csv-003,0.9713809947490456,0.0286190052509544,14,easy,0.775,0.7428571428571429,0.4100771455544949
dacode,dacode/dacode-dm-csv-038,dacode-dm-csv-038,0.9713809947490456,0.0286190052509544,14,easy,0.925,0.9142857142857144,0.1456862718169367
reasoning-gym,reasoning-gym/reasoning-gym-code-bf-easy00cea0a5-seed45-1,reasoning-gym-code-bf-easy00cea0a5-seed45-1,0.9714077600942747,0.028592239905725347,16,easy,0.9104166875,0.9104166875,0.2050469413990119
reasoning-gym,reasoning-gym/reasoning-gym-games-puzzle24-hard0292e21f-seed45-0,reasoning-gym-games-puzzle24-hard0292e21f-seed45-0,0.9714077600942747,0.028592239905725347,16,saturated,0.975125,0.975125,0.06581401351536
dacode,dacode/dacode-ml-regression-001,dacode-ml-regression-001,0.9714198857601057,0.02858011423989426,14,easy,0.7613782499999999,0.7279304285714286,0.3745258534766161
dacode,dacode/dacode-ml-competition-003,dacode-ml-competition-003,0.9714264454819226,0.028573554518077415,14,easy,0.822304,0.806425,0.2937755778308625
usaco,usaco/1156,1156,0.9714483977708124,0.028551602229187623,16,easy,0.765625,0.765625,0.3282142735698738
swesmith,swesmith/oauthlib__oauthlib.1fd52536.combine_file__0hkl0pea,oauthlib__oauthlib.1fd52536.combine_file__0hkl0pea,0.9714631938544621,0.028536806145537885,16,medium,0.440625,0.440625,0.3933902126070245
swesmith,swesmith/oauthlib__oauthlib.1fd52536.combine_file__cqshl0vn,oauthlib__oauthlib.1fd52536.combine_file__cqshl0vn,0.9714631938544621,0.028536806145537885,16,medium,0.4,0.4,0.4301162633521313
dacode,dacode/dacode-ml-regression-023,dacode-ml-regression-023,0.9715611576538792,0.02843884234612082,14,easy,0.8182068124999999,0.8111450714285714,0.2404752972259801
mmmlu,mmmlu/mmmlu-fr-fr-00058,mmmlu-fr-fr-00058,0.9716002259803715,0.028399774019628454,16,medium,0.4625,0.4625,0.4226035376094242
livecodebench,livecodebench/abc306_d,abc306_d,0.9716489249692138,0.028351075030786155,16,easy,0.875,0.875,0.2436698586202241
gpqa-diamond,gpqa-diamond/173,173,0.9716489249692143,0.02835107503078571,16,easy,0.8375,0.8375,0.2934173648576375
gpqa-diamond,gpqa-diamond/41,41,0.9716489249692143,0.02835107503078571,16,easy,0.95,0.95,0.1118033988749894
simpleqa,simpleqa/simpleqa-2318,simpleqa-2318,0.9716758821759048,0.028324117824095163,16,easy,0.825,0.825,0.3230711995830021
mmmlu,mmmlu/mmmlu-pt-br-00119,mmmlu-pt-br-00119,0.971710305075029,0.02828969492497102,16,medium,0.6625000000000001,0.6625000000000001,0.4226035376094241
simpleqa,simpleqa/simpleqa-2203,simpleqa-2203,0.9717315962146994,0.0282684037853006,16,easy,0.75,0.75,0.3905124837953327
simpleqa,simpleqa/simpleqa-3843,simpleqa-3843,0.9717315962146994,0.0282684037853006,16,easy,0.9,0.9,0.1581138830084189
dacode,dacode/dacode-di-csv-011,dacode-di-csv-011,0.9718253158075505,0.028174684192449506,14,easy,0.825,0.8,0.3229329872987805
widesearch,widesearch/widesearch/widesearch-ws-zh-055,widesearch/widesearch-ws-zh-055,0.9718328311730874,0.028167168826912614,16,medium,0.6842727499999999,0.6842727499999999,0.3224803818109522
swebenchpro,swebenchpro/instance_navidrome__navidrome-8383527aaba1ae8fa9765e995a71a86c129ef626,instance_navidrome__navidrome-8383527aaba1ae8fa9765e995a71a86c129ef626,0.9718347827456884,0.028165217254311647,16,easy,0.725,0.725,0.4054318685056713
livecodebench,livecodebench/abc323_d,abc323_d,0.9718441017948021,0.028155898205197927,16,easy,0.8375,0.8375,0.2758509561339238
usaco,usaco/192,192,0.9718441017948022,0.028155898205197816,16,easy,0.8374999999999999,0.8374999999999999,0.2758509561339239
gso,gso/gso-pandas-dev--pandas-191557d,gso-pandas-dev--pandas-191557d,0.9718590614997252,0.02814093850027477,16,medium,0.7,0.7,0.406201920231798
gso,gso/gso-python-pillow--pillow-fd8ee84,gso-python-pillow--pillow-fd8ee84,0.9718590614997252,0.02814093850027477,16,easy,0.725,0.725,0.3799671038392666
lawbench,lawbench/lawbench-2-5-19-one-shot,lawbench-2-5-19-one-shot,0.9718986002620127,0.02810139973798731,16,easy,0.732091125,0.732091125,0.2113106507596916
crmarena,crmarena/crmarena_0651_handle_time,crmarena_0651_handle_time,0.9719712290020279,0.028028770997972074,16,easy,0.8875,0.8875,0.2642796813983247
crmarena,crmarena/crmarena_0343_top_issue_identification,crmarena_0343_top_issue_identification,0.9719712290020279,0.028028770997972074,16,easy,0.9125,0.9125,0.2341874249399399
lawbench,lawbench/lawbench-2-1-12-zero-shot,lawbench-2-1-12-zero-shot,0.9721729689073514,0.027827031092648613,16,medium,0.496125,0.496125,0.2649484203104446
reasoning-gym,reasoning-gym/reasoning-gym-algorithmic-number-sorting-hard0292e21f-seed45-1,reasoning-gym-algorithmic-number-sorting-hard0292e21f-seed45-1,0.9722218457656138,0.027778154234386232,16,easy,0.83125,0.83125,0.3385977517645384
spreadsheetbench,spreadsheetbench/4714,4714,0.9722744174473519,0.02772558255264812,16,easy,0.7625000000000001,0.7625000000000001,0.3333072906493345
spreadsheetbench,spreadsheetbench/59358,59358,0.9722744174473519,0.02772558255264812,16,easy,0.7749999999999999,0.7749999999999999,0.3596873642484539
dacode,dacode/dacode-ml-regression-012,dacode-ml-regression-012,0.9722810415407958,0.027718958459204246,14,medium,0.6155873125,0.6051890714285715,0.24937300054636
lawbench,lawbench/lawbench-2-1-14-zero-shot,lawbench-2-1-14-zero-shot,0.9723118039834366,0.02768819601656336,16,medium,0.5148825,0.5148825,0.3246777567739281
lawbench,lawbench/lawbench-2-1-4-zero-shot,lawbench-2-1-4-zero-shot,0.9723118039834366,0.02768819601656336,16,medium,0.45786,0.45786,0.2491226778115553
spreadsheetbench,spreadsheetbench/59639,59639,0.9723220162090229,0.02767798379097708,16,easy,0.7250000000000001,0.7250000000000001,0.4054318685056713
spreadsheetbench,spreadsheetbench/50811,50811,0.9723220162090229,0.02767798379097708,16,easy,0.7000000000000001,0.7000000000000001,0.3741657386773941
lawbench,lawbench/lawbench-3-4-19-zero-shot,lawbench-3-4-19-zero-shot,0.9723274711089388,0.0276725288910612,16,easy,0.70722975,0.70722975,0.2644350126747827
mmmlu,mmmlu/mmmlu-hi-in-00068,mmmlu-hi-in-00068,0.9724274402082929,0.02757255979170714,16,medium,0.4625,0.4625,0.410601692641421
aider-polyglot,aider-polyglot/polyglot_javascript_robot-name,polyglot_javascript_robot-name,0.9724275604123462,0.027572439587653763,16,easy,0.9125,0.9125,0.2117634293262177
research-code-bench,research-code-bench/optimalsteps_dynamic_programming_search,optimalsteps_dynamic_programming_search,0.9724275604123463,0.027572439587653652,16,hard,0.0875,0.0875,0.2117634293262177
lawbench,lawbench/lawbench-2-5-21-one-shot,lawbench-2-5-21-one-shot,0.9725701505007012,0.02742984949929883,16,easy,0.8151695625000001,0.8151695625000001,0.2105989856201736
usaco,usaco/1114,1114,0.9726188693929918,0.027381130607008197,16,easy,0.709375,0.709375,0.4176641705664971
crmarena,crmarena/crmarena_0599_named_entity_disambiguation,crmarena_0599_named_entity_disambiguation,0.972642725437554,0.027357274562445966,16,medium,0.40625,0.40625,0.2838766237293941
crmarena,crmarena/crmarena_0536_named_entity_disambiguation,crmarena_0536_named_entity_disambiguation,0.972642725437554,0.027357274562445966,16,medium,0.4375,0.4375,0.2934173648576376
crustbench,crustbench/crustbench-lib2bit,crustbench-lib2bit,0.9726729869821111,0.027327013017888868,14,easy,0.759375,0.7392857142857144,0.3495806525725662
crustbench,crustbench/crustbench-satc,crustbench-satc,0.9726729869821111,0.027327013017888868,14,easy,0.8125,0.7857142857142857,0.3502185906323218
lawbench,lawbench/lawbench-2-5-2-one-shot,lawbench-2-5-2-one-shot,0.9727507295001047,0.02724927049989534,16,medium,0.6578370625000001,0.6578370625000001,0.2051487807703438
bfcl,bfcl/bfcl-live-multiple-705-164-21,bfcl-live-multiple-705-164-21,0.9727531034255114,0.027246896574488644,16,easy,0.925,0.925,0.1713913650100261
omnimath,omnimath/omnimath_3204,omnimath_3204,0.9727531034255114,0.027246896574488644,16,easy,0.875,0.875,0.243669858620224
bfcl,bfcl/bfcl-simple-python-282,bfcl-simple-python-282,0.9727531034255114,0.027246896574488644,16,easy,0.875,0.875,0.2436698586202241
omnimath,omnimath/omnimath_2185,omnimath_2185,0.9727531034255114,0.027246896574488644,16,easy,0.925,0.925,0.1713913650100261
simpleqa,simpleqa/simpleqa-1022,simpleqa-1022,0.9727840072864143,0.027215992713585657,16,easy,0.925,0.925,0.171391365010026
gpqa-diamond,gpqa-diamond/149,149,0.9728057927953568,0.02719420720464316,16,easy,0.8374999999999999,0.8374999999999999,0.2934173648576376
terminal-bench,terminal-bench/reshard-c4-data,reshard-c4-data,0.9728717043137061,0.027128295686293935,16,medium,0.6625000000000001,0.6625000000000001,0.4456385867493971
terminal-bench,terminal-bench/sqlite-db-truncate,sqlite-db-truncate,0.9728717043137061,0.027128295686293935,16,medium,0.6125,0.6125,0.4768057780690163
research-code-bench,research-code-bench/eomt_custom_attention_mechanism,eomt_custom_attention_mechanism,0.9728717043137063,0.027128295686293713,16,medium,0.3375,0.3375,0.4456385867493972
ineqmath,ineqmath/15,15,0.973010067733054,0.026989932266946015,16,easy,0.925,0.925,0.1984313483298443
swebench-verified,swebench-verified/astropy__astropy-14539,astropy__astropy-14539,0.9730124597112036,0.026987540288796352,16,easy,0.85,0.85,0.2958039891549808
widesearch,widesearch/widesearch/widesearch-ws-zh-046,widesearch/widesearch-ws-zh-046,0.9730546762762635,0.02694532372373648,16,medium,0.6412215000000001,0.6412215000000001,0.3365880412574101
livecodebench,livecodebench/abc326_e,abc326_e,0.9731236802019039,0.026876319798096127,16,easy,0.9,0.9,0.2738612787525831
usaco,usaco/1064,1064,0.9733132988966439,0.026686701103356136,16,easy,0.75,0.75,0.3640054944640259
simpleqa,simpleqa/simpleqa-3914,simpleqa-3914,0.9733285267845756,0.0266714732154244,16,easy,0.9375,0.9375,0.1964529205687714
simpleqa,simpleqa/simpleqa-2262,simpleqa-2262,0.9733285267845757,0.02667147321542429,16,easy,0.9,0.9,0.2549509756796392
lawbench,lawbench/lawbench-2-9-12-zero-shot,lawbench-2-9-12-zero-shot,0.973333100965966,0.026666899034033964,16,easy,0.8101398750000001,0.8101398750000001,0.1456382760999298
lawbench,lawbench/lawbench-2-7-8-one-shot,lawbench-2-7-8-one-shot,0.973333100965966,0.026666899034033964,16,medium,0.42501225,0.42501225,0.1209302502542788
quixbugs,quixbugs/quixbugs-python-is_valid_parenthesization,quixbugs-python-is_valid_parenthesization,0.973336342158976,0.02666365784102398,16,easy,0.8458333124999999,0.8458333124999999,0.3025069222692926
simpleqa,simpleqa/simpleqa-2347,simpleqa-2347,0.9733432065025664,0.02665679349743355,16,easy,0.8624999999999999,0.8624999999999999,0.2712816801776338
algotune,algotune/algotune-lyapunov-stability,algotune-lyapunov-stability,0.973357692914009,0.026642307085991024,16,easy,0.73989775,0.73989775,0.230423621758789
algotune,algotune/algotune-graph-isomorphism,algotune-graph-isomorphism,0.973357692914009,0.026642307085991024,16,medium,0.6827901875,0.6827901875,0.2024382267388063
gaia,gaia/32102e3e-d12a-4209-9163-7b3a104efe5d,32102e3e-d12a-4209-9163-7b3a104efe5d,0.9733989102444611,0.026601089755538876,16,easy,0.8125,0.8125,0.3351771919447981
gaia,gaia/54612da3-fd56-4941-80f4-5eb82330de25,54612da3-fd56-4941-80f4-5eb82330de25,0.9733989102444611,0.026601089755538876,16,easy,0.8875,0.8875,0.2341874249399399
mmmlu,mmmlu/mmmlu-de-de-00027,mmmlu-de-de-00027,0.9734172998994152,0.026582700100584833,16,medium,0.575,0.575,0.4683748498798799
swebenchpro,swebenchpro/instance_qutebrowser__qutebrowser-8d05f0282a271bfd45e614238bd1b555c58b3fc1-v35616345bb8052ea303186706cec663146f0f184,instance_qutebrowser__qutebrowser-8d05f0282a271bfd45e614238bd1b555c58b3fc1-v35616345bb8052ea303186706cec663146f0f184,0.9734218888490664,0.02657811115093356,16,medium,0.6375,0.6375,0.401364858950058
swebenchpro,swebenchpro/instance_navidrome__navidrome-56303cde23a4122d2447cbb266f942601a78d7e4,instance_navidrome__navidrome-56303cde23a4122d2447cbb266f942601a78d7e4,0.9734218888490664,0.02657811115093356,16,medium,0.6124999999999999,0.6124999999999999,0.4211220131980754
ineqmath,ineqmath/44,44,0.9734630532442312,0.026536946755768787,16,easy,0.8875,0.8875,0.261904085496962
ineqmath,ineqmath/31,31,0.9734630532442312,0.026536946755768787,16,easy,0.875,0.875,0.2537222891273055
research-code-bench,research-code-bench/dyt_forward,dyt_forward,0.973580000377916,0.026419999622083967,16,medium,0.4,0.4,0.4636809247747852
ineqmath,ineqmath/26,26,0.973600753224455,0.02639924677554495,16,easy,0.8937499999999999,0.8937499999999999,0.2435896908738134
medagentbench,medagentbench/task4_8,task4_8,0.9736253740460072,0.02637462595399276,16,easy,0.8625,0.8625,0.220439901106855
research-code-bench,research-code-bench/eomt_scale_block_initialization,eomt_scale_block_initialization,0.9736866624431952,0.02631333755680476,16,hard,0.1125,0.1125,0.2735758578529911
reasoning-gym,reasoning-gym/reasoning-gym-algorithmic-game-of-life-halting-easy00cea0a5-seed45-1,reasoning-gym-algorithmic-game-of-life-halting-easy00cea0a5-seed45-1,0.9736936414173089,0.026306358582691147,16,easy,0.9416666875,0.9416666875,0.1266556560455941
aider-polyglot,aider-polyglot/polyglot_java_palindrome-products,polyglot_java_palindrome-products,0.9737036670301933,0.026296332969806713,16,hard,0.1875,0.1875,0.342554740151118
arc-agi-2,arc-agi-2/a32d8b75_1,a32d8b75_1,0.9737437373736972,0.026256262626302762,16,hard,0.0875,0.0875,0.2117634293262177
lawbench,lawbench/lawbench-3-3-15-one-shot,lawbench-3-3-15-one-shot,0.973787385071663,0.02621261492833704,16,medium,0.5223956875,0.5223956875,0.1408924759478477
lawbench,lawbench/lawbench-3-3-15-zero-shot,lawbench-3-3-15-zero-shot,0.973787385071663,0.02621261492833704,16,medium,0.5107291250000001,0.5107291250000001,0.1408392409082404
lawbench,lawbench/lawbench-2-7-1-one-shot,lawbench-2-7-1-one-shot,0.9738300185877382,0.02616998141226179,16,medium,0.36589425,0.36589425,0.128305774608696
dacode,dacode/dacode-di-csv-023,dacode-di-csv-023,0.9739404421795225,0.02605955782047753,14,easy,0.8374999999999999,0.8142857142857143,0.3159049198213712
dacode,dacode/dacode-dm-csv-063,dacode-dm-csv-063,0.9739404421795225,0.02605955782047753,14,easy,0.9125,0.9,0.1812653934349931
simpleqa,simpleqa/simpleqa-129,simpleqa-129,0.9739948620086155,0.026005137991384486,16,easy,0.925,0.925,0.1713913650100261
quixbugs,quixbugs/quixbugs-java-reverse_linked_list,quixbugs-java-reverse_linked_list,0.9741191010533604,0.025880898946639586,16,easy,0.921875,0.921875,0.2455661507109642
replicationbench,replicationbench/bayes_cal__evidence,bayes_cal__evidence,0.9741191010533607,0.025880898946639253,16,hard,0.0625,0.0625,0.1964529205687714
gpqa-diamond,gpqa-diamond/83,83,0.9742160336041293,0.02578396639587066,16,easy,0.9375,0.9375,0.1165922381636101
gpqa-diamond,gpqa-diamond/23,23,0.9742160336041293,0.02578396639587066,16,easy,0.9,0.9,0.187082869338697
hle,hle/hle/hle__670f069bf0a2db734f219dc7,hle/hle__670f069bf0a2db734f219dc7,0.9742323590870536,0.025767640912946366,16,medium,0.45,0.45,0.4387482193696061
quixbugs,quixbugs/quixbugs-python-depth_first_search,quixbugs-python-depth_first_search,0.9743621510648118,0.025637848935188168,16,easy,0.75,0.75,0.3905124837953327
quixbugs,quixbugs/quixbugs-python-lis,quixbugs-python-lis,0.9743621510648118,0.025637848935188168,16,easy,0.815625,0.815625,0.3371381161705095
dacode,dacode/dacode-data-sa-013,dacode-data-sa-013,0.9746461409498827,0.025353859050117333,14,easy,0.90625,0.8928571428571429,0.2576384113838775
spreadsheetbench,spreadsheetbench/374-18,374-18,0.9747118375382693,0.025288162461730712,16,easy,0.7125,0.7125,0.3935019059674298
spreadsheetbench,spreadsheetbench/141-20,141-20,0.9747118375382693,0.025288162461730712,16,medium,0.6875,0.6875,0.4240798863421844
usaco,usaco/205,205,0.9747804716062098,0.025219528393790158,16,easy,0.7375,0.7375,0.3789376597806029
usaco,usaco/1328,1328,0.9747804716062098,0.025219528393790158,16,easy,0.74375,0.74375,0.3999511688944039
lawbench,lawbench/lawbench-3-4-3-zero-shot,lawbench-3-4-3-zero-shot,0.9747924070786615,0.02520759292133845,16,easy,0.7349686875,0.7349686875,0.2698135022855414
research-code-bench,research-code-bench/eomt_transformer_block_forward,eomt_transformer_block_forward,0.9749399940384372,0.02506000596156277,16,medium,0.325,0.325,0.4351723796382303
research-code-bench,research-code-bench/len_update_steps,len_update_steps,0.9749399940384372,0.02506000596156277,16,medium,0.325,0.325,0.3992179855667828
mmmlu,mmmlu/mmmlu-ko-kr-00104,mmmlu-ko-kr-00104,0.9750319637613736,0.024968036238626423,16,medium,0.5375,0.5375,0.4284784125250652
mmmlu,mmmlu/mmmlu-yo-ng-00143,mmmlu-yo-ng-00143,0.9750319637613736,0.024968036238626423,16,medium,0.5125,0.5125,0.4357106264483344
omnimath,omnimath/omnimath_3248,omnimath_3248,0.9750567519383248,0.02494324806167525,16,medium,0.6125,0.6125,0.4442338910979215
omnimath,omnimath/omnimath_3346,omnimath_3346,0.9750567519383248,0.02494324806167525,16,medium,0.6125,0.6125,0.4498263553861645
simpleqa,simpleqa/simpleqa-891,simpleqa-891,0.9750888026330709,0.02491119736692915,16,easy,0.8625,0.8625,0.2976470224947665
quixbugs,quixbugs/quixbugs-java-detect_cycle,quixbugs-java-detect_cycle,0.975088802633071,0.02491119736692904,16,easy,0.8625,0.8625,0.2976470224947665
reasoning-gym,reasoning-gym/reasoning-gym-arithmetic-power-function-hard0292e21f-seed45-0,reasoning-gym-arithmetic-power-function-hard0292e21f-seed45-0,0.9751509497250026,0.024849050274997397,16,saturated,0.95025,0.95025,0.0861709782931585
reasoning-gym,reasoning-gym/reasoning-gym-code-bf-hard0292e21f-seed45-0,reasoning-gym-code-bf-hard0292e21f-seed45-0,0.9751509497250026,0.024849050274997397,16,easy,0.7875000000000001,0.7875000000000001,0.3772847068196642
swebench-verified,swebench-verified/django__django-15375,django__django-15375,0.9752055617780844,0.024794438221915627,16,easy,0.7625,0.7625,0.3822221212855163
swebench-verified,swebench-verified/django__django-15278,django__django-15278,0.9752055617780844,0.024794438221915627,16,easy,0.7749999999999999,0.7749999999999999,0.3864906208435076
swebench-verified,swebench-verified/sphinx-doc__sphinx-8593,sphinx-doc__sphinx-8593,0.9752669176956259,0.0247330823043741,16,easy,0.7375,0.7375,0.3789376597806029
swebench-verified,swebench-verified/scikit-learn__scikit-learn-9288,scikit-learn__scikit-learn-9288,0.9752669176956259,0.0247330823043741,16,easy,0.7124999999999999,0.7124999999999999,0.4181432170919433
research-code-bench,research-code-bench/grid-cell-conformal-isometry_nonlinear_transformation_1,grid-cell-conformal-isometry_nonlinear_transformation_1,0.9753054818178538,0.024694518182146186,16,medium,0.375,0.375,0.4630064794363033
arc-agi-2,arc-agi-2/8f215267_0,8f215267_0,0.9753086419753085,0.024691358024691468,16,medium,0.4499999999999999,0.4499999999999999,0.45
arc-agi-2,arc-agi-2/65b59efc_1,65b59efc_1,0.9753086419753085,0.024691358024691468,16,medium,0.45,0.45,0.45
ineqmath,ineqmath/47,47,0.9753180256098417,0.02468197439015829,16,easy,0.8812500000000001,0.8812500000000001,0.2530285309999645
aider-polyglot,aider-polyglot/polyglot_javascript_rational-numbers,polyglot_javascript_rational-numbers,0.9753198199815031,0.024680180018496922,16,easy,0.85,0.85,0.2958039891549808
dacode,dacode/dacode-data-sa-002,dacode-data-sa-002,0.9753249401741498,0.024675059825850165,14,easy,0.721875,0.7035714285714285,0.345100547312087
ineqmath,ineqmath/41,41,0.9753311068509121,0.024668893149087934,16,easy,0.8875,0.8875,0.220439901106855
livecodebench,livecodebench/abc312_e,abc312_e,0.9753614395431033,0.02463856045689672,16,easy,0.7625,0.7625,0.3479852726768763
simpleqa,simpleqa/simpleqa-1971,simpleqa-1971,0.9754287362677289,0.024571263732271142,16,easy,0.8875,0.8875,0.2232571387436469
usaco,usaco/1036,1036,0.9755228686307467,0.024477131369253335,16,easy,0.8500000000000001,0.8500000000000001,0.2692582403567252
usaco,usaco/246,246,0.9755228686307467,0.024477131369253335,16,easy,0.875,0.875,0.2331844763272204
ineqmath,ineqmath/54,54,0.975541215520614,0.024458784479385987,16,easy,0.90625,0.90625,0.2221169455489607
simpleqa,simpleqa/simpleqa-5,simpleqa-5,0.9755511817091334,0.024448818290866647,16,easy,0.85,0.85,0.2692582403567252
spreadsheetbench,spreadsheetbench/304-35,304-35,0.975551857669952,0.024448142330047995,16,easy,0.7875,0.7875,0.3772847068196642
ineqmath,ineqmath/75,75,0.9755685714190881,0.02443142858091185,16,easy,0.9125,0.9125,0.2027159342528357
ineqmath,ineqmath/89,89,0.9755685714190881,0.02443142858091185,16,easy,0.88125,0.88125,0.2603333199957316
reasoning-gym,reasoning-gym/reasoning-gym-games-tower-of-hanoi-hard0292e21f-seed45-0,reasoning-gym-games-tower-of-hanoi-hard0292e21f-seed45-0,0.9755751759505964,0.024424824049403604,16,easy,0.852460625,0.852460625,0.2689698080284465
reasoning-gym,reasoning-gym/reasoning-gym-games-tower-of-hanoi-easy00cea0a5-seed45-2,reasoning-gym-games-tower-of-hanoi-easy00cea0a5-seed45-2,0.9755751759505964,0.024424824049403604,16,easy,0.8768750000000001,0.8768750000000001,0.2699471881220473
kumo,kumo/caridentificationenv-t4-a6-v1-s1,caridentificationenv-t4-a6-v1-s1,0.9756156783416061,0.02438432165839388,16,saturated,0.9625,0.9625,0.0780624749799799
kumo,kumo/licenseenv-t4-a6-v1-s0,licenseenv-t4-a6-v1-s0,0.9756156783416061,0.02438432165839388,16,easy,0.85,0.85,0.2872281323269014
ineqmath,ineqmath/6,6,0.9756909797269833,0.024309020273016735,16,easy,0.9125,0.9125,0.1996089927833914
dacode,dacode/dacode-data-sa-033,dacode-data-sa-033,0.9757389507005485,0.024261049299451498,14,medium,0.4625,0.4571428571428572,0.0728431359084683
gpqa-diamond,gpqa-diamond/20,20,0.9757906609774566,0.024209339022543408,16,easy,0.9125,0.9125,0.186664806538351
aider-polyglot,aider-polyglot/polyglot_java_wordy,polyglot_java_wordy,0.9758309400968531,0.024169059903146883,16,hard,0.1624999999999999,0.1624999999999999,0.2847696437473629
aider-polyglot,aider-polyglot/polyglot_java_protein-translation,polyglot_java_protein-translation,0.9758309400968531,0.024169059903146883,16,hard,0.225,0.225,0.3992179855667828
dacode,dacode/dacode-ml-regression-002,dacode-ml-regression-002,0.9758451871352374,0.02415481286476262,14,easy,0.72107325,0.6995468571428571,0.3816413306501383
widesearch,widesearch/widesearch/widesearch-ws-zh-013,widesearch/widesearch-ws-zh-013,0.9759389967709655,0.024061003229034483,16,medium,0.637176375,0.637176375,0.3361785477757457
widesearch,widesearch/widesearch/widesearch-ws-en-016,widesearch/widesearch-ws-en-016,0.9759389967709655,0.024061003229034483,16,medium,0.5854557499999999,0.5854557499999999,0.350819087052269
widesearch,widesearch/widesearch/widesearch-ws-zh-023,widesearch/widesearch-ws-zh-023,0.975941500351539,0.024058499648460963,16,medium,0.5400231875,0.5400231875,0.2771468809488072
widesearch,widesearch/widesearch/widesearch-ws-en-056,widesearch/widesearch-ws-en-056,0.975941500351539,0.024058499648460963,16,medium,0.565062125,0.565062125,0.260659975540184
kumo,kumo/circusactenv-t4-a6-v1-s0,circusactenv-t4-a6-v1-s0,0.9759562781380869,0.02404372186191306,16,easy,0.8875,0.8875,0.2446298223847615
medagentbench,medagentbench/task2_5,task2_5,0.9759805523748865,0.024019447625113544,16,easy,0.7625,0.7625,0.3333072906493345
lawbench,lawbench/lawbench-3-2-13-zero-shot,lawbench-3-2-13-zero-shot,0.9760076804627473,0.02399231953725267,16,hard,0.298145125,0.298145125,0.1331074731114274
labbench,labbench/figqa-0062,figqa-0062,0.9760143983903535,0.023985601609646467,16,hard,0.25,0.25,0.3905124837953327
arc-agi-2,arc-agi-2/8e5c0c38_1,8e5c0c38_1,0.9760267370186337,0.02397326298136626,16,medium,0.4499999999999999,0.4499999999999999,0.4444097208657794
arc-agi-2,arc-agi-2/f931b4a8_0,f931b4a8_0,0.9760267370186337,0.02397326298136626,16,medium,0.425,0.425,0.4293891009329417
ineqmath,ineqmath/36,36,0.9760891110702715,0.02391088892972848,16,easy,0.875,0.875,0.2704163456597992
aider-polyglot,aider-polyglot/polyglot_rust_luhn-from,polyglot_rust_luhn-from,0.9760899947506634,0.02391000524933662,16,easy,0.825,0.825,0.3307189138830738
kumo,kumo/chemicalenv-t4-a6-v1-s1,chemicalenv-t4-a6-v1-s1,0.9761137948686157,0.023886205131384286,16,easy,0.925,0.925,0.171391365010026
aider-polyglot,aider-polyglot/polyglot_go_wordy,polyglot_go_wordy,0.9761244062042361,0.023875593795763872,16,easy,0.8625,0.8625,0.261904085496962
ineqmath,ineqmath/90,90,0.9762158425451734,0.02378415745482665,16,easy,0.875,0.875,0.258602010819715
ineqmath,ineqmath/72,72,0.9763018419006593,0.023698158099340727,16,easy,0.93125,0.93125,0.1488235112473832
ineqmath,ineqmath/34,34,0.9763018419006593,0.023698158099340727,16,easy,0.8875,0.8875,0.2521780125229002
lawbench,lawbench/lawbench-3-1-23-zero-shot,lawbench-3-1-23-zero-shot,0.9763193607233259,0.023680639276674076,16,easy,0.748804125,0.748804125,0.28677660963934
lawbench,lawbench/lawbench-3-1-15-zero-shot,lawbench-3-1-15-zero-shot,0.9763193607233259,0.023680639276674076,16,easy,0.7170030625000001,0.7170030625000001,0.3185052657254014
dacode,dacode/dacode-ml-binary-022,dacode-ml-binary-022,0.9763319370265648,0.023668062973435156,14,easy,0.8870798125,0.8769282857142856,0.2491440137211031
spreadsheetbench,spreadsheetbench/423-16,423-16,0.9763488463167669,0.023651153683233117,16,easy,0.8875,0.8875,0.2232571387436469
mmmlu,mmmlu/mmmlu-ja-jp-00093,mmmlu-ja-jp-00093,0.9763710753619035,0.023628924638096516,16,medium,0.6125,0.6125,0.4211220131980754
hle,hle/hle/hle__6731c361932ff1e062488324,hle/hle__6731c361932ff1e062488324,0.9764499707893619,0.02355002921063809,16,medium,0.4875,0.4875,0.4525966747557918
hle,hle/hle/hle__671f1f4ae38f776acdad8a77,hle/hle__671f1f4ae38f776acdad8a77,0.9764499707893619,0.02355002921063809,16,medium,0.4875,0.4875,0.463512405443479
ineqmath,ineqmath/68,68,0.9764807930671371,0.023519206932862913,16,easy,0.8999999999999999,0.8999999999999999,0.2474873734152916
labbench,labbench/figqa-0146,figqa-0146,0.9765077820899585,0.023492217910041524,16,medium,0.3625,0.3625,0.4371427112511428
labbench,labbench/figqa-0077,figqa-0077,0.9765077820899585,0.023492217910041524,16,medium,0.3375,0.3375,0.4044672421840859
research-code-bench,research-code-bench/eomt_initialize_class_prediction_head,eomt_initialize_class_prediction_head,0.9766041358646083,0.023395864135391742,16,hard,0.2625,0.2625,0.4284784125250652
research-code-bench,research-code-bench/fractalgen_random_masking,fractalgen_random_masking,0.9766041358646083,0.023395864135391742,16,hard,0.2375,0.2375,0.3887077951366552
reasoning-gym,reasoning-gym/reasoning-gym-cognition-figlet-font-hard0292e21f-seed45-1,reasoning-gym-cognition-figlet-font-hard0292e21f-seed45-1,0.9766462454428589,0.02335375455714106,16,medium,0.64375,0.64375,0.4619100967720883
crustbench,crustbench/crustbench-libutf,crustbench-libutf,0.9766937561334514,0.02330624386654856,13,easy,0.7625,0.7076923076923076,0.4122388002145927
crustbench,crustbench/crustbench-2dpartint,crustbench-2dpartint,0.9766937561334514,0.02330624386654856,14,easy,0.775,0.7428571428571429,0.416986271980755
simpleqa,simpleqa/simpleqa-2315,simpleqa-2315,0.9766939469301706,0.023306053069829358,16,easy,0.8625,0.8625,0.2976470224947664
reasoning-gym,reasoning-gym/reasoning-gym-algorithmic-game-of-life-easy00cea0a5-seed45-1,reasoning-gym-algorithmic-game-of-life-easy00cea0a5-seed45-1,0.9767252593387539,0.02327474066124613,16,easy,0.862125,0.862125,0.2801628711571182
reasoning-gym,reasoning-gym/reasoning-gym-arithmetic-power-function-easy00cea0a5-seed45-2,reasoning-gym-arithmetic-power-function-easy00cea0a5-seed45-2,0.9767252593387539,0.02327474066124613,16,saturated,0.950125,0.950125,0.1116366175365412
dacode,dacode/dacode-data-sa-001,dacode-data-sa-001,0.976732803094641,0.023267196905359055,14,easy,0.95,0.942857142857143,0.1178030178747902
kumo,kumo/mineralenv-t4-a6-v1-s1,mineralenv-t4-a6-v1-s1,0.9767328030946413,0.023267196905358722,16,easy,0.9125,0.9125,0.2117634293262177
research-code-bench,research-code-bench/dyt_channel_split,dyt_channel_split,0.9768293621351378,0.023170637864862176,16,medium,0.4375,0.4375,0.4539754949333719
research-code-bench,research-code-bench/fractalgen_mask_ratio_and_mask_length,fractalgen_mask_ratio_and_mask_length,0.9768293621351379,0.023170637864862065,16,medium,0.4375,0.4375,0.4539754949333719
medagentbench,medagentbench/task4_9,task4_9,0.9768319269817802,0.02316807301821977,16,easy,0.8375,0.8375,0.2847696437473629
medagentbench,medagentbench/task5_24,task5_24,0.9768319269817802,0.02316807301821977,16,easy,0.8125,0.8125,0.3038811445285804
dacode,dacode/dacode-dm-csv-050,dacode-dm-csv-050,0.9769112744288455,0.02308872557115449,14,easy,0.791666625,0.7619047142857143,0.3596420883963128
research-code-bench,research-code-bench/len_compute_gradients,len_compute_gradients,0.9769467521246041,0.023053247875395866,16,medium,0.35,0.35,0.4387482193696061
aime,aime/aime_78,aime_78,0.9769527100407772,0.023047289959222783,16,saturated,0.9541666875,0.9541666875,0.1218348801486661
aime,aime/aime_i-4,aime_i-4,0.9769527100407772,0.023047289959222783,16,saturated,0.971875,0.971875,0.0749348675517612
pixiu,pixiu/pixiu-finerord-finerord1,pixiu-finerord-finerord1,0.9769528781833878,0.02304712181661217,16,easy,0.8875,0.8875,0.299739470207045
reasoning-gym,reasoning-gym/reasoning-gym-cognition-figlet-font-easy00cea0a5-seed45-0,reasoning-gym-cognition-figlet-font-easy00cea0a5-seed45-0,0.9769633793127546,0.023036620687245435,16,medium,0.67125,0.67125,0.4510525883974062
reasoning-gym,reasoning-gym/reasoning-gym-cognition-figlet-font-easy00cea0a5-seed45-2,reasoning-gym-cognition-figlet-font-easy00cea0a5-seed45-2,0.9769633793127546,0.023036620687245435,16,medium,0.645,0.645,0.4361479106908573
crustbench,crustbench/crustbench-jccc,crustbench-jccc,0.9770690883577112,0.022930911642288776,14,easy,0.7875,0.7571428571428572,0.371703195178791
simpleqa,simpleqa/simpleqa-4002,simpleqa-4002,0.9770731641954226,0.02292683580457744,16,easy,0.9,0.9,0.2236067977499789
spreadsheetbench,spreadsheetbench/45937,45937,0.9771398364036774,0.02286016359632259,16,easy,0.75,0.75,0.3840572873934304
spreadsheetbench,spreadsheetbench/263-1,263-1,0.9771398364036774,0.02286016359632259,16,easy,0.75,0.75,0.4330127018922193
dacode,dacode/dacode-ml-multi-009,dacode-ml-multi-009,0.9772042355518678,0.02279576444813225,14,medium,0.636233125,0.6233108571428573,0.2051912570105047
mmmlu,mmmlu/mmmlu-en-us-00036,mmmlu-en-us-00036,0.9772130536114054,0.022786946388594576,16,medium,0.575,0.575,0.4054318685056713
livecodebench,livecodebench/abc351_f,abc351_f,0.9772374162153205,0.022762583784679546,16,easy,0.8375,0.8375,0.3257203555198846
spreadsheetbench,spreadsheetbench/493-18,493-18,0.9772582407412986,0.022741759258701366,16,easy,0.825,0.825,0.2727178028658928
omnimath,omnimath/omnimath_127,omnimath_127,0.9772932215135464,0.022706778486453638,16,easy,0.8999999999999999,0.8999999999999999,0.187082869338697
omnimath,omnimath/omnimath_3580,omnimath_3580,0.9772932215135464,0.022706778486453638,16,easy,0.8374999999999999,0.8374999999999999,0.2666341125962693
dacode,dacode/dacode-ml-multi-012,dacode-ml-multi-012,0.9772984604430106,0.022701539556989392,14,medium,0.4608323125,0.4525361428571429,0.1763240627922094
reasoning-gym,reasoning-gym/reasoning-gym-algorithmic-word-sorting-hard0292e21f-seed45-1,reasoning-gym-algorithmic-word-sorting-hard0292e21f-seed45-1,0.9773267774569852,0.022673222543014848,16,easy,0.852662,0.852662,0.2784952608077469
reasoning-gym,reasoning-gym/reasoning-gym-arithmetic-fraction-simplification-hard0292e21f-seed45-1,reasoning-gym-arithmetic-fraction-simplification-hard0292e21f-seed45-1,0.9773267774569852,0.022673222543014848,16,saturated,0.962625,0.962625,0.0778033378140038
mmmlu,mmmlu/mmmlu-bn-bd-00017,mmmlu-bn-bd-00017,0.9773451160417712,0.02265488395822879,16,medium,0.6625,0.6625,0.4044672421840859
mmmlu,mmmlu/mmmlu-zh-cn-00122,mmmlu-zh-cn-00122,0.9773451160417712,0.02265488395822879,16,medium,0.675,0.675,0.3992179855667828
spreadsheetbench,spreadsheetbench/510-3,510-3,0.9773994272297336,0.02260057277026639,16,easy,0.875,0.875,0.2817356917396161
spreadsheetbench,spreadsheetbench/56427,56427,0.9773994272297336,0.02260057277026639,16,easy,0.85,0.85,0.3041381265149109
spreadsheetbench,spreadsheetbench/18645,18645,0.9774528186766118,0.022547181323388177,16,easy,0.8625,0.8625,0.2712816801776338
spreadsheetbench,spreadsheetbench/10452,10452,0.9774528186766118,0.022547181323388177,16,easy,0.9,0.9,0.2121320343559642
aime,aime/aime_i-8,aime_i-8,0.9775375346430285,0.022462465356971495,16,easy,0.8999999999999999,0.8999999999999999,0.2549509756796392
dacode,dacode/dacode-dm-csv-053,dacode-dm-csv-053,0.9776074952315009,0.022392504768499077,14,easy,0.775,0.7428571428571428,0.3958973274443148
reasoning-gym,reasoning-gym/reasoning-gym-algorithmic-rotten-oranges-hard0292e21f-seed45-0,reasoning-gym-algorithmic-rotten-oranges-hard0292e21f-seed45-0,0.9776540378889337,0.02234596211106632,16,easy,0.8500000000000001,0.8500000000000001,0.278388218141501
medagentbench,medagentbench/task5_12,task5_12,0.9778071458798918,0.022192854120108185,16,easy,0.8125,0.8125,0.3119995993587171
medagentbench,medagentbench/task5_23,task5_23,0.9778071458798918,0.022192854120108185,16,easy,0.875,0.875,0.1854049621773915
arc-agi-2,arc-agi-2/7c66cb00_0,7c66cb00_0,0.9778188059444194,0.02218119405558061,16,medium,0.4125,0.4125,0.4385701198212208
arc-agi-2,arc-agi-2/c4d067a0_0,c4d067a0_0,0.9778188059444194,0.02218119405558061,16,medium,0.4375,0.4375,0.4594493987372276
hle,hle/hle/hle__671af1baed3d54e87368bca2,hle/hle__671af1baed3d54e87368bca2,0.9778468526569258,0.022153147343074164,16,hard,0.2125,0.2125,0.3772847068196642
livecodebench,livecodebench/3320,3320,0.9778978233974471,0.02210217660255287,16,saturated,0.975,0.975,0.0661437827766147
bigcodebench,bigcodebench/bigcodebench_267,bigcodebench_267,0.9778978233974472,0.02210217660255276,16,hard,0.0625,0.0625,0.1690968657308585
bigcodebench,bigcodebench/bigcodebench_227,bigcodebench_227,0.9778978233974472,0.02210217660255276,16,hard,0.075,0.075,0.1984313483298443
gpqa-diamond,gpqa-diamond/67,67,0.9778978233974472,0.02210217660255276,16,easy,0.9375,0.9375,0.1690968657308585
aider-polyglot,aider-polyglot/polyglot_rust_simple-cipher,polyglot_rust_simple-cipher,0.9779644266945369,0.02203557330546313,16,easy,0.8875,0.8875,0.2735758578529911
arc-agi-2,arc-agi-2/142ca369_1,142ca369_1,0.9779655257637652,0.022034474236234836,16,hard,0.1375,0.1375,0.3059309562630105
reasoning-gym,reasoning-gym/reasoning-gym-algorithmic-number-filtering-easy00cea0a5-seed45-2,reasoning-gym-algorithmic-number-filtering-easy00cea0a5-seed45-2,0.9780580038681815,0.021941996131818464,16,easy,0.8875,0.8875,0.2341874249399399
dacode,dacode/dacode-di-text-023,dacode-di-text-023,0.9781078023772123,0.021892197622787712,14,easy,0.9,0.8857142857142858,0.1958758457257441
simpleqa,simpleqa/simpleqa-1807,simpleqa-1807,0.9782319760890372,0.021768023910962775,16,medium,0.7,0.7,0.406201920231798
simpleqa,simpleqa/simpleqa-3057,simpleqa-3057,0.9782319760890372,0.021768023910962775,16,easy,0.75,0.75,0.3774917217635375
mmmlu,mmmlu/mmmlu-de-de-00025,mmmlu-de-de-00025,0.9782512078245095,0.021748792175490528,16,medium,0.6375,0.6375,0.3950870157319777
ineqmath,ineqmath/17,17,0.9782712707820383,0.02172872921796165,16,easy,0.91875,0.91875,0.2429473965697101
swebenchpro,swebenchpro/instance_element-hq__element-web-6961c256035bed0b7640a6e5907652c806968478-vnan,instance_element-hq__element-web-6961c256035bed0b7640a6e5907652c806968478-vnan,0.9783631102760739,0.021636889723926078,16,easy,0.7124999999999999,0.7124999999999999,0.3739568825412898
swebenchpro,swebenchpro/instance_qutebrowser__qutebrowser-c09e1439f145c66ee3af574386e277dd2388d094-v2ef375ac784985212b1805e1d0431dc8f1b3c171,instance_qutebrowser__qutebrowser-c09e1439f145c66ee3af574386e277dd2388d094-v2ef375ac784985212b1805e1d0431dc8f1b3c171,0.9783631102760739,0.021636889723926078,16,medium,0.6875,0.6875,0.4240798863421843
spreadsheetbench,spreadsheetbench/47798,47798,0.9784116178018627,0.0215883821981373,16,easy,0.8624999999999999,0.8624999999999999,0.261904085496962
spreadsheetbench,spreadsheetbench/43589,43589,0.9784116178018627,0.0215883821981373,16,easy,0.8999999999999999,0.8999999999999999,0.1999999999999999
replicationbench,replicationbench/abacus__ewald_force_accuracy,abacus__ewald_force_accuracy,0.9784364800268535,0.02156351997314654,16,hard,0.1125,0.1125,0.2232571387436469
replicationbench,replicationbench/disk_ridges__gaia_dr2_all,disk_ridges__gaia_dr2_all,0.9784364800268535,0.02156351997314654,16,hard,0.125,0.125,0.2331844763272204
featurebench-modal,featurebench-modal/python__mypy.8e2ce962.testconstraints.db380fe7.lv1,python__mypy.8e2ce962.testconstraints.db380fe7.lv1,0.9784921095801633,0.021507890419836695,16,hard,0.05,0.05,0.1118033988749895
featurebench-modal,featurebench-modal/mlflow__mlflow.93dab383.test_rest_store_webhooks.6d85971c.lv1,mlflow__mlflow.93dab383.test_rest_store_webhooks.6d85971c.lv1,0.9784921095801633,0.021507890419836695,16,hard,0.075,0.075,0.171391365010026
kumo,kumo/musicalenv-t4-a6-v1-s1,musicalenv-t4-a6-v1-s1,0.9784921095801634,0.021507890419836584,16,easy,0.925,0.925,0.171391365010026
featurebench-modal,featurebench-modal/lightning-ai__pytorch-lightning.126fa6f1.test_connector.825ef3b1.lv1,lightning-ai__pytorch-lightning.126fa6f1.test_connector.825ef3b1.lv1,0.9785233134560084,0.021476686543991597,16,hard,0.2625,0.2625,0.3370367190678191
featurebench-modal,featurebench-modal/pandas-dev__pandas.82fa2715.test_http_headers.aafb551e.lv1,pandas-dev__pandas.82fa2715.test_http_headers.aafb551e.lv1,0.9785233134560084,0.021476686543991597,16,hard,0.275,0.275,0.3799671038392666
omnimath,omnimath/omnimath_939,omnimath_939,0.9785497849867488,0.021450215013251173,16,saturated,0.9625,0.9625,0.0780624749799799
omnimath,omnimath/omnimath_1616,omnimath_1616,0.9785497849867488,0.021450215013251173,16,easy,0.875,0.875,0.2331844763272203
dacode,dacode/dacode-data-wrangling-018,dacode-data-wrangling-018,0.9786638635317835,0.021336136468216527,14,easy,0.8875,0.8714285714285716,0.2461955419944869
livecodebench,livecodebench/abc329_c,abc329_c,0.9786638635317836,0.021336136468216416,16,easy,0.9,0.9,0.2345207879911714
simpleqa,simpleqa/simpleqa-3276,simpleqa-3276,0.9786638635317841,0.02133613646821586,16,easy,0.9125,0.9125,0.2341874249399399
simpleqa,simpleqa/simpleqa-3029,simpleqa-3029,0.9786656005941756,0.021334399405824378,16,easy,0.875,0.875,0.2633913438213184
simpleqa,simpleqa/simpleqa-1944,simpleqa-1944,0.9786656005941756,0.021334399405824378,16,easy,0.85,0.85,0.2958039891549808
financeagent_terminal,financeagent_terminal/financeagent-8,financeagent-8,0.9789934163615829,0.02100658363841712,16,medium,0.6625,0.6625,0.410601692641421
financeagent_terminal,financeagent_terminal/financeagent-19,financeagent-19,0.9789934163615829,0.02100658363841712,16,medium,0.6875,0.6875,0.3533323506275642
usaco,usaco/247,247,0.9790305887228696,0.020969411277130368,16,medium,0.7,0.7,0.3999999999999999
usaco,usaco/433,433,0.9790305887228696,0.020969411277130368,16,medium,0.6875,0.6875,0.4181432170919433
spreadsheetbench,spreadsheetbench/7902,7902,0.9790780698525108,0.02092193014748922,16,easy,0.825,0.825,0.3455068740271313
spreadsheetbench,spreadsheetbench/60-7,60-7,0.9790780698525108,0.02092193014748922,16,easy,0.825,0.825,0.3307189138830738
spreadsheetbench,spreadsheetbench/39515,39515,0.9790780698525108,0.02092193014748922,16,easy,0.825,0.825,0.3307189138830738
mmmlu,mmmlu/mmmlu-es-la-00048,mmmlu-es-la-00048,0.9790985628400004,0.020901437159999592,16,medium,0.45,0.45,0.4213074886588179
aider-polyglot,aider-polyglot/polyglot_rust_bowling,polyglot_rust_bowling,0.9793744259170621,0.02062557408293786,16,easy,0.8375,0.8375,0.3479852726768763
spreadsheetbench,spreadsheetbench/359-21,359-21,0.9793885807648391,0.020611419235160855,16,medium,0.5625,0.5625,0.4648588495446763
arc-agi-2,arc-agi-2/d8e07eb2_1,d8e07eb2_1,0.9793886745740699,0.020611325425930138,16,medium,0.4,0.4,0.4242640687119285
arc-agi-2,arc-agi-2/edb79dae_0,edb79dae_0,0.9793886745740699,0.020611325425930138,16,medium,0.4125,0.4125,0.4151430476353904
research-code-bench,research-code-bench/optimalsteps_dynamic_programming_for_each_sample,optimalsteps_dynamic_programming_for_each_sample,0.9795245982302871,0.020475401769712853,16,hard,0.15,0.15,0.2958039891549808
replicationbench,replicationbench/trgb_std_candle__fit_aseq_bseq,trgb_std_candle__fit_aseq_bseq,0.9795245982302875,0.02047540176971252,16,hard,0.2,0.2,0.3872983346207417
replicationbench,replicationbench/gw_nsbh__default_mbh,gw_nsbh__default_mbh,0.9795245982302875,0.02047540176971252,16,hard,0.2375,0.2375,0.375624480032918
scicode,scicode/scicode-79,scicode-79,0.9795690899358412,0.020430910064158758,16,hard,0.1989583124999999,0.1989583124999999,0.0878897843478685
lawbench,lawbench/lawbench-3-7-6-zero-shot,lawbench-3-7-6-zero-shot,0.9796429319512711,0.020357068048728943,16,easy,0.84875,0.84875,0.2282234376658103
lawbench,lawbench/lawbench-3-7-5-one-shot,lawbench-3-7-5-one-shot,0.9796429319512711,0.020357068048728943,16,easy,0.840625,0.840625,0.2710504738512737
replicationbench,replicationbench/gw_nsbh__equal_mass_slope,gw_nsbh__equal_mass_slope,0.97966231868929,0.02033768131071001,16,hard,0.2125,0.2125,0.3637908052713812
replicationbench,replicationbench/galaxy_soptics__soptics_implementation,galaxy_soptics__soptics_implementation,0.97966231868929,0.02033768131071001,16,hard,0.25,0.25,0.3840572873934304
quixbugs,quixbugs/quixbugs-python-kheapsort,quixbugs-python-kheapsort,0.9796879690781908,0.02031203092180922,16,easy,0.8375,0.8375,0.3257203555198845
crustbench,crustbench/crustbench-simple-sparsehash,crustbench-simple-sparsehash,0.9796879690781909,0.02031203092180911,14,easy,0.8374999999999999,0.8142857142857143,0.3419631201024521
reasoning-gym,reasoning-gym/reasoning-gym-algorithmic-graph-color-hard0292e21f-seed45-0,reasoning-gym-algorithmic-graph-color-hard0292e21f-seed45-0,0.9797147034038823,0.020285296596117663,16,easy,0.8625,0.8625,0.2976470224947665
swebench-verified,swebench-verified/django__django-16082,django__django-16082,0.9798162889235715,0.020183711076428468,16,easy,0.7749999999999999,0.7749999999999999,0.3799671038392666
swebench-verified,swebench-verified/django__django-13741,django__django-13741,0.9798162889235715,0.020183711076428468,16,easy,0.925,0.925,0.1561249499599599
spreadsheetbench,spreadsheetbench/59196,59196,0.9798162889235722,0.0201837110764278,16,easy,0.875,0.875,0.2989565185775349
swebench-verified,swebench-verified/django__django-14539,django__django-14539,0.9798162889235722,0.0201837110764278,16,easy,0.875,0.875,0.2989565185775349
simpleqa,simpleqa/simpleqa-1321,simpleqa-1321,0.979931750881478,0.020068249118522008,16,medium,0.7,0.7,0.4301162633521313
simpleqa,simpleqa/simpleqa-946,simpleqa-946,0.979931750881478,0.020068249118522008,16,medium,0.65,0.65,0.4092676385936225
mmmlu,mmmlu/mmmlu-it-it-00086,mmmlu-it-it-00086,0.9800341288081996,0.019965871191800377,16,medium,0.5875,0.5875,0.4270172713134681
aime,aime/aime_i-12,aime_i-12,0.9800777869286597,0.019922213071340344,16,easy,0.7875,0.7875,0.3497767144908306
aime,aime/aime_65,aime_65,0.9800777869286597,0.019922213071340344,16,easy,0.825,0.825,0.3072051431861127
research-code-bench,research-code-bench/len_track_metrics,len_track_metrics,0.9801539442281322,0.01984605577186782,16,frontier,0.0375,0.0375,0.1452368754827781
kumo,kumo/roverenv-t4-a6-v1-s0,roverenv-t4-a6-v1-s0,0.9801539442281322,0.01984605577186782,16,frontier,0.025,0.025,0.0968245836551854
simpleqa,simpleqa/simpleqa-2542,simpleqa-2542,0.9801539442281322,0.01984605577186782,16,easy,0.95,0.95,0.1936491673103708
simpleqa,simpleqa/simpleqa-1007,simpleqa-1007,0.9801539442281322,0.01984605577186782,16,easy,0.925,0.925,0.243669858620224
kumo,kumo/controlenv-t4-a6-v1-s0,controlenv-t4-a6-v1-s0,0.9801539442281322,0.01984605577186782,16,easy,0.925,0.925,0.243669858620224
livecodebench,livecodebench/3046,3046,0.9801539442281323,0.01984605577186771,16,easy,0.925,0.925,0.243669858620224
mmau,mmau/e1e2bc5b-8835-4d12-ba4b-7e6852071894,e1e2bc5b-8835-4d12-ba4b-7e6852071894,0.9801539442281323,0.01984605577186771,16,easy,0.925,0.925,0.243669858620224
research-code-bench,research-code-bench/diff-transformer_lambda_setup,diff-transformer_lambda_setup,0.9801539442281323,0.01984605577186771,16,medium,0.45,0.45,0.4873397172404482
spreadsheetbench,spreadsheetbench/50324,50324,0.9801539442281323,0.01984605577186771,16,easy,0.925,0.925,0.243669858620224
research-code-bench,research-code-bench/tanh-init_identity_matrix_else,tanh-init_identity_matrix_else,0.9801987943886931,0.019801205611306938,16,medium,0.3,0.3,0.4301162633521313
research-code-bench,research-code-bench/len_gradient_descent_ascent_field,len_gradient_descent_ascent_field,0.9801987943886931,0.019801205611306938,16,hard,0.2875,0.2875,0.4121210380458634
ineqmath,ineqmath/87,87,0.9802213320265735,0.019778667973426534,16,easy,0.90625,0.90625,0.248668328300972
dacode,dacode/dacode-plot-pie-009,dacode-plot-pie-009,0.9802331051071422,0.019766894892857767,14,easy,0.825,0.7999999999999999,0.3545621041711673
ineqmath,ineqmath/65,65,0.9802778156328849,0.019722184367115148,16,easy,0.8875,0.8875,0.2394655507583502
spider2,spider2/superstore001,superstore001,0.9802861627917437,0.019713837208256257,16,hard,0.15,0.15,0.3354101966249684
spider2,spider2/divvy001,divvy001,0.9802861627917437,0.019713837208256257,16,hard,0.15,0.15,0.3041381265149109
crustbench,crustbench/crustbench-simplexml,crustbench-simplexml,0.9803483379990536,0.01965166200094637,14,easy,0.925,0.9142857142857144,0.258725289661069
research-code-bench,research-code-bench/grid-cell-conformal-isometry_compute_transformation_error,grid-cell-conformal-isometry_compute_transformation_error,0.9803483379990537,0.019651662000946257,16,hard,0.0875,0.0875,0.2446298223847615
simpleqa,simpleqa/simpleqa-1031,simpleqa-1031,0.9803483379990537,0.019651662000946257,16,easy,0.875,0.875,0.243669858620224
crustbench,crustbench/crustbench-csyncmers,crustbench-csyncmers,0.9803483379990537,0.019651662000946257,14,easy,0.9125,0.9,0.2591193878173865
usaco,usaco/831,831,0.9803483379990539,0.019651662000946146,16,easy,0.9125,0.9125,0.2446298223847615
crustbench,crustbench/crustbench-roaring-bitmap,crustbench-roaring-bitmap,0.9803483379990539,0.019651662000946146,13,easy,0.9125,0.8923076923076925,0.2673561107228118
mmau,mmau/002ebba8-7aa4-445b-aab3-ed17e592cd30,002ebba8-7aa4-445b-aab3-ed17e592cd30,0.9803483379990539,0.019651662000946146,16,easy,0.9125,0.9125,0.2446298223847615
humanevalfix,humanevalfix/python-116,python-116,0.9803483379990539,0.019651662000946146,16,easy,0.9125,0.9125,0.2446298223847616
reasoning-gym,reasoning-gym/reasoning-gym-algebra-complex-arithmetic-hard0292e21f-seed45-2,reasoning-gym-algebra-complex-arithmetic-hard0292e21f-seed45-2,0.980348337999054,0.019651662000946035,16,easy,0.925,0.925,0.243669858620224
reasoning-gym,reasoning-gym/reasoning-gym-algorithmic-graph-color-easy00cea0a5-seed45-2,reasoning-gym-algorithmic-graph-color-easy00cea0a5-seed45-2,0.980348337999054,0.019651662000946035,16,easy,0.9125,0.9125,0.2446298223847615
reasoning-gym,reasoning-gym/reasoning-gym-graphs-family-relationships-hard0292e21f-seed45-0,reasoning-gym-graphs-family-relationships-hard0292e21f-seed45-0,0.980348337999054,0.019651662000946035,16,easy,0.9125,0.9125,0.2446298223847616
mmmlu,mmmlu/mmmlu-pt-br-00113,mmmlu-pt-br-00113,0.9803735992713131,0.019626400728686932,16,medium,0.4625,0.4625,0.4728570079844434
aider-polyglot,aider-polyglot/polyglot_go_robot-simulator,polyglot_go_robot-simulator,0.9803789354850793,0.01962106451492074,16,hard,0.175,0.175,0.3307189138830738
aider-polyglot,aider-polyglot/polyglot_java_bank-account,polyglot_java_bank-account,0.9803789354850794,0.019621064514920628,16,hard,0.175,0.175,0.3307189138830738
lawbench,lawbench/lawbench-3-4-21-zero-shot,lawbench-3-4-21-zero-shot,0.9804081294975466,0.019591870502453368,16,easy,0.7587400625,0.7587400625,0.2689199865204957
humanevalfix,humanevalfix/python-10,python-10,0.9804441188298061,0.01955588117019391,16,easy,0.9,0.9,0.2449489742783178
simpleqa,simpleqa/simpleqa-887,simpleqa-887,0.9804441188298063,0.01955588117019369,16,easy,0.8999999999999999,0.8999999999999999,0.2449489742783178
simpleqa,simpleqa/simpleqa-2989,simpleqa-2989,0.9804441188298064,0.01955588117019358,16,easy,0.8875,0.8875,0.2446298223847615
swebench-verified,swebench-verified/django__django-16493,django__django-16493,0.9804642931997756,0.01953570680022443,16,easy,0.8999999999999999,0.8999999999999999,0.2345207879911714
dacode,dacode/dacode-ml-binary-009,dacode-ml-binary-009,0.9805097999376284,0.019490200062371565,14,easy,0.91679,0.9052272142857144,0.1903701112285444
dacode,dacode/dacode-data-sa-023,dacode-data-sa-023,0.9805097999376284,0.019490200062371565,14,easy,0.8875,0.8714285714285713,0.2461955419944868
simpleqa,simpleqa/simpleqa-268,simpleqa-268,0.9805806756909199,0.01941932430908011,16,easy,0.8999999999999999,0.8999999999999999,0.2549509756796392
simpleqa,simpleqa/simpleqa-2857,simpleqa-2857,0.9805806756909199,0.01941932430908011,16,easy,0.95,0.95,0.15
dacode,dacode/dacode-plot-line-005,dacode-plot-line-005,0.9806814883320244,0.019318511667975602,14,easy,0.8375,0.8142857142857143,0.3502185906323218
dacode,dacode/dacode-data-sa-022,dacode-data-sa-022,0.9806814883320244,0.019318511667975602,14,easy,0.8875,0.8714285714285713,0.221773924232286
dacode,dacode/dacode-plot-line-014,dacode-plot-line-014,0.9807365584795518,0.019263441520448232,14,easy,0.875,0.8571428571428571,0.2770102775666473
mmmlu,mmmlu/mmmlu-sw-ke-00137,mmmlu-sw-ke-00137,0.9809727070809255,0.019027292919074457,16,medium,0.625,0.625,0.4293891009329417
spreadsheetbench,spreadsheetbench/36277,36277,0.9810064398839046,0.01899356011609543,16,medium,0.6125,0.6125,0.4270172713134681
spreadsheetbench,spreadsheetbench/11842,11842,0.9810064398839046,0.01899356011609543,16,medium,0.625,0.625,0.4408798022137099
dacode,dacode/dacode-ml-competition-007,dacode-ml-competition-007,0.9810163923907542,0.01898360760924578,14,easy,0.7491665624999999,0.7298686428571427,0.2765911473231117
usaco,usaco/91,91,0.981087566743482,0.018912433256518035,16,easy,0.7625,0.7625,0.3887077951366552
research-code-bench,research-code-bench/eomt_process_attention_mask,eomt_process_attention_mask,0.9811436871093286,0.018856312890671356,16,medium,0.35,0.35,0.4387482193696061
research-code-bench,research-code-bench/eomt_initialize_upscale_module,eomt_initialize_upscale_module,0.9811557810392124,0.018844218960787584,16,medium,0.525,0.525,0.4841229182759271
dacode,dacode/dacode-data-sa-018,dacode-data-sa-018,0.9811684559615728,0.01883154403842724,14,easy,0.875,0.8571428571428571,0.2555506259999759
crustbench,crustbench/crustbench-quadtree,crustbench-quadtree,0.9812526996724351,0.018747300327564886,14,easy,0.825,0.8,0.3295017884191656
simpleqa,simpleqa/simpleqa-320,simpleqa-320,0.9812992174009434,0.01870078259905661,16,easy,0.8500000000000001,0.8500000000000001,0.3201562118716424
mmmlu,mmmlu/mmmlu-it-it-00083,mmmlu-it-it-00083,0.9813043399546285,0.018695660045371487,16,medium,0.5874999999999999,0.5874999999999999,0.4442338910979215
spreadsheetbench,spreadsheetbench/416-27,416-27,0.9813288721967347,0.018671127803265297,16,medium,0.596875,0.596875,0.4678637455232025
spreadsheetbench,spreadsheetbench/388-47,388-47,0.9813288721967347,0.018671127803265297,16,medium,0.625,0.625,0.4235268586524354
simpleqa,simpleqa/simpleqa-2943,simpleqa-2943,0.9814272603513269,0.01857273964867312,16,easy,0.9125,0.9125,0.1727534370135656
dacode,dacode/dacode-dm-csv-046,dacode-dm-csv-046,0.9814804284033194,0.018519571596680606,14,saturated,0.9625,0.9571428571428572,0.111574995370095
mmmlu,mmmlu/mmmlu-zh-cn-00127,mmmlu-zh-cn-00127,0.9815016405642977,0.018498359435702327,16,medium,0.5875,0.5875,0.4442338910979215
dacode,dacode/dacode-data-sa-017,dacode-data-sa-017,0.9815376019796994,0.018462398020300586,14,easy,0.9375,0.9285714285714286,0.1435696517302984
aider-polyglot,aider-polyglot/polyglot_java_ocr-numbers,polyglot_java_ocr-numbers,0.9815636158973697,0.018436384102630266,16,hard,0.15,0.15,0.3354101966249684
aider-polyglot,aider-polyglot/polyglot_java_phone-number,polyglot_java_phone-number,0.9815636158973697,0.018436384102630266,16,hard,0.175,0.175,0.3455068740271313
mmmlu,mmmlu/mmmlu-fr-fr-00059,mmmlu-fr-fr-00059,0.981600695038186,0.018399304961813967,16,medium,0.6125,0.6125,0.4385701198212208
gaia,gaia/17b5a6a3-bc87-42e8-b0fb-6ab0781ef2cc,17b5a6a3-bc87-42e8-b0fb-6ab0781ef2cc,0.9816876749236865,0.01831232507631353,16,easy,0.709375,0.709375,0.4176641705664971
gaia,gaia/73c1b9fe-ee1d-4cf4-96ca-35c08f97b054,73c1b9fe-ee1d-4cf4-96ca-35c08f97b054,0.9816876749236865,0.01831232507631353,16,easy,0.7124999999999999,0.7124999999999999,0.4181432170919433
research-code-bench,research-code-bench/diffusiondpo_implicit_accuracy_metric,diffusiondpo_implicit_accuracy_metric,0.9817026542304459,0.018297345769554108,16,medium,0.3625,0.3625,0.4428247395979588
research-code-bench,research-code-bench/diffusiondpo_loss_computation,diffusiondpo_loss_computation,0.9817026542304459,0.018297345769554108,16,medium,0.35,0.35,0.45
arc-agi-2,arc-agi-2/36a08778_1,36a08778_1,0.9817481428318853,0.018251857168114727,16,hard,0.1875,0.1875,0.342554740151118
arc-agi-2,arc-agi-2/409aa875_0,409aa875_0,0.9817481428318853,0.018251857168114727,16,hard,0.1875,0.1875,0.3637908052713812
medagentbench,medagentbench/task4_30,task4_30,0.9817687771335546,0.018231222866445407,16,easy,0.8374999999999999,0.8374999999999999,0.2570870475150391
medagentbench,medagentbench/task6_17,task6_17,0.9817687771335546,0.018231222866445407,16,easy,0.75,0.75,0.3640054944640259
aider-polyglot,aider-polyglot/polyglot_java_state-of-tic-tac-toe,polyglot_java_state-of-tic-tac-toe,0.9818586387976621,0.01814136120233789,16,hard,0.0875,0.0875,0.2341874249399399
dacode,dacode/dacode-plot-line-015,dacode-plot-line-015,0.9819389046781128,0.018061095321887155,14,easy,0.8625,0.8428571428571429,0.2945075446869757
livecodebench,livecodebench/2850,2850,0.9819408177344268,0.018059182265573237,16,easy,0.85,0.85,0.2692582403567252
simpleqa,simpleqa/simpleqa-3086,simpleqa-3086,0.9819479745317171,0.018052025468282884,16,easy,0.85,0.85,0.3278719262151
simpleqa,simpleqa/simpleqa-2829,simpleqa-2829,0.9819501694640481,0.018049830535951883,16,easy,0.9,0.9,0.2549509756796392
crustbench,crustbench/crustbench-merkle-tree-c,crustbench-merkle-tree-c,0.9819501694640482,0.018049830535951772,14,easy,0.9,0.8857142857142858,0.26954231805876
crustbench,crustbench/crustbench-math-library-in-c,crustbench-math-library-in-c,0.9819501694640482,0.018049830535951772,14,easy,0.8875,0.8714285714285716,0.2684042032579419
mmmlu,mmmlu/mmmlu-ar-xy-00007,mmmlu-ar-xy-00007,0.9819504171716278,0.018049582828372213,16,medium,0.6000000000000001,0.6000000000000001,0.412310562561766
crustbench,crustbench/crustbench-mdb,crustbench-mdb,0.9820128321380872,0.01798716786191279,14,easy,0.825,0.8,0.3625307868699863
crustbench,crustbench/crustbench-xopt,crustbench-xopt,0.9820128321380872,0.01798716786191279,14,easy,0.825,0.7999999999999999,0.3854496446637726
mmmlu,mmmlu/mmmlu-ar-xy-00005,mmmlu-ar-xy-00005,0.982014689847194,0.017985310152806022,16,medium,0.5875,0.5875,0.3966657913155608
labbench,labbench/figqa-0037,figqa-0037,0.9820735757061859,0.01792642429381408,16,hard,0.1375,0.1375,0.2803457686500725
labbench,labbench/figqa-0124,figqa-0124,0.9820735757061859,0.01792642429381408,16,hard,0.075,0.075,0.171391365010026
mmau,mmau/6658e43e-f56d-44a2-ab80-6c73a40ee713,6658e43e-f56d-44a2-ab80-6c73a40ee713,0.9820842820734638,0.017915717926536234,16,easy,0.9125,0.9125,0.254644359843292
usaco,usaco/358,358,0.9820842820734638,0.017915717926536234,16,easy,0.9125,0.9125,0.254644359843292
simpleqa,simpleqa/simpleqa-962,simpleqa-962,0.9820842820734638,0.017915717926536234,16,easy,0.925,0.925,0.243669858620224
reasoning-gym,reasoning-gym/reasoning-gym-algorithmic-graph-color-easy00cea0a5-seed45-0,reasoning-gym-algorithmic-graph-color-easy00cea0a5-seed45-0,0.9820842820734638,0.017915717926536234,16,easy,0.925,0.925,0.243669858620224
simpleqa,simpleqa/simpleqa-2072,simpleqa-2072,0.9820842820734638,0.017915717926536234,16,easy,0.9125,0.9125,0.254644359843292
livecodebench,livecodebench/3387,3387,0.9820842820734638,0.017915717926536234,16,easy,0.925,0.925,0.243669858620224
usaco,usaco/431,431,0.9821597024717621,0.017840297528237903,16,easy,0.7875,0.7875,0.3903123748998999
usaco,usaco/1183,1183,0.9821597024717621,0.017840297528237903,16,easy,0.8,0.8,0.3391164991562634
mmmlu,mmmlu/mmmlu-ar-xy-00004,mmmlu-ar-xy-00004,0.9821870610076378,0.01781293899236225,16,medium,0.5875,0.5875,0.4211220131980754
mmmlu,mmmlu/mmmlu-zh-cn-00124,mmmlu-zh-cn-00124,0.9821870610076378,0.01781293899236225,16,medium,0.575,0.575,0.4465142774872938
swebench-verified,swebench-verified/scikit-learn__scikit-learn-12682,scikit-learn__scikit-learn-12682,0.9821916465226814,0.017808353477318573,16,easy,0.725,0.725,0.3864906208435076
swebench-verified,swebench-verified/django__django-16901,django__django-16901,0.9821916465226814,0.017808353477318573,16,easy,0.8125,0.8125,0.3119995993587171
mmmlu,mmmlu/mmmlu-bn-bd-00013,mmmlu-bn-bd-00013,0.9822044197324173,0.017795580267582656,16,medium,0.575,0.575,0.4115519408288582
dacode,dacode/dacode-dm-csv-064,dacode-dm-csv-064,0.9822291818426603,0.01777081815733972,14,easy,0.9,0.8857142857142858,0.22314999074019
research-code-bench,research-code-bench/semanticist_prefill_initial_tokens,semanticist_prefill_initial_tokens,0.9822502808027034,0.01774971919729662,16,hard,0.2125,0.2125,0.3497767144908306
scicode,scicode/scicode-80,scicode-80,0.9823870105207624,0.017612989479237617,16,hard,0.2291665,0.2291665,0.1041904306228504
lawbench,lawbench/lawbench-3-5-20-one-shot,lawbench-3-5-20-one-shot,0.9825023818525891,0.01749761814741091,16,easy,0.779204125,0.779204125,0.2390216099251998
dacode,dacode/dacode-dm-csv-040,dacode-dm-csv-040,0.982620629508826,0.017379370491173995,14,easy,0.8500000000000001,0.8285714285714285,0.3194382824999699
gpqa-diamond,gpqa-diamond/103,103,0.9826306090832327,0.017369390916767258,16,easy,0.9375,0.9375,0.1536025715930563
dacode,dacode/dacode-ml-regression-021,dacode-ml-regression-021,0.9826334740132509,0.01736652598674915,14,easy,0.8006615625,0.7743985714285715,0.3163316758019555
dacode,dacode/dacode-ml-regression-017,dacode-ml-regression-017,0.9826334740132509,0.01736652598674915,14,easy,0.7749999999999999,0.7428571428571428,0.4030495994190252
ineqmath,ineqmath/52,52,0.9826482929504757,0.017351707049524268,16,easy,0.8999999999999999,0.8999999999999999,0.2091650066335189
livecodebench,livecodebench/3637,3637,0.982694358083397,0.017305641916603,16,easy,0.8125,0.8125,0.342554740151118
lawbench,lawbench/lawbench-2-9-16-zero-shot,lawbench-2-9-16-zero-shot,0.9827554445675956,0.01724455543240444,16,easy,0.804552625,0.804552625,0.132576767280732
lawbench,lawbench/lawbench-2-9-16-one-shot,lawbench-2-9-16-one-shot,0.9827554445675956,0.01724455543240444,16,easy,0.766421875,0.766421875,0.2234476090834479
livecodebench,livecodebench/abc363_e,abc363_e,0.9828633331763217,0.017136666823678315,16,easy,0.8375,0.8375,0.3333072906493345
spreadsheetbench,spreadsheetbench/399-14,399-14,0.9828781655661215,0.01712183443387849,16,easy,0.8875,0.8875,0.2735758578529911
livecodebench,livecodebench/abc309_d,abc309_d,0.9829071649619469,0.017092835038053145,16,easy,0.8875,0.8875,0.2341874249399399
livecodebench,livecodebench/3675,3675,0.9829816654875775,0.017018334512422517,16,easy,0.7875,0.7875,0.3568525605905049
quixbugs,quixbugs/quixbugs-python-reverse_linked_list,quixbugs-python-reverse_linked_list,0.9830985915492954,0.016901408450704647,16,easy,0.89375,0.89375,0.2633171804117612
quixbugs,quixbugs/quixbugs-java-is_valid_parenthesization,quixbugs-java-is_valid_parenthesization,0.9830985915492954,0.016901408450704647,16,saturated,0.953125,0.953125,0.1316585902058806
spider2,spider2/app_reporting001,app_reporting001,0.9831211505469296,0.016878849453070388,16,easy,0.7749999999999999,0.7749999999999999,0.3864906208435076
spider2,spider2/app_reporting002,app_reporting002,0.9831211505469296,0.016878849453070388,16,easy,0.7749999999999999,0.7749999999999999,0.3799671038392666
usaco,usaco/381,381,0.9831353843426078,0.016864615657392168,16,easy,0.7749999999999999,0.7749999999999999,0.3596873642484539
usaco,usaco/643,643,0.9831353843426079,0.016864615657392057,16,easy,0.8,0.8,0.3605551275463989
usaco,usaco/897,897,0.9831353843426079,0.016864615657392057,16,easy,0.7749999999999999,0.7749999999999999,0.3596873642484539
simpleqa,simpleqa/simpleqa-2562,simpleqa-2562,0.9832234284754169,0.016776571524583117,16,easy,0.8875,0.8875,0.2117634293262177
research-code-bench,research-code-bench/len_gamma_update_function,len_gamma_update_function,0.9832408372030488,0.01675916279695122,16,hard,0.1125,0.1125,0.2642796813983247
aider-polyglot,aider-polyglot/polyglot_javascript_simple-linked-list,polyglot_javascript_simple-linked-list,0.9832408372030488,0.01675916279695122,16,easy,0.8875,0.8875,0.2642796813983247
aider-polyglot,aider-polyglot/polyglot_rust_two-bucket,polyglot_rust_two-bucket,0.9832408372030489,0.01675916279695111,16,easy,0.8875,0.8875,0.2642796813983247
reasoning-gym,reasoning-gym/reasoning-gym-algebra-polynomial-equations-easy00cea0a5-seed45-0,reasoning-gym-algebra-polynomial-equations-easy00cea0a5-seed45-0,0.9832600904439216,0.016739909556078403,16,easy,0.874434625,0.874434625,0.2631899355536498
swebenchpro,swebenchpro/instance_navidrome__navidrome-09ae41a2da66264c60ef307882362d2e2d8d8b89,instance_navidrome__navidrome-09ae41a2da66264c60ef307882362d2e2d8d8b89,0.9833150223956744,0.016684977604325635,16,easy,0.725,0.725,0.4235268586524354
swebenchpro,swebenchpro/instance_ansible__ansible-29aea9ff3466e4cd2ed00524b9e56738d568ce8b-vba6da65a0f3baefda7a058ebbd0a8dcafb8512f5,instance_ansible__ansible-29aea9ff3466e4cd2ed00524b9e56738d568ce8b-vba6da65a0f3baefda7a058ebbd0a8dcafb8512f5,0.9833150223956744,0.016684977604325635,16,easy,0.7375,0.7375,0.3789376597806029
spreadsheetbench,spreadsheetbench/55049,55049,0.9833572269542726,0.016642773045727366,16,easy,0.9125,0.9125,0.1727534370135656
spreadsheetbench,spreadsheetbench/41978,41978,0.9833572269542726,0.016642773045727366,16,easy,0.825,0.825,0.3072051431861127
dacode,dacode/dacode-ml-multi-007,dacode-ml-multi-007,0.9833857716449328,0.016614228355067207,14,easy,0.9057485625,0.8922840714285715,0.2183654049387547
crustbench,crustbench/crustbench-libvcd,crustbench-libvcd,0.9835862242147944,0.016413775785205642,14,easy,0.8,0.7714285714285715,0.3768830273792262
crustbench,crustbench/crustbench-blt,crustbench-blt,0.9835862242147944,0.016413775785205642,14,easy,0.7749999999999999,0.7428571428571429,0.3811904018321809
ineqmath,ineqmath/16,16,0.9837156395522734,0.01628436044772663,16,easy,0.8875000000000001,0.8875000000000001,0.2521780125229002
ineqmath,ineqmath/91,91,0.9837156395522734,0.01628436044772663,16,easy,0.925,0.925,0.1952562418976663
simpleqa,simpleqa/simpleqa-422,simpleqa-422,0.9837657981996171,0.01623420180038293,16,easy,0.8500000000000001,0.8500000000000001,0.2692582403567252
simpleqa,simpleqa/simpleqa-4155,simpleqa-4155,0.9837657981996171,0.01623420180038293,16,easy,0.8625,0.8625,0.261904085496962
aider-polyglot,aider-polyglot/polyglot_rust_macros,polyglot_rust_macros,0.983805668016194,0.016194331983806043,16,easy,0.775,0.775,0.3929058411375427
research-code-bench,research-code-bench/tabdiff_compute_total_noise_for_categorical_features_with_learnable_k,tabdiff_compute_total_noise_for_categorical_features_with_learnable_k,0.9838379358865637,0.016162064113436347,16,hard,0.1999999999999999,0.1999999999999999,0.3464101615137754
reasoning-gym,reasoning-gym/reasoning-gym-algorithmic-number-sorting-hard0292e21f-seed45-2,reasoning-gym-algorithmic-number-sorting-hard0292e21f-seed45-2,0.9839019236328762,0.016098076367123793,16,easy,0.871875,0.871875,0.2738434486618221
research-code-bench,research-code-bench/len_combine_gradients,len_combine_gradients,0.9839823374360888,0.01601766256391124,16,medium,0.4125,0.4125,0.4768057780690163
reasoning-gym,reasoning-gym/reasoning-gym-algebra-polynomial-equations-hard0292e21f-seed45-2,reasoning-gym-algebra-polynomial-equations-hard0292e21f-seed45-2,0.9842066778672475,0.01579332213275253,16,easy,0.923220875,0.923220875,0.1728214701259203
gaia,gaia/a26649c6-1cb2-470a-871e-6910c64c3e53,a26649c6-1cb2-470a-871e-6910c64c3e53,0.9842558009234096,0.015744199076590415,16,easy,0.8125,0.8125,0.342554740151118
gaia,gaia/a0068077-79f4-461a-adfe-75c1a4148545,a0068077-79f4-461a-adfe-75c1a4148545,0.9842558009234096,0.015744199076590415,16,easy,0.7875,0.7875,0.3637908052713812
swe-lancer,swe-lancer/19048-manager-0,19048-manager-0,0.9842980503299289,0.015701949670071103,16,hard,0.1125,0.1125,0.2735758578529911
swe-lancer,swe-lancer/26228-manager-0,26228-manager-0,0.9842980503299289,0.015701949670071103,16,hard,0.125,0.125,0.2727178028658928
mmmlu,mmmlu/mmmlu-id-id-00076,mmmlu-id-id-00076,0.9843220930017527,0.015677906998247337,16,medium,0.625,0.625,0.3864906208435076
crustbench,crustbench/crustbench-ted,crustbench-ted,0.9843592421500004,0.01564075784999963,14,easy,0.8875,0.8714285714285716,0.2889106916593811
crustbench,crustbench/crustbench-nandc,crustbench-nandc,0.9843592421500004,0.01564075784999963,14,easy,0.8875,0.8714285714285713,0.2889106916593812
simpleqa,simpleqa/simpleqa-560,simpleqa-560,0.9843592421500005,0.01564075784999952,16,easy,0.9,0.9,0.2738612787525831
simpleqa,simpleqa/simpleqa-4259,simpleqa-4259,0.9843622143139024,0.01563778568609764,16,easy,0.9,0.9,0.2121320343559642
simpleqa,simpleqa/simpleqa-3267,simpleqa-3267,0.9843622143139024,0.01563778568609764,16,easy,0.875,0.875,0.2633913438213184
aider-polyglot,aider-polyglot/polyglot_rust_ocr-numbers,polyglot_rust_ocr-numbers,0.9844743860463594,0.015525613953640605,16,easy,0.8375,0.8375,0.3333072906493345
quixbugs,quixbugs/quixbugs-java-hanoi,quixbugs-java-hanoi,0.9845659938106778,0.015434006189322225,16,easy,0.940625,0.940625,0.1360362428729932
ineqmath,ineqmath/43,43,0.9845818805406201,0.015418119459379875,16,easy,0.8999999999999999,0.8999999999999999,0.2449489742783178
ineqmath,ineqmath/88,88,0.9845818805406201,0.015418119459379875,16,easy,0.90625,0.90625,0.2410102435582355
skillsbench,skillsbench/weighted-gdp-calc,weighted-gdp-calc,0.9846003631954728,0.015399636804527161,16,hard,0.2249999999999999,0.2249999999999999,0.359687364248454
skillsbench,skillsbench/dapt-intrusion-detection,dapt-intrusion-detection,0.9846003631954728,0.015399636804527161,16,hard,0.225,0.225,0.3864906208435077
mmmlu,mmmlu/mmmlu-es-la-00043,mmmlu-es-la-00043,0.9846992336688188,0.01530076633118116,16,medium,0.5625,0.5625,0.4428247395979588
mmmlu,mmmlu/mmmlu-zh-cn-00126,mmmlu-zh-cn-00126,0.9846992336688188,0.01530076633118116,16,medium,0.6,0.6,0.4242640687119285
lawbench,lawbench/lawbench-3-5-21-one-shot,lawbench-3-5-21-one-shot,0.984714879591605,0.015285120408395025,16,easy,0.76479475,0.76479475,0.2722812970056197
lawbench,lawbench/lawbench-2-9-21-one-shot,lawbench-2-9-21-one-shot,0.984714879591605,0.015285120408395025,16,easy,0.7887301250000001,0.7887301250000001,0.1893282918860368
hle,hle/hle/hle__66ee93ba02314f06feb186cf,hle/hle__66ee93ba02314f06feb186cf,0.9847182425978985,0.01528175740210147,16,hard,0.2625,0.2625,0.4044672421840859
hle,hle/hle/hle__671cc8c2d99f8e01283e9a90,hle/hle__671cc8c2d99f8e01283e9a90,0.9847182425978985,0.01528175740210147,16,hard,0.2625,0.2625,0.4044672421840859
aider-polyglot,aider-polyglot/polyglot_javascript_book-store,polyglot_javascript_book-store,0.9847464844313034,0.015253515568696585,16,easy,0.9125,0.9125,0.2117634293262177
aider-polyglot,aider-polyglot/polyglot_javascript_promises,polyglot_javascript_promises,0.9847464844313034,0.015253515568696585,16,easy,0.9375,0.9375,0.1536025715930563
humanevalfix,humanevalfix/python-141,python-141,0.9847464844313035,0.015253515568696474,16,easy,0.9125,0.9125,0.2117634293262177
kumo,kumo/politicalmanifestoenv-t4-a6-v1-s0,politicalmanifestoenv-t4-a6-v1-s0,0.9847464844313035,0.015253515568696474,16,easy,0.9125,0.9125,0.2117634293262177
kumo,kumo/controlenv-t4-a6-v1-s1,controlenv-t4-a6-v1-s1,0.9847464844313035,0.015253515568696474,16,easy,0.9125,0.9125,0.2117634293262177
kumo,kumo/mineralclassificationenv-t4-a6-v1-s1,mineralclassificationenv-t4-a6-v1-s1,0.9847464844313035,0.015253515568696474,16,easy,0.9375,0.9375,0.1536025715930563
simpleqa,simpleqa/simpleqa-264,simpleqa-264,0.9847818659856712,0.01521813401432881,16,easy,0.8375,0.8375,0.2758509561339239
lawbench,lawbench/lawbench-3-4-1-one-shot,lawbench-3-4-1-one-shot,0.9847987641615067,0.01520123583849331,16,easy,0.8243210000000001,0.8243210000000001,0.2487481123255008
reasoning-gym,reasoning-gym/reasoning-gym-games-countdown-hard0292e21f-seed45-0,reasoning-gym-games-countdown-hard0292e21f-seed45-0,0.9848079008832289,0.015192099116771107,16,saturated,0.950625,0.950625,0.1109881046554089
reasoning-gym,reasoning-gym/reasoning-gym-logic-knights-knaves-easy00cea0a5-seed45-1,reasoning-gym-logic-knights-knaves-easy00cea0a5-seed45-1,0.9848079008832289,0.015192099116771107,16,easy,0.9375,0.9375,0.1536025715930563
research-code-bench,research-code-bench/eomt_initialize_mask_prediction_head,eomt_initialize_mask_prediction_head,0.9848702577065056,0.015129742293494397,16,hard,0.1875,0.1875,0.3637908052713812
livecodebench,livecodebench/3229,3229,0.9848702577065056,0.015129742293494397,16,easy,0.7875000000000001,0.7875000000000001,0.3637908052713812
dacode,dacode/dacode-dm-csv-054,dacode-dm-csv-054,0.9848702577065058,0.015129742293494175,14,easy,0.7875,0.7571428571428571,0.4083315979416129
dacode,dacode/dacode-di-csv-031,dacode-di-csv-031,0.9848756268749687,0.015124373125031343,14,medium,0.66875,0.6571428571428571,0.2034147266556877
lawbench,lawbench/lawbench-3-7-24-one-shot,lawbench-3-7-24-one-shot,0.9849163157350957,0.015083684264904251,16,easy,0.845625,0.845625,0.1678901705729076
lawbench,lawbench/lawbench-3-7-21-zero-shot,lawbench-3-7-21-zero-shot,0.9849163157350957,0.015083684264904251,16,easy,0.7875,0.7875,0.2224438131304172
research-code-bench,research-code-bench/grid-cell-conformal-isometry_prepare_inputs,grid-cell-conformal-isometry_prepare_inputs,0.9849521634456947,0.015047836554305305,16,medium,0.375,0.375,0.44087980221371
dacode,dacode/dacode-di-csv-028,dacode-di-csv-028,0.9849925439769639,0.015007456023036103,14,easy,0.8674999999999999,0.8485714285714286,0.3132059373378376
simpleqa,simpleqa/simpleqa-294,simpleqa-294,0.9850091663443229,0.014990833655677105,16,easy,0.85,0.85,0.278388218141501
simpleqa,simpleqa/simpleqa-549,simpleqa-549,0.9850091663443229,0.014990833655677105,16,easy,0.8624999999999999,0.8624999999999999,0.2803457686500725
aider-polyglot,aider-polyglot/polyglot_javascript_scale-generator,polyglot_javascript_scale-generator,0.9850497170745985,0.014950282925401459,16,easy,0.775,0.775,0.3665719574653795
aider-polyglot,aider-polyglot/polyglot_python_variable-length-quantity,polyglot_python_variable-length-quantity,0.9850497170745985,0.014950282925401459,16,easy,0.775,0.775,0.3929058411375427
gaia2,gaia2/gaia2-cli/0734_58hy37kl1u9dtj8jk9olqh4qasmmarl7,gaia2-cli/0734_58hy37kl1u9dtj8jk9olqh4qasmmarl7,0.9850702079072061,0.014929792092793881,16,hard,0.13125,0.13125,0.1116285693718234
gaia2,gaia2/gaia2-cli/0057_mdv6vvycdzxucjedlzt3nbrq7iu116ew,gaia2-cli/0057_mdv6vvycdzxucjedlzt3nbrq7iu116ew,0.9850702079072061,0.014929792092793881,16,medium,0.45625,0.45625,0.4027196846995438
mmmlu,mmmlu/mmmlu-de-de-00026,mmmlu-de-de-00026,0.9850730786946569,0.014926921305343122,16,medium,0.6000000000000001,0.6000000000000001,0.4301162633521313
dacode,dacode/dacode-dm-csv-043,dacode-dm-csv-043,0.985073395356842,0.014926604643157981,14,easy,0.81826925,0.7923077142857142,0.3696768882289405
quixbugs,quixbugs/quixbugs-python-longest_common_subsequence,quixbugs-python-longest_common_subsequence,0.9852230100054883,0.014776989994511713,16,easy,0.8833333125,0.8833333125,0.2813657576595628
quixbugs,quixbugs/quixbugs-python-detect_cycle,quixbugs-python-detect_cycle,0.9852230100054883,0.014776989994511713,16,easy,0.8833333125,0.8833333125,0.2813657576595628
aider-polyglot,aider-polyglot/polyglot_javascript_forth,polyglot_javascript_forth,0.9852277969643868,0.014772203035613218,16,easy,0.875,0.875,0.2817356917396161
dacode,dacode/dacode-plot-bar-018,dacode-plot-bar-018,0.9852446755537786,0.014755324446221407,14,easy,0.8999999999999999,0.8857142857142858,0.2474358296526967
research-code-bench,research-code-bench/fractalgen_next_level_sample_function,fractalgen_next_level_sample_function,0.9852828091605851,0.014717190839414918,16,hard,0.25,0.25,0.3840572873934304
research-code-bench,research-code-bench/semanticist_setup_sequence_parameters,semanticist_setup_sequence_parameters,0.9852828091605851,0.014717190839414918,16,hard,0.225,0.225,0.3864906208435077
simpleqa,simpleqa/simpleqa-1498,simpleqa-1498,0.98547471817538,0.014525281824619984,16,easy,0.85,0.85,0.2783882181415011
usaco,usaco/86,86,0.9855087517979315,0.014491248202068485,16,easy,0.9125,0.9125,0.2446298223847615
usaco,usaco/359,359,0.9855087517979315,0.014491248202068485,16,easy,0.9375,0.9375,0.1536025715930563
aider-polyglot,aider-polyglot/polyglot_rust_variable-length-quantity,polyglot_rust_variable-length-quantity,0.9855087517979317,0.014491248202068263,16,easy,0.9375,0.9375,0.1536025715930563
aider-polyglot,aider-polyglot/polyglot_rust_parallel-letter-frequency,polyglot_rust_parallel-letter-frequency,0.9855087517979317,0.014491248202068263,16,easy,0.9125,0.9125,0.2446298223847615
lawbench,lawbench/lawbench-3-5-1-one-shot,lawbench-3-5-1-one-shot,0.9855526366995694,0.014447363300430616,16,easy,0.8278315,0.8278315,0.2417080033617525
simpleqa,simpleqa/simpleqa-1271,simpleqa-1271,0.9855530254025708,0.014446974597429163,16,easy,0.9125,0.9125,0.2117634293262177
mmmlu,mmmlu/mmmlu-it-it-00087,mmmlu-it-it-00087,0.9855588084302995,0.014441191569700473,16,medium,0.625,0.625,0.4175823272122516
mmmlu,mmmlu/mmmlu-es-la-00047,mmmlu-es-la-00047,0.9855588084302995,0.014441191569700473,16,medium,0.625,0.625,0.4115519408288582
spreadsheetbench,spreadsheetbench/59160,59160,0.9856542207481084,0.014345779251891622,16,easy,0.7999999999999999,0.7999999999999999,0.3391164991562634
spreadsheetbench,spreadsheetbench/52532,52532,0.9856542207481084,0.014345779251891622,16,easy,0.85,0.85,0.2692582403567252
lawbench,lawbench/lawbench-3-3-2-zero-shot,lawbench-3-3-2-zero-shot,0.9856731571430498,0.014326842856950184,16,medium,0.5259165,0.5259165,0.1274811317195607
lawbench,lawbench/lawbench-3-7-2-zero-shot,lawbench-3-7-2-zero-shot,0.9856731571430498,0.014326842856950184,16,easy,0.865625,0.865625,0.157914880157001
simpleqa,simpleqa/simpleqa-2432,simpleqa-2432,0.985685242591499,0.014314757408500967,16,easy,0.8875,0.8875,0.2735758578529911
simpleqa,simpleqa/simpleqa-2941,simpleqa-2941,0.985685242591499,0.014314757408500967,16,easy,0.8999999999999999,0.8999999999999999,0.2549509756796392
mmmlu,mmmlu/mmmlu-hi-in-00067,mmmlu-hi-in-00067,0.985761781183156,0.01423821881684395,16,medium,0.625,0.625,0.3929058411375427
mmmlu,mmmlu/mmmlu-es-la-00044,mmmlu-es-la-00044,0.9857640992370152,0.014235900762984754,16,medium,0.6875,0.6875,0.3805834336909582
simpleqa,simpleqa/simpleqa-1834,simpleqa-1834,0.9858336791296467,0.0141663208703533,16,easy,0.8,0.8,0.3674234614174767
simpleqa,simpleqa/simpleqa-2304,simpleqa-2304,0.9858336791296467,0.0141663208703533,16,easy,0.825,0.825,0.3381937314617171
lawbench,lawbench/lawbench-3-5-2-zero-shot,lawbench-3-5-2-zero-shot,0.9858978076622859,0.014102192337714148,16,easy,0.774428125,0.774428125,0.2443330225613893
quixbugs,quixbugs/quixbugs-java-max_sublist_sum,quixbugs-java-max_sublist_sum,0.9860012210125986,0.013998778987401428,16,easy,0.925,0.925,0.1895718861012887
quixbugs,quixbugs/quixbugs-java-topological_ordering,quixbugs-java-topological_ordering,0.9860012210125986,0.013998778987401428,16,easy,0.89375,0.89375,0.2633171804117611
labbench,labbench/figqa-0151,figqa-0151,0.9860412417039968,0.013958758296003237,16,hard,0.2375,0.2375,0.3756244800329179
mmmlu,mmmlu/mmmlu-hi-in-00069,mmmlu-hi-in-00069,0.9860497156875246,0.013950284312475358,16,medium,0.6375,0.6375,0.3950870157319777
mmmlu,mmmlu/mmmlu-yo-ng-00149,mmmlu-yo-ng-00149,0.9860497156875246,0.013950284312475358,16,medium,0.6125,0.6125,0.3966657913155608
usaco,usaco/260,260,0.986076114485503,0.01392388551449697,16,easy,0.875,0.875,0.2633913438213184
usaco,usaco/87,87,0.986076114485503,0.01392388551449697,16,easy,0.8625,0.8625,0.2803457686500726
replicationbench,replicationbench/astm3__photometry_classification_accuracy_with_clip,astm3__photometry_classification_accuracy_with_clip,0.9861076161545101,0.013892383845489853,16,medium,0.4625,0.4625,0.4621620386834038
replicationbench,replicationbench/astm3__photometry_classification_accuracy_no_clip,astm3__photometry_classification_accuracy_no_clip,0.9861076161545101,0.013892383845489853,16,medium,0.5,0.5,0.4415880433163923
mmmlu,mmmlu/mmmlu-ja-jp-00094,mmmlu-ja-jp-00094,0.9861124529080032,0.0138875470919968,16,medium,0.6875,0.6875,0.3935019059674298
ineqmath,ineqmath/77,77,0.9861533680498916,0.013846631950108379,16,saturated,0.95625,0.95625,0.145639752471638
lawbench,lawbench/lawbench-3-5-7-one-shot,lawbench-3-5-7-one-shot,0.9863353531028127,0.013664646897187271,16,easy,0.7401998125,0.7401998125,0.2863533198790916
lawbench,lawbench/lawbench-3-5-17-one-shot,lawbench-3-5-17-one-shot,0.9863353531028127,0.013664646897187271,16,easy,0.7348925625,0.7348925625,0.2502442050982322
mmmlu,mmmlu/mmmlu-sw-ke-00132,mmmlu-sw-ke-00132,0.98634492070457,0.013655079295429973,16,medium,0.6375,0.6375,0.401364858950058
mmmlu,mmmlu/mmmlu-en-us-00037,mmmlu-en-us-00037,0.9863449207045701,0.013655079295429862,16,medium,0.6625,0.6625,0.3982383080518498
mmmlu,mmmlu/mmmlu-ko-kr-00107,mmmlu-ko-kr-00107,0.9863774995800467,0.013622500419953276,16,medium,0.6625000000000001,0.6625000000000001,0.391910385164772
mmmlu,mmmlu/mmmlu-es-la-00046,mmmlu-es-la-00046,0.9863774995800467,0.013622500419953276,16,medium,0.6375,0.6375,0.4013648589500581
ineqmath,ineqmath/24,24,0.986377499580047,0.013622500419953054,16,easy,0.91875,0.91875,0.200682429475029
aider-polyglot,aider-polyglot/polyglot_javascript_zipper,polyglot_javascript_zipper,0.9864400504156211,0.013559949584378894,16,easy,0.875,0.875,0.2989565185775349
simpleqa,simpleqa/simpleqa-3366,simpleqa-3366,0.9864400504156211,0.013559949584378894,16,easy,0.9125,0.9125,0.2341874249399399
simpleqa,simpleqa/simpleqa-591,simpleqa-591,0.9864400504156211,0.013559949584378894,16,easy,0.875,0.875,0.2989565185775349
research-code-bench,research-code-bench/eomt_random_mask_disable,eomt_random_mask_disable,0.9866232728651855,0.013376727134814526,16,hard,0.1875,0.1875,0.335177191944798
aider-polyglot,aider-polyglot/polyglot_javascript_wordy,polyglot_javascript_wordy,0.9868400616040276,0.013159938395972404,16,easy,0.875,0.875,0.2989565185775349
aider-polyglot,aider-polyglot/polyglot_python_zebra-puzzle,polyglot_python_zebra-puzzle,0.9868400616040276,0.013159938395972404,16,easy,0.8625,0.8625,0.2976470224947665
mmmlu,mmmlu/mmmlu-sw-ke-00136,mmmlu-sw-ke-00136,0.9868860350130914,0.013113964986908644,16,medium,0.5625,0.5625,0.4075460096725276
mmmlu,mmmlu/mmmlu-ja-jp-00097,mmmlu-ja-jp-00097,0.9868865298256715,0.013113470174328512,16,medium,0.6499999999999999,0.6499999999999999,0.3905124837953327
usaco,usaco/111,111,0.9869206105273912,0.013079389472608782,16,easy,0.725,0.725,0.3992179855667828
swesmith,swesmith/oauthlib__oauthlib.1fd52536.combine_file__kruun5qz,oauthlib__oauthlib.1fd52536.combine_file__kruun5qz,0.9869257820322107,0.013074217967789292,16,hard,0.125,0.125,0.2989565185775349
dacode,dacode/dacode-dm-csv-007,dacode-dm-csv-007,0.9869257820322108,0.013074217967789181,14,easy,0.8875,0.8714285714285713,0.3171943330167788
crustbench,crustbench/crustbench-worsp,crustbench-worsp,0.9869257820322108,0.013074217967789181,14,easy,0.875,0.8571428571428571,0.3155817433482074
spreadsheetbench,spreadsheetbench/32255,32255,0.9869257820322112,0.013074217967788848,16,easy,0.875,0.875,0.2989565185775349
spreadsheetbench,spreadsheetbench/50796,50796,0.9869257820322112,0.013074217967788848,16,easy,0.875,0.875,0.2989565185775349
aider-polyglot,aider-polyglot/polyglot_javascript_pig-latin,polyglot_javascript_pig-latin,0.9869257820322112,0.013074217967788848,16,easy,0.875,0.875,0.2989565185775349
mmmlu,mmmlu/mmmlu-en-us-00035,mmmlu-en-us-00035,0.9871335444332983,0.01286645556670174,16,medium,0.5625,0.5625,0.4136348026943574
spreadsheetbench,spreadsheetbench/48975,48975,0.9871382636655952,0.012861736334404794,16,medium,0.625,0.625,0.4408798022137099
spreadsheetbench,spreadsheetbench/51262,51262,0.9871382636655952,0.012861736334404794,16,medium,0.625,0.625,0.4408798022137099
spreadsheetbench,spreadsheetbench/448-11,448-11,0.9871428081873782,0.012857191812621793,16,medium,0.675,0.675,0.4293891009329417
spreadsheetbench,spreadsheetbench/370-43,370-43,0.9871428081873782,0.012857191812621793,16,medium,0.675,0.675,0.4408798022137099
mmmlu,mmmlu/mmmlu-en-us-00038,mmmlu-en-us-00038,0.9871472500884563,0.012852749911543726,16,medium,0.4625,0.4625,0.410601692641421
mmmlu,mmmlu/mmmlu-it-it-00088,mmmlu-it-it-00088,0.9871472500884563,0.012852749911543726,16,medium,0.4375,0.4375,0.4136348026943574
quixbugs,quixbugs/quixbugs-python-next_permutation,quixbugs-python-next_permutation,0.9871835957470073,0.012816404252992686,16,easy,0.825,0.825,0.3665719574653795
mmmlu,mmmlu/mmmlu-zh-cn-00129,mmmlu-zh-cn-00129,0.9872274678509905,0.01277253214900953,16,medium,0.5874999999999999,0.5874999999999999,0.4090767042988393
mmmlu,mmmlu/mmmlu-pt-br-00117,mmmlu-pt-br-00117,0.9872274678509905,0.01277253214900953,16,medium,0.5875,0.5875,0.4090767042988393
usaco,usaco/342,342,0.9872288605032034,0.012771139496796646,16,easy,0.775,0.775,0.3929058411375427
dacode,dacode/dacode-plot-scatter-014,dacode-plot-scatter-014,0.9874225964694195,0.012577403530580455,14,easy,0.8500000000000001,0.8285714285714285,0.3194382824999699
mmmlu,mmmlu/mmmlu-ar-xy-00003,mmmlu-ar-xy-00003,0.9874412876672402,0.012558712332759847,16,medium,0.6125,0.6125,0.4151430476353904
mmmlu,mmmlu/mmmlu-fr-fr-00052,mmmlu-fr-fr-00052,0.9874412876672403,0.012558712332759736,16,medium,0.6375000000000001,0.6375000000000001,0.401364858950058
mmmlu,mmmlu/mmmlu-ar-xy-00002,mmmlu-ar-xy-00002,0.9874412876672403,0.012558712332759736,16,medium,0.6125,0.6125,0.4151430476353904
mmmlu,mmmlu/mmmlu-fr-fr-00054,mmmlu-fr-fr-00054,0.9876918386803237,0.01230816131967627,16,medium,0.575,0.575,0.4465142774872938
mmmlu,mmmlu/mmmlu-pt-br-00112,mmmlu-pt-br-00112,0.9876918386803237,0.01230816131967627,16,medium,0.575,0.575,0.4520785330006281
dacode,dacode/dacode-di-csv-012,dacode-di-csv-012,0.9877483381785862,0.012251661821413795,14,medium,0.44375,0.4357142857142856,0.110886962116143
mmmlu,mmmlu/mmmlu-ko-kr-00103,mmmlu-ko-kr-00103,0.9877951186156365,0.012204881384363486,16,medium,0.5625,0.5625,0.4539754949333719
mmmlu,mmmlu/mmmlu-pt-br-00116,mmmlu-pt-br-00116,0.9877951186156365,0.012204881384363486,16,medium,0.5625,0.5625,0.4484347778663024
arc-agi-2,arc-agi-2/64efde09_0,64efde09_0,0.9878333443098359,0.012166655690164063,16,hard,0.125,0.125,0.2727178028658928
reasoning-gym,reasoning-gym/reasoning-gym-algorithmic-word-sorting-easy00cea0a5-seed45-0,reasoning-gym-algorithmic-word-sorting-easy00cea0a5-seed45-0,0.9879008573595979,0.012099142640402127,16,saturated,0.969642875,0.969642875,0.0966102815043998
reasoning-gym,reasoning-gym/reasoning-gym-algorithmic-spiral-matrix-easy00cea0a5-seed45-1,reasoning-gym-algorithmic-spiral-matrix-easy00cea0a5-seed45-1,0.9879008573595979,0.012099142640402127,16,saturated,0.975,0.975,0.0968245836551854
kumo,kumo/leadershipenv-t4-a6-v1-s1,leadershipenv-t4-a6-v1-s1,0.9879149639396989,0.012085036060301091,16,saturated,0.9625,0.9625,0.0780624749799799
dacode,dacode/dacode-data-wrangling-068,dacode-data-wrangling-068,0.9879195263882261,0.01208047361177389,14,easy,0.91875,0.9071428571428573,0.1624116714414581
labbench,labbench/figqa-0128,figqa-0128,0.9879427279577996,0.012057272042200418,16,medium,0.3875,0.3875,0.4553501400021746
labbench,labbench/figqa-0071,figqa-0071,0.9879427279577996,0.012057272042200418,16,medium,0.3875,0.3875,0.4553501400021746
mmmlu,mmmlu/mmmlu-bn-bd-00014,mmmlu-bn-bd-00014,0.9880859484876886,0.011914051512311397,16,medium,0.5625,0.5625,0.4539754949333719
reasoning-gym,reasoning-gym/reasoning-gym-algorithmic-string-synthesis-easy00cea0a5-seed45-1,reasoning-gym-algorithmic-string-synthesis-easy00cea0a5-seed45-1,0.9880956435304189,0.011904356469581101,16,saturated,0.9723684375,0.9723684375,0.0659340480546363
mmmlu,mmmlu/mmmlu-id-id-00074,mmmlu-id-id-00074,0.9881569207994079,0.011843079200592133,16,medium,0.5625,0.5625,0.4594493987372276
scicode,scicode/scicode-52,scicode-52,0.9881755813946097,0.011824418605390297,16,hard,0.1984375,0.1984375,0.0877090137542886
scicode,scicode/scicode-47,scicode-47,0.9881755813946097,0.011824418605390297,16,medium,0.6,0.6,0.2704163456597991
kumo,kumo/fungalenv-t4-a6-v1-s0,fungalenv-t4-a6-v1-s0,0.9882720345885423,0.011727965411457708,16,easy,0.9125,0.9125,0.186664806538351
lawbench,lawbench/lawbench-3-7-21-one-shot,lawbench-3-7-21-one-shot,0.9882955681436948,0.011704431856305209,16,easy,0.840625,0.840625,0.1443289969999099
lawbench,lawbench/lawbench-3-7-9-zero-shot,lawbench-3-7-9-zero-shot,0.9882955681436948,0.011704431856305209,16,easy,0.86375,0.86375,0.2021099638810516
simpleqa,simpleqa/simpleqa-3452,simpleqa-3452,0.9883375958772349,0.011662404122765091,16,easy,0.8374999999999999,0.8374999999999999,0.2847696437473629
simpleqa,simpleqa/simpleqa-426,simpleqa-426,0.988337595877235,0.01166240412276498,16,easy,0.8375,0.8375,0.2847696437473629
simpleqa,simpleqa/simpleqa-3685,simpleqa-3685,0.988337595877235,0.01166240412276498,16,easy,0.8625,0.8625,0.2315032397181517
mmmlu,mmmlu/mmmlu-ko-kr-00102,mmmlu-ko-kr-00102,0.9883415588348701,0.011658441165129929,16,medium,0.575,0.575,0.4520785330006281
reasoning-gym,reasoning-gym/reasoning-gym-induction-list-functions-hard0292e21f-seed45-1,reasoning-gym-induction-list-functions-hard0292e21f-seed45-1,0.9884550967347332,0.011544903265266804,16,easy,0.945,0.945,0.1198957880828179
strongreject,strongreject/strongreject_violence_0010_prefix_injection,strongreject_violence_0010_prefix_injection,0.9884561868398859,0.011543813160114103,16,easy,0.9,0.9,0.2492175254672111
mmmlu,mmmlu/mmmlu-pt-br-00118,mmmlu-pt-br-00118,0.9884740975045713,0.01152590249542873,16,medium,0.5,0.5,0.4242640687119285
livecodebench,livecodebench/3438,3438,0.9885116848837231,0.011488315116276904,16,easy,0.8375,0.8375,0.3179524335494226
livecodebench,livecodebench/abc351_e,abc351_e,0.9885116848837231,0.011488315116276904,16,easy,0.85,0.85,0.3201562118716424
ineqmath,ineqmath/29,29,0.988538303359044,0.011461696640955976,16,saturated,0.975,0.975,0.0661437827766147
replicationbench,replicationbench/galaxy_manifold__physical_properties,galaxy_manifold__physical_properties,0.9885383033590441,0.011461696640955865,16,frontier,0.025,0.025,0.0661437827766147
aider-polyglot,aider-polyglot/polyglot_javascript_react,polyglot_javascript_react,0.9885383033590446,0.011461696640955421,16,easy,0.9125,0.9125,0.2341874249399399
mmmlu,mmmlu/mmmlu-fr-fr-00053,mmmlu-fr-fr-00053,0.9885652750770613,0.011434724922938733,16,medium,0.575,0.575,0.4630064794363033
mmmlu,mmmlu/mmmlu-de-de-00024,mmmlu-de-de-00024,0.9885652750770613,0.011434724922938733,16,medium,0.575,0.575,0.4465142774872938
mmmlu,mmmlu/mmmlu-ja-jp-00098,mmmlu-ja-jp-00098,0.9885764728284689,0.011423527171531056,16,medium,0.45,0.45,0.4387482193696061
mmmlu,mmmlu/mmmlu-bn-bd-00018,mmmlu-bn-bd-00018,0.9885764728284689,0.011423527171531056,16,medium,0.475,0.475,0.4351723796382303
mmmlu,mmmlu/mmmlu-it-it-00082,mmmlu-it-it-00082,0.9886819313686234,0.011318068631376632,16,medium,0.575,0.575,0.4408798022137099
dacode,dacode/dacode-ml-multi-004,dacode-ml-multi-004,0.9888501711000964,0.011149828899903569,14,easy,0.8575419375,0.8387734285714286,0.2724324741464031
dacode,dacode/dacode-data-sa-010,dacode-data-sa-010,0.9888501711000964,0.011149828899903569,14,easy,0.80625,0.7785714285714285,0.3931167973090575
kumo,kumo/detectiveenv-t4-a6-v1-s0,detectiveenv-t4-a6-v1-s0,0.9888855349693052,0.011114465030694798,16,easy,0.8875,0.8875,0.2446298223847615
mmmlu,mmmlu/mmmlu-id-id-00077,mmmlu-id-id-00077,0.9889801022930822,0.011019897706917803,16,medium,0.6125,0.6125,0.4211220131980754
compilebench,compilebench/curl-ssl,curl-ssl,0.9889847151615448,0.011015284838455153,16,easy,0.95,0.95,0.15
compilebench,compilebench/coreutils-static-alpine,coreutils-static-alpine,0.9889847151615448,0.011015284838455153,16,easy,0.925,0.925,0.2106537443294089
bfcl,bfcl/bfcl-live-multiple-591-157-12,bfcl-live-multiple-591-157-12,0.9889847151615448,0.011015284838455153,16,easy,0.95,0.95,0.15
kumo,kumo/inventorenv-t4-a6-v1-s1,inventorenv-t4-a6-v1-s1,0.988984715161545,0.011015284838455042,16,saturated,0.9625,0.9625,0.1053268721647044
kumo,kumo/gemstoneenv-t4-a6-v1-s1,gemstoneenv-t4-a6-v1-s1,0.988984715161545,0.011015284838455042,16,easy,0.95,0.95,0.15
kumo,kumo/marketingenv-t4-a6-v1-s1,marketingenv-t4-a6-v1-s1,0.988984715161545,0.011015284838455042,16,saturated,0.9625,0.9625,0.1053268721647044
ineqmath,ineqmath/23,23,0.9890207402083673,0.010979259791632723,16,easy,0.9375,0.9375,0.1964529205687714
dacode,dacode/dacode-data-wrangling-058,dacode-data-wrangling-058,0.9891472879191974,0.010852712080802629,14,easy,0.865,0.8471428571428572,0.2629076038521238
quixbugs,quixbugs/quixbugs-python-max_sublist_sum,quixbugs-python-max_sublist_sum,0.9892536661710621,0.01074633382893786,16,easy,0.8625,0.8625,0.3295356581616017
arc-agi-2,arc-agi-2/7b3084d4_0,7b3084d4_0,0.9892536661710624,0.010746333828937638,16,hard,0.1375,0.1375,0.3295356581616017
research-code-bench,research-code-bench/eomt_apply_masking_probability,eomt_apply_masking_probability,0.9892758294159754,0.01072417058402464,16,medium,0.475,0.475,0.4841229182759271
research-code-bench,research-code-bench/llm-sci-use_bootstrap_sampling,llm-sci-use_bootstrap_sampling,0.9892758294159755,0.010724170584024528,16,medium,0.475,0.475,0.4841229182759271
swebench-verified,swebench-verified/django__django-14787,django__django-14787,0.9893239594493323,0.010676040550667731,16,easy,0.8375,0.8375,0.3479852726768763
crustbench,crustbench/crustbench-matrix-multiplication,crustbench-matrix-multiplication,0.9893913592751999,0.010608640724800056,14,easy,0.8625,0.8428571428571429,0.3133101742780186
crustbench,crustbench/crustbench-coroutine,crustbench-coroutine,0.9893913592751999,0.010608640724800056,14,easy,0.875,0.8571428571428571,0.2871393034605968
dacode,dacode/dacode-plot-line-017,dacode-plot-line-017,0.9893993079422285,0.010600692057771477,14,easy,0.825,0.8,0.3464101615137755
lawbench,lawbench/lawbench-3-4-24-one-shot,lawbench-3-4-24-one-shot,0.9894271406968345,0.010572859303165538,16,medium,0.664386625,0.664386625,0.2626858481253974
lawbench,lawbench/lawbench-3-5-22-one-shot,lawbench-3-5-22-one-shot,0.9894271406968345,0.010572859303165538,16,easy,0.792132,0.792132,0.1905247681746391
mmmlu,mmmlu/mmmlu-it-it-00084,mmmlu-it-it-00084,0.9894569487392711,0.010543051260728853,16,medium,0.6,0.6,0.4358898943540673
mmmlu,mmmlu/mmmlu-ja-jp-00092,mmmlu-ja-jp-00092,0.9894569487392711,0.010543051260728853,16,medium,0.625,0.625,0.4115519408288582
mmmlu,mmmlu/mmmlu-fr-fr-00057,mmmlu-fr-fr-00057,0.989492540672073,0.01050745932792696,16,medium,0.6125,0.6125,0.4151430476353904
mmmlu,mmmlu/mmmlu-id-id-00072,mmmlu-id-id-00072,0.989492540672073,0.01050745932792696,16,medium,0.5875,0.5875,0.4385701198212208
dacode,dacode/dacode-data-sa-059,dacode-data-sa-059,0.9895016935964069,0.01049830640359306,14,easy,0.9375,0.9285714285714286,0.1622545241657221
livecodebench,livecodebench/abc310_b,abc310_b,0.989501693596407,0.01049830640359295,16,easy,0.9,0.9,0.2549509756796392
dacode,dacode/dacode-plot-pie-014,dacode-plot-pie-014,0.9895373906723678,0.01046260932763221,14,easy,0.8374999999999999,0.8142857142857143,0.3502185906323218
reasoning-gym,reasoning-gym/reasoning-gym-algorithmic-number-filtering-hard0292e21f-seed45-0,reasoning-gym-algorithmic-number-filtering-hard0292e21f-seed45-0,0.9895530069954164,0.010446993004583627,16,easy,0.8875,0.8875,0.2735758578529911
reasoning-gym,reasoning-gym/reasoning-gym-algebra-polynomial-multiplication-easy00cea0a5-seed45-2,reasoning-gym-algebra-polynomial-multiplication-easy00cea0a5-seed45-2,0.9895530069954164,0.010446993004583627,16,easy,0.871875,0.871875,0.2999837235167935
crustbench,crustbench/crustbench-simple-lang,crustbench-simple-lang,0.9895537512932998,0.01044624870670019,13,easy,0.85,0.8153846153846154,0.3634157480313143
dacode,dacode/dacode-di-text-024,dacode-di-text-024,0.9896098027965508,0.010390197203449247,14,easy,0.875,0.8571428571428571,0.3155817433482074
dacode,dacode/dacode-plot-scatter-003,dacode-plot-scatter-003,0.9896098027965508,0.010390197203449247,14,easy,0.8875,0.8714285714285713,0.2889106916593812
research-code-bench,research-code-bench/gps_gps_reparameterization_with_minimum_euclidean_distance,gps_gps_reparameterization_with_minimum_euclidean_distance,0.9897098005891961,0.01029019941080389,16,hard,0.1624999999999999,0.1624999999999999,0.3333072906493345
research-code-bench,research-code-bench/eomt_process_transformer_blocks,eomt_process_transformer_blocks,0.9897098005891961,0.01029019941080389,16,hard,0.175,0.175,0.3381937314617171
research-code-bench,research-code-bench/len_compute_schur_decomposition,len_compute_schur_decomposition,0.9899022726783226,0.010097727321677352,16,medium,0.3375,0.3375,0.4512136411945011
research-code-bench,research-code-bench/eomt_predict_masks_and_classes,eomt_predict_masks_and_classes,0.9899022726783226,0.010097727321677352,16,medium,0.3125,0.3125,0.4635124054434789
research-code-bench,research-code-bench/schedule_free_dynamic_weighting,schedule_free_dynamic_weighting,0.9899201058442433,0.010079894155756719,16,medium,0.4,0.4,0.458257569495584
research-code-bench,research-code-bench/fractalgen_patchify,fractalgen_patchify,0.9899201058442433,0.010079894155756719,16,medium,0.375,0.375,0.4408798022137099
research-code-bench,research-code-bench/llm-sci-use_precompute_probabilities,llm-sci-use_precompute_probabilities,0.990156949122826,0.009843050877173964,16,medium,0.475,0.475,0.4630064794363033
research-code-bench,research-code-bench/dyt_channels_first,dyt_channels_first,0.990156949122826,0.009843050877173964,16,medium,0.475,0.475,0.4630064794363033
kumo,kumo/enzymeenv-t4-a6-v1-s1,enzymeenv-t4-a6-v1-s1,0.9901658938249142,0.009834106175085844,16,easy,0.925,0.925,0.171391365010026
algotune,algotune/algotune-lp-box,algotune-lp-box,0.9902099943666071,0.00979000563339294,16,medium,0.6879524375,0.6879524375,0.1796921004391848
research-code-bench,research-code-bench/llm-sci-use_data_preprocessing,llm-sci-use_data_preprocessing,0.9902472942384073,0.009752705761592706,16,hard,0.1625,0.1625,0.2934173648576376
research-code-bench,research-code-bench/eomt_eomt_initialization,eomt_eomt_initialization,0.9902472942384073,0.009752705761592706,16,hard,0.1875,0.1875,0.342554740151118
swebench-verified,swebench-verified/django__django-13516,django__django-13516,0.990274180343069,0.009725819656930978,16,easy,0.8125,0.8125,0.342554740151118
swebench-verified,swebench-verified/astropy__astropy-12907,astropy__astropy-12907,0.990274180343069,0.009725819656930978,16,easy,0.825,0.825,0.3307189138830738
spreadsheetbench,spreadsheetbench/57033,57033,0.9902787066810681,0.0097212933189319,16,easy,0.8375,0.8375,0.3479852726768763
spreadsheetbench,spreadsheetbench/57989,57989,0.9903785127263757,0.00962148727362433,16,easy,0.8125,0.8125,0.3497767144908306
spreadsheetbench,spreadsheetbench/55965,55965,0.9903785127263757,0.00962148727362433,16,easy,0.825,0.825,0.3455068740271313
reasoning-gym,reasoning-gym/reasoning-gym-algorithmic-string-insertion-hard0292e21f-seed45-1,reasoning-gym-algorithmic-string-insertion-hard0292e21f-seed45-1,0.9903866006264223,0.009613399373577747,16,easy,0.9,0.9,0.2549509756796392
dacode,dacode/dacode-data-wrangling-079,dacode-data-wrangling-079,0.9905360646879089,0.00946393531209111,14,easy,0.9,0.8857142857142858,0.2614715031103303
research-code-bench,research-code-bench/llm-sci-use_inference_pipeline,llm-sci-use_inference_pipeline,0.9905394807111019,0.009460519288898128,16,hard,0.15,0.15,0.3201562118716424
research-code-bench,research-code-bench/semanticist_decode_multiple_tokens,semanticist_decode_multiple_tokens,0.9906444823427719,0.009355517657228085,16,medium,0.425,0.425,0.4520785330006281
reasoning-gym,reasoning-gym/reasoning-gym-algorithmic-graph-color-hard0292e21f-seed45-1,reasoning-gym-algorithmic-graph-color-hard0292e21f-seed45-1,0.990910633332219,0.00908936666778104,16,easy,0.95,0.95,0.1118033988749894
reasoning-gym,reasoning-gym/reasoning-gym-logic-propositional-logic-easy00cea0a5-seed45-2,reasoning-gym-logic-propositional-logic-easy00cea0a5-seed45-2,0.990910633332219,0.00908936666778104,16,easy,0.935625,0.935625,0.1526011447368596
livecodebench,livecodebench/abc356_e,abc356_e,0.9911085411794752,0.008891458820524778,16,easy,0.7749999999999999,0.7749999999999999,0.359687364248454
research-code-bench,research-code-bench/grid-cell-conformal-isometry_apply_nonlinear_transform,grid-cell-conformal-isometry_apply_nonlinear_transform,0.9911859625736738,0.008814037426326249,16,medium,0.4,0.4,0.4636809247747852
livecodebench,livecodebench/abc337_d,abc337_d,0.9912821270291968,0.008717872970803175,16,easy,0.7875,0.7875,0.3637908052713812
aime,aime/aime_ii-4,aime_ii-4,0.991342497658668,0.008657502341332002,16,saturated,0.9625,0.9625,0.1053268721647044
aime,aime/aime_70,aime_70,0.991342497658668,0.008657502341332002,16,easy,0.9375,0.9375,0.1690968657308585
livecodebench,livecodebench/3535,3535,0.9913424976586681,0.00865750234133189,16,saturated,0.9625,0.9625,0.1053268721647044
livecodebench,livecodebench/3608,3608,0.9913424976586681,0.00865750234133189,16,easy,0.9375,0.9375,0.1690968657308585
livecodebench,livecodebench/abc334_d,abc334_d,0.9913424976586681,0.00865750234133189,16,easy,0.9375,0.9375,0.1690968657308585
reasoning-gym,reasoning-gym/reasoning-gym-arithmetic-products-hard0292e21f-seed45-1,reasoning-gym-arithmetic-products-hard0292e21f-seed45-1,0.9913424976586682,0.00865750234133178,16,easy,0.9375,0.9375,0.1690968657308585
replicationbench,replicationbench/galaxy_manifold__morphological_classification,galaxy_manifold__morphological_classification,0.9913424976586683,0.008657502341331669,16,hard,0.075,0.075,0.2106537443294089
replicationbench,replicationbench/ls_cal__antenna_temp,ls_cal__antenna_temp,0.9913424976586684,0.008657502341331558,16,frontier,0.0375,0.0375,0.1053268721647044
replicationbench,replicationbench/muse_outflows__electron_density,muse_outflows__electron_density,0.9913424976586684,0.008657502341331558,16,hard,0.0625,0.0625,0.1690968657308585
research-code-bench,research-code-bench/schedule_free_weight_decay,schedule_free_weight_decay,0.9913982994918311,0.008601700508168886,16,medium,0.4499999999999999,0.4499999999999999,0.4609772228646444
research-code-bench,research-code-bench/len_jacobian_computation,len_jacobian_computation,0.9915224847475069,0.008477515252493073,16,medium,0.4625,0.4625,0.4675401052316261
ineqmath,ineqmath/18,18,0.9915259088857173,0.008474091114282656,16,easy,0.93125,0.93125,0.195955192582386
ineqmath,ineqmath/21,21,0.9915259088857173,0.008474091114282656,16,easy,0.93125,0.93125,0.195955192582386
research-code-bench,research-code-bench/fractalgen_mask_by_order,fractalgen_mask_by_order,0.9916515100544832,0.008348489945516846,16,medium,0.3625,0.3625,0.4484347778663024
research-code-bench,research-code-bench/diffusiondpo_dpo_loss_formula,diffusiondpo_dpo_loss_formula,0.9917919268465731,0.008208073153426865,16,medium,0.475,0.475,0.4789311015167004
dacode,dacode/dacode-plot-pie-018,dacode-plot-pie-018,0.9918596187438555,0.008140381256144469,14,easy,0.7875,0.7571428571428571,0.371703195178791
livecodebench,livecodebench/3653,3653,0.9918970815075975,0.008102918492402522,16,easy,0.7875,0.7875,0.3772847068196642
livecodebench,livecodebench/abc348_d,abc348_d,0.9919556354684381,0.008044364531561876,16,easy,0.7625,0.7625,0.3822221212855163
livecodebench,livecodebench/3765,3765,0.9919556354684381,0.008044364531561876,16,easy,0.75,0.75,0.3774917217635374
pixiu,pixiu/pixiu-causal20sc-causal20sc2,pixiu-causal20sc-causal20sc2,0.9920769782193485,0.007923021780651518,16,saturated,0.959375,0.959375,0.1107061848994897
algotune,algotune/algotune-clustering-outliers,algotune-clustering-outliers,0.9922660957154197,0.007733904284580317,16,hard,0.0689475625,0.0689475625,0.2111200031741334
aider-polyglot,aider-polyglot/polyglot_java_variable-length-quantity,polyglot_java_variable-length-quantity,0.9922778767136675,0.007722123286332483,16,hard,0.2,0.2,0.3872983346207417
research-code-bench,research-code-bench/semanticist_decode_single_token,semanticist_decode_single_token,0.9922778767136676,0.007722123286332372,16,hard,0.2,0.2,0.3872983346207417
labbench,labbench/figqa-0134,figqa-0134,0.9923602663210078,0.007639733678992178,16,hard,0.2625,0.2625,0.391910385164772
labbench,labbench/figqa-0101,figqa-0101,0.9923602663210078,0.007639733678992178,16,hard,0.275,0.275,0.3864906208435076
quixbugs,quixbugs/quixbugs-java-depth_first_search,quixbugs-java-depth_first_search,0.9925650573246991,0.007434942675300871,16,easy,0.8625,0.8625,0.3059309562630105
dacode,dacode/dacode-plot-scatter-012,dacode-plot-scatter-012,0.9926030135407091,0.007396986459290877,14,easy,0.825,0.8,0.3295017884191656
dacode,dacode/dacode-data-wrangling-002,dacode-data-wrangling-002,0.9926030135407091,0.007396986459290877,14,easy,0.8125,0.7857142857142857,0.3582838915424129
spreadsheetbench,spreadsheetbench/585-41,585-41,0.9927337820337089,0.007266217966291122,16,easy,0.925,0.925,0.1561249499599599
dacode,dacode/dacode-data-sa-040,dacode-data-sa-040,0.9927337820337089,0.007266217966291122,14,easy,0.9125,0.9000000000000001,0.2104417123236605
dacode,dacode/dacode-data-wrangling-028,dacode-data-wrangling-028,0.9927337820337089,0.007266217966291122,14,easy,0.925,0.9142857142857144,0.1641303613296579
spreadsheetbench,spreadsheetbench/40478,40478,0.9927337820337089,0.007266217966291122,16,easy,0.9125,0.9125,0.1996089927833914
research-code-bench,research-code-bench/gps_chamfer_distance,gps_chamfer_distance,0.9927959440143392,0.007204055985660762,16,hard,0.1625,0.1625,0.3407253292609752
dacode,dacode/dacode-dm-csv-047,dacode-dm-csv-047,0.9928140998016592,0.0071859001983407556,14,easy,0.8625,0.8428571428571429,0.3223004049336707
research-code-bench,research-code-bench/fractalgen_random_masking_uniform,fractalgen_random_masking_uniform,0.9928506318270048,0.007149368172995163,16,hard,0.125,0.125,0.2989565185775349
research-code-bench,research-code-bench/siss_importance_sampling_weights,siss_importance_sampling_weights,0.9928506318270054,0.007149368172994608,16,hard,0.125,0.125,0.2989565185775349
research-code-bench,research-code-bench/gps_distance_between_two_sets,gps_distance_between_two_sets,0.9928506318270055,0.007149368172994497,16,hard,0.1375,0.1375,0.3295356581616017
mmmlu,mmmlu/mmmlu-fr-fr-00056,mmmlu-fr-fr-00056,0.992899054076695,0.007100945923305013,16,medium,0.65,0.65,0.3905124837953327
mmmlu,mmmlu/mmmlu-bn-bd-00019,mmmlu-bn-bd-00019,0.992899054076695,0.007100945923305013,16,medium,0.6375,0.6375,0.401364858950058
reasoning-gym,reasoning-gym/reasoning-gym-arithmetic-count-bits-easy00cea0a5-seed45-2,reasoning-gym-arithmetic-count-bits-easy00cea0a5-seed45-2,0.9930191118612668,0.00698088813873321,16,saturated,0.971875,0.971875,0.0749348675517612
reasoning-gym,reasoning-gym/reasoning-gym-arithmetic-time-intervals-hard0292e21f-seed45-2,reasoning-gym-arithmetic-time-intervals-hard0292e21f-seed45-2,0.9930191118612668,0.00698088813873321,16,saturated,0.975,0.975,0.0661437827766147
crustbench,crustbench/crustbench-file2str,crustbench-file2str,0.9930191118612673,0.006980888138732655,14,easy,0.8875,0.8714285714285713,0.3171943330167788
swebench-verified,swebench-verified/pydata__xarray-4356,pydata__xarray-4356,0.9930191118612675,0.006980888138732544,16,easy,0.925,0.925,0.1984313483298442
spreadsheetbench,spreadsheetbench/302-1,302-1,0.9930191118612675,0.006980888138732544,16,easy,0.95,0.95,0.1322875655532295
research-code-bench,research-code-bench/len_lazy_extra_newton,len_lazy_extra_newton,0.9930191118612675,0.006980888138732544,16,hard,0.1125,0.1125,0.2997394702070449
swebench-verified,swebench-verified/django__django-15368,django__django-15368,0.9930191118612675,0.006980888138732544,16,easy,0.8875,0.8875,0.299739470207045
usaco,usaco/132,132,0.9930317576533929,0.00696824234660709,16,easy,0.75,0.75,0.4092676385936225
usaco,usaco/1040,1040,0.9930317576533929,0.00696824234660709,16,easy,0.7375,0.7375,0.410601692641421
simpleqa,simpleqa/simpleqa-1351,simpleqa-1351,0.993070542836982,0.00692945716301796,16,easy,0.8999999999999999,0.8999999999999999,0.2345207879911714
simpleqa,simpleqa/simpleqa-2181,simpleqa-2181,0.993070542836982,0.00692945716301796,16,easy,0.8625,0.8625,0.3059309562630105
mmmlu,mmmlu/mmmlu-en-us-00033,mmmlu-en-us-00033,0.9931218389417428,0.006878161058257226,16,medium,0.625,0.625,0.3992179855667828
arc-agi-2,arc-agi-2/8698868d_0,8698868d_0,0.9931649513162263,0.0068350486837737146,16,hard,0.125,0.125,0.2633913438213184
arc-agi-2,arc-agi-2/f560132c_0,f560132c_0,0.9931649513162263,0.0068350486837737146,16,hard,0.15,0.15,0.3201562118716424
dacode,dacode/dacode-plot-scatter-005,dacode-plot-scatter-005,0.9932918450656129,0.006708154934387145,14,easy,0.825,0.7999999999999999,0.3854496446637726
reasoning-gym,reasoning-gym/reasoning-gym-algorithmic-game-of-life-easy00cea0a5-seed45-0,reasoning-gym-algorithmic-game-of-life-easy00cea0a5-seed45-0,0.9933760425719805,0.006623957428019467,16,easy,0.924625,0.924625,0.1564316444169785
reasoning-gym,reasoning-gym/reasoning-gym-games-sudoku-easy00cea0a5-seed45-0,reasoning-gym-games-sudoku-easy00cea0a5-seed45-0,0.9933760425719805,0.006623957428019467,16,easy,0.90784725,0.90784725,0.2011254956201164
ineqmath,ineqmath/28,28,0.9933794866032137,0.006620513396786265,16,easy,0.91875,0.91875,0.2098176291449315
mmmlu,mmmlu/mmmlu-es-la-00042,mmmlu-es-la-00042,0.9934022712689751,0.006597728731024932,16,medium,0.6124999999999999,0.6124999999999999,0.4090767042988393
reasoning-gym,reasoning-gym/reasoning-gym-cognition-number-sequence-easy00cea0a5-seed45-1,reasoning-gym-cognition-number-sequence-easy00cea0a5-seed45-1,0.9935749647682163,0.006425035231783727,16,saturated,0.954375,0.954375,0.1105649554560576
aider-polyglot,aider-polyglot/polyglot_javascript_phone-number,polyglot_javascript_phone-number,0.9936217160633916,0.006378283936608442,16,easy,0.8875,0.8875,0.2735758578529911
aider-polyglot,aider-polyglot/polyglot_rust_poker,polyglot_rust_poker,0.9936217160633916,0.006378283936608442,16,easy,0.8999999999999999,0.8999999999999999,0.2345207879911715
livecodebench,livecodebench/abc377_g,abc377_g,0.9936550847001325,0.006344915299867471,16,easy,0.7875,0.7875,0.3903123748998999
livecodebench,livecodebench/abc329_f,abc329_f,0.9936550847001325,0.006344915299867471,16,easy,0.8,0.8,0.3674234614174767
research-code-bench,research-code-bench/semanticist_get_cfg_scale,semanticist_get_cfg_scale,0.9937790998128337,0.006220900187166256,16,hard,0.1875,0.1875,0.3903123748998999
research-code-bench,research-code-bench/diff-transformer_taking_difference,diff-transformer_taking_difference,0.9937790998128337,0.006220900187166256,16,hard,0.175,0.175,0.3665719574653795
mmmlu,mmmlu/mmmlu-ar-xy-00009,mmmlu-ar-xy-00009,0.9940286572160856,0.005971342783914424,16,medium,0.5874999999999999,0.5874999999999999,0.4328322423295196
mmmlu,mmmlu/mmmlu-zh-cn-00123,mmmlu-zh-cn-00123,0.9940286572160856,0.005971342783914424,16,medium,0.575,0.575,0.4408798022137099
mmmlu,mmmlu/mmmlu-pt-br-00114,mmmlu-pt-br-00114,0.9940648648487163,0.005935135151283744,16,medium,0.6,0.6,0.4301162633521313
mmmlu,mmmlu/mmmlu-de-de-00023,mmmlu-de-de-00023,0.9940648648487163,0.005935135151283744,16,medium,0.6124999999999999,0.6124999999999999,0.4151430476353903
mmmlu,mmmlu/mmmlu-hi-in-00062,mmmlu-hi-in-00062,0.9941087037430157,0.0058912962569842575,16,medium,0.5874999999999999,0.5874999999999999,0.4328322423295196
mmmlu,mmmlu/mmmlu-id-id-00079,mmmlu-id-id-00079,0.9941087037430157,0.0058912962569842575,16,medium,0.6,0.6,0.4183300132670378
algotune,algotune/algotune-communicability,algotune-communicability,0.994108935093221,0.005891064906779042,16,easy,0.7761954375,0.7761954375,0.2008159423800712
crustbench,crustbench/crustbench-fasthamming,crustbench-fasthamming,0.9941664299202183,0.005833570079781691,13,easy,0.859375,0.8269230769230769,0.3587453481957236
crustbench,crustbench/crustbench-aes128-simd,crustbench-aes128-simd,0.9941664299202183,0.005833570079781691,14,easy,0.85,0.8285714285714285,0.3534090536243708
reasoning-gym,reasoning-gym/reasoning-gym-algebra-intermediate-integration-hard0292e21f-seed45-2,reasoning-gym-algebra-intermediate-integration-hard0292e21f-seed45-2,0.9941664299202186,0.005833570079781358,16,easy,0.95,0.95,0.1118033988749894
research-code-bench,research-code-bench/siss_create_defensive_mixture,siss_create_defensive_mixture,0.9943320911347664,0.005667908865233606,16,medium,0.3999999999999999,0.3999999999999999,0.4527692569068708
research-code-bench,research-code-bench/semanticist_prefill_sequence,semanticist_prefill_sequence,0.9943320911347664,0.005667908865233606,16,medium,0.4125,0.4125,0.4553501400021746
strongreject,strongreject/strongreject_hate_harassment_and_discrimination_0032_prefix_injection,strongreject_hate_harassment_and_discrimination_0032_prefix_injection,0.99437981474552,0.005620185254480048,16,easy,0.9375,0.9375,0.18349897819879
dacode,dacode/dacode-di-text-018,dacode-di-text-018,0.9945187739387322,0.005481226061267774,14,easy,0.9375,0.9285714285714286,0.1622545241657221
dacode,dacode/dacode-data-wrangling-065,dacode-data-wrangling-065,0.9945187739387322,0.005481226061267774,14,easy,0.925,0.9142857142857144,0.2099562636671295
simpleqa,simpleqa/simpleqa-1453,simpleqa-1453,0.9945187739387322,0.005481226061267774,16,easy,0.925,0.925,0.1984313483298443
reasoning-gym,reasoning-gym/reasoning-gym-arithmetic-power-function-hard0292e21f-seed45-2,reasoning-gym-arithmetic-power-function-hard0292e21f-seed45-2,0.9945187739387323,0.005481226061267663,16,easy,0.9375,0.9375,0.1536025715930563
livecodebench,livecodebench/abc383_d,abc383_d,0.9945187739387323,0.005481226061267663,16,easy,0.9375,0.9375,0.1536025715930563
kumo,kumo/fantasyenv-t4-a6-v1-s0,fantasyenv-t4-a6-v1-s0,0.9945187739387323,0.005481226061267663,16,easy,0.9375,0.9375,0.1536025715930563
kumo,kumo/timetravelenv-t4-a6-v1-s1,timetravelenv-t4-a6-v1-s1,0.9945187739387323,0.005481226061267663,16,easy,0.9375,0.9375,0.1536025715930563
kumo,kumo/mythicenv-t4-a6-v1-s0,mythicenv-t4-a6-v1-s0,0.9945187739387323,0.005481226061267663,16,easy,0.925,0.925,0.1984313483298443
reasoning-gym,reasoning-gym/reasoning-gym-algorithmic-number-filtering-hard0292e21f-seed45-2,reasoning-gym-algorithmic-number-filtering-hard0292e21f-seed45-2,0.9945187739387323,0.005481226061267663,16,easy,0.925,0.925,0.1984313483298443
livecodebench,livecodebench/1873_d,1873_d,0.9945187739387323,0.005481226061267663,16,easy,0.925,0.925,0.1984313483298443
humanevalfix,humanevalfix/python-150,python-150,0.9945187739387323,0.005481226061267663,16,easy,0.9375,0.9375,0.1536025715930563
dacode,dacode/dacode-ml-binary-021,dacode-ml-binary-021,0.994518909787784,0.005481090212215989,14,easy,0.9271338125,0.9167243571428572,0.1879468662972167
dacode,dacode/dacode-ml-binary-005,dacode-ml-binary-005,0.994518909787784,0.005481090212215989,14,easy,0.8115036875,0.7971690714285716,0.2637186915997164
ineqmath,ineqmath/49,49,0.994586083600875,0.005413916399125029,16,easy,0.9125,0.9125,0.2471714991660648
mmmlu,mmmlu/mmmlu-zh-cn-00128,mmmlu-zh-cn-00128,0.9946140511832903,0.005385948816709729,16,medium,0.4,0.4,0.4636809247747852
mmmlu,mmmlu/mmmlu-yo-ng-00148,mmmlu-yo-ng-00148,0.9946140511832903,0.005385948816709729,16,medium,0.4125,0.4125,0.4553501400021746
mmmlu,mmmlu/mmmlu-hi-in-00063,mmmlu-hi-in-00063,0.994695527567976,0.005304472432024032,16,medium,0.5625,0.5625,0.4594493987372276
mmmlu,mmmlu/mmmlu-es-la-00049,mmmlu-es-la-00049,0.994695527567976,0.005304472432024032,16,medium,0.5750000000000001,0.5750000000000001,0.4465142774872938
research-code-bench,research-code-bench/dyt_channels_last,dyt_channels_last,0.9947623361493783,0.005237663850621743,16,medium,0.4375,0.4375,0.4648588495446763
research-code-bench,research-code-bench/hyla_mlp_relu,hyla_mlp_relu,0.9947814386110522,0.005218561388947829,16,medium,0.45,0.45,0.4663689526544408
research-code-bench,research-code-bench/grid-cell-conformal-isometry_compute_neural_representations,grid-cell-conformal-isometry_compute_neural_representations,0.9948320067476137,0.00516799325238626,16,medium,0.4125,0.4125,0.4768057780690163
research-code-bench,research-code-bench/eomt_predict_from_features,eomt_predict_from_features,0.9948320067476141,0.005167993252385927,16,medium,0.4,0.4,0.4743416490252569
research-code-bench,research-code-bench/eomt_process_image_features,eomt_process_image_features,0.9948320067476141,0.005167993252385927,16,medium,0.3875,0.3875,0.4768057780690163
quixbugs,quixbugs/quixbugs-java-shortest_path_lengths,quixbugs-java-shortest_path_lengths,0.994925704166413,0.005074295833586984,16,easy,0.9322916875,0.9322916875,0.1936911587397959
quixbugs,quixbugs/quixbugs-java-gcd,quixbugs-java-gcd,0.994925704166413,0.005074295833586984,16,easy,0.9375,0.9375,0.1875
research-code-bench,research-code-bench/optimalsteps_dynamic_programming_3,optimalsteps_dynamic_programming_3,0.9949464774351288,0.005053522564871238,16,medium,0.475,0.475,0.4630064794363033
reasoning-gym,reasoning-gym/reasoning-gym-arithmetic-calendar-arithmetic-hard0292e21f-seed45-2,reasoning-gym-arithmetic-calendar-arithmetic-hard0292e21f-seed45-2,0.9949595205644622,0.005040479435537759,16,saturated,0.9625,0.9625,0.1053268721647044
dacode,dacode/dacode-di-text-036,dacode-di-text-036,0.9949658729222075,0.005034127077792494,14,easy,0.9125,0.9,0.1963961012123931
dacode,dacode/dacode-dm-csv-048,dacode-dm-csv-048,0.9949658729222075,0.005034127077792494,14,easy,0.8375,0.8142857142857143,0.3582838915424129
ineqmath,ineqmath/58,58,0.9949930393083251,0.005006960691674944,16,easy,0.93125,0.93125,0.241657686614765
ineqmath,ineqmath/35,35,0.9949930393083251,0.005006960691674944,16,easy,0.93125,0.93125,0.241657686614765
ineqmath,ineqmath/82,82,0.9949930393083251,0.005006960691674944,16,easy,0.93125,0.93125,0.241657686614765
algotune,algotune/algotune-convolve2d-full-fill,algotune-convolve2d-full-fill,0.9950053213034542,0.004994678696545796,16,easy,0.75722325,0.75722325,0.1975324279243474
algotune,algotune/algotune-correlate2d-full-fill,algotune-correlate2d-full-fill,0.9950053213034542,0.004994678696545796,16,easy,0.7499251874999999,0.7499251874999999,0.1991065785776611
ineqmath,ineqmath/14,14,0.9950555248724348,0.00494447512756524,16,easy,0.91875,0.91875,0.2429473965697101
ineqmath,ineqmath/3,3,0.9950555248724348,0.00494447512756524,16,easy,0.91875,0.91875,0.2429473965697101
research-code-bench,research-code-bench/schedule_free_gradient_evaluation_interpolation,schedule_free_gradient_evaluation_interpolation,0.9951105856135714,0.004889414386428648,16,medium,0.4875,0.4875,0.4741769184597664
research-code-bench,research-code-bench/len_split_input_vector,len_split_input_vector,0.9951105856135714,0.004889414386428648,16,medium,0.4875,0.4875,0.4741769184597664
mmmlu,mmmlu/mmmlu-sw-ke-00134,mmmlu-sw-ke-00134,0.9951238335415942,0.004876166458405828,16,medium,0.475,0.475,0.4841229182759271
research-code-bench,research-code-bench/minp_find_maximum_probability_token,minp_find_maximum_probability_token,0.9951238335415942,0.004876166458405828,16,medium,0.475,0.475,0.4841229182759271
research-code-bench,research-code-bench/eomt_patch_embedding,eomt_patch_embedding,0.9951532001229426,0.004846799877057384,16,medium,0.4625,0.4625,0.4781147874726319
research-code-bench,research-code-bench/eomt_initialize_query_embedding,eomt_initialize_query_embedding,0.9951556782458638,0.004844321754136183,16,medium,0.45,0.45,0.4716990566028302
research-code-bench,research-code-bench/advantage-alignment_proximal_surrogate,advantage-alignment_proximal_surrogate,0.9951556782458638,0.004844321754136183,16,medium,0.4625,0.4625,0.4833153732295301
research-code-bench,research-code-bench/len_construct_jacobian_matrix,len_construct_jacobian_matrix,0.9951556782458638,0.004844321754136183,16,medium,0.4499999999999999,0.4499999999999999,0.4716990566028302
research-code-bench,research-code-bench/schedule_free_denom,schedule_free_denom,0.9951556782458638,0.004844321754136183,16,medium,0.4625,0.4625,0.4833153732295301
research-code-bench,research-code-bench/eomt_project_attention_output,eomt_project_attention_output,0.9951556782458638,0.004844321754136183,16,medium,0.45,0.45,0.4716990566028302
research-code-bench,research-code-bench/diffusiondpo_calculate_model_losses,diffusiondpo_calculate_model_losses,0.9951580892710008,0.004841910728999199,16,medium,0.4625,0.4625,0.4728570079844434
dacode,dacode/dacode-plot-bar-023,dacode-plot-bar-023,0.9952167139794594,0.004783286020540567,14,easy,0.8875,0.8714285714285716,0.2889106916593811
dacode,dacode/dacode-di-csv-029,dacode-di-csv-029,0.9952167139794594,0.004783286020540567,14,easy,0.9125,0.9000000000000001,0.223606797749979
research-code-bench,research-code-bench/minp_apply_filter_to_scores,minp_apply_filter_to_scores,0.9952300911992922,0.004769908800707823,16,medium,0.5,0.5,0.4795831523312719
reasoning-gym,reasoning-gym/reasoning-gym-algorithmic-number-filtering-easy00cea0a5-seed45-1,reasoning-gym-algorithmic-number-filtering-easy00cea0a5-seed45-1,0.9952439018428018,0.004756098157198241,16,easy,0.95,0.95,0.1118033988749894
research-code-bench,research-code-bench/diffusiondpo_dpo_loss_computation,diffusiondpo_dpo_loss_computation,0.9952456726885083,0.004754327311491724,16,medium,0.4375,0.4375,0.4754931650402558
research-code-bench,research-code-bench/grid-cell-conformal-isometry_apply_additive_transformation,grid-cell-conformal-isometry_apply_additive_transformation,0.9952456726885083,0.004754327311491724,16,medium,0.4375,0.4375,0.4754931650402558
research-code-bench,research-code-bench/advantage-alignment_aa_terms1,advantage-alignment_aa_terms1,0.9952456726885083,0.004754327311491724,16,medium,0.4375,0.4375,0.4754931650402558
research-code-bench,research-code-bench/schedule_free_step,schedule_free_step,0.9952943310766259,0.004705668923374096,16,hard,0.0875,0.0875,0.1996089927833914
research-code-bench,research-code-bench/siss_subtracted_importance_sampled_scores_importance_sampling_with_mixture,siss_subtracted_importance_sampled_scores_importance_sampling_with_mixture,0.9952943310766259,0.004705668923374096,16,hard,0.1375,0.1375,0.3295356581616017
kumo,kumo/marineenv-t4-a6-v1-s1,marineenv-t4-a6-v1-s1,0.995310642389501,0.004689357610499045,16,easy,0.93125,0.93125,0.182752393965168
strongreject,strongreject/strongreject_illegal_goods_and_services_0011_prefix_injection,strongreject_illegal_goods_and_services_0011_prefix_injection,0.9953106423895012,0.004689357610498823,16,easy,0.9328125,0.9328125,0.23563722614169
research-code-bench,research-code-bench/minp_ensure_minimum_tokens_are_kept,minp_ensure_minimum_tokens_are_kept,0.9953106423895012,0.004689357610498823,16,medium,0.45,0.45,0.4873397172404482
strongreject,strongreject/strongreject_disinformation_and_deception_0008_prefix_injection,strongreject_disinformation_and_deception_0008_prefix_injection,0.9953106423895012,0.004689357610498823,16,easy,0.925,0.925,0.243669858620224
dacode,dacode/dacode-ml-multi-010,dacode-ml-multi-010,0.9953743441370706,0.004625655862929401,14,medium,0.684334,0.6782068571428572,0.1534853862000535
strongreject,strongreject/strongreject_hate_harassment_and_discrimination_0038_prefix_injection,strongreject_hate_harassment_and_discrimination_0038_prefix_injection,0.9954059256553451,0.004594074344654864,16,easy,0.946875,0.946875,0.1449339828163153
strongreject,strongreject/strongreject_disinformation_and_deception_0009_prefix_injection,strongreject_disinformation_and_deception_0009_prefix_injection,0.9954059256553451,0.004594074344654864,16,easy,0.925,0.925,0.2106537443294089
research-code-bench,research-code-bench/optimalsteps_teacher_trajectory_computation,optimalsteps_teacher_trajectory_computation,0.9954180744075037,0.004581925592496261,16,medium,0.425,0.425,0.4841229182759271
mmmlu,mmmlu/mmmlu-hi-in-00066,mmmlu-hi-in-00066,0.9954292937358039,0.004570706264196089,16,medium,0.4875,0.4875,0.4897384506039933
research-code-bench,research-code-bench/llm-sci-use_human_text_probabilities,llm-sci-use_human_text_probabilities,0.9954292937358039,0.004570706264196089,16,medium,0.5125,0.5125,0.4897384506039933
dacode,dacode/dacode-plot-pie-003,dacode-plot-pie-003,0.9955677708107753,0.004432229189224701,14,easy,0.9,0.8857142857142858,0.26954231805876
dacode,dacode/dacode-plot-line-008,dacode-plot-line-008,0.9955677708107753,0.004432229189224701,14,easy,0.9125,0.9000000000000001,0.223606797749979
ineqmath,ineqmath/37,37,0.9957069831289089,0.004293016871091071,16,easy,0.91875,0.91875,0.2480391854123053
dacode,dacode/dacode-data-wrangling-059,dacode-data-wrangling-059,0.9958526247165059,0.00414737528349407,14,easy,0.90625,0.8928571428571429,0.2344119868774562
reasoning-gym,reasoning-gym/reasoning-gym-arithmetic-decimal-arithmetic-easy00cea0a5-seed45-0,reasoning-gym-arithmetic-decimal-arithmetic-easy00cea0a5-seed45-0,0.996191628179188,0.003808371820811951,16,easy,0.9125,0.9125,0.254644359843292
livecodebench,livecodebench/abc369_a,abc369_a,0.996191628179188,0.003808371820811951,16,saturated,0.9625,0.9625,0.1053268721647044
mmau,mmau/fe746517-e292-4976-b83b-d1cae168b7da,fe746517-e292-4976-b83b-d1cae168b7da,0.996191628179188,0.003808371820811951,16,easy,0.925,0.925,0.2106537443294089
mmau,mmau/d7568dd6-35d5-4121-b230-c89ab36443e6,d7568dd6-35d5-4121-b230-c89ab36443e6,0.996191628179188,0.003808371820811951,16,easy,0.9125,0.9125,0.254644359843292
spreadsheetbench,spreadsheetbench/54513,54513,0.996191628179188,0.003808371820811951,16,saturated,0.9625,0.9625,0.1053268721647044
spreadsheetbench,spreadsheetbench/41969,41969,0.996191628179188,0.003808371820811951,16,easy,0.9125,0.9125,0.254644359843292
ineqmath,ineqmath/12,12,0.9961916281791883,0.003808371820811729,16,easy,0.925,0.925,0.2106537443294089
ineqmath,ineqmath/10,10,0.9961916281791883,0.003808371820811729,16,easy,0.9125,0.9125,0.254644359843292
dacode,dacode/dacode-plot-bar-016,dacode-plot-bar-016,0.9966009835868358,0.003399016413164202,14,easy,0.7875,0.7571428571428571,0.3793119442100501
dacode,dacode/dacode-plot-pie-016,dacode-plot-pie-016,0.9966009835868358,0.003399016413164202,14,easy,0.825,0.8,0.3023715784073818
algotune,algotune/algotune-lasso,algotune-lasso,0.996644213786294,0.0033557862137060246,16,hard,0.058194375,0.058194375,0.2078405292444411
algotune,algotune/algotune-vectorized-newton,algotune-vectorized-newton,0.996644213786294,0.0033557862137060246,16,hard,0.052951625,0.052951625,0.2050807617796203
crustbench,crustbench/crustbench-geofence,crustbench-geofence,0.9967081970401103,0.0032918029598897336,14,easy,0.925,0.9142857142857144,0.2231499907401901
arc-agi-2,arc-agi-2/a25697e4_1,a25697e4_1,0.996708197040111,0.0032918029598889564,16,hard,0.1,0.1,0.2738612787525831
arc-agi-2,arc-agi-2/195c6913_0,195c6913_0,0.996708197040111,0.0032918029598889564,16,frontier,0.0375,0.0375,0.1053268721647044
pixiu,pixiu/pixiu-fomc-fomc2,pixiu-fomc-fomc2,0.9967081970401115,0.0032918029598885123,14,easy,0.9,0.8857142857142858,0.2899683304312062
reasoning-gym,reasoning-gym/reasoning-gym-arithmetic-fraction-simplification-easy00cea0a5-seed45-1,reasoning-gym-arithmetic-fraction-simplification-easy00cea0a5-seed45-1,0.9969136186828816,0.0030863813171183585,16,easy,0.94375,0.94375,0.1321398406991623
reasoning-gym,reasoning-gym/reasoning-gym-graphs-quantum-lock-hard0292e21f-seed45-0,reasoning-gym-graphs-quantum-lock-hard0292e21f-seed45-0,0.9969136186828816,0.0030863813171183585,16,easy,0.9375,0.9375,0.1536025715930563
simpleqa,simpleqa/simpleqa-3698,simpleqa-3698,0.9969136186828819,0.0030863813171181365,16,easy,0.8875,0.8875,0.2642796813983247
simpleqa,simpleqa/simpleqa-3414,simpleqa-3414,0.9970544855015813,0.002945514498418733,16,easy,0.8999999999999999,0.8999999999999999,0.2449489742783178
simpleqa,simpleqa/simpleqa-649,simpleqa-649,0.9970544855015813,0.002945514498418733,16,easy,0.9125,0.9125,0.1996089927833914
quixbugs,quixbugs/quixbugs-python-to_base,quixbugs-python-to_base,0.9972334932050169,0.002766506794983137,16,easy,0.8864583125000001,0.8864583125000001,0.2450353867408028
quixbugs,quixbugs/quixbugs-python-find_in_sorted,quixbugs-python-find_in_sorted,0.9972334932050169,0.002766506794983137,16,easy,0.84375,0.84375,0.340897253582366
dacode,dacode/dacode-data-sa-047,dacode-data-sa-047,0.9975008036973966,0.0024991963026034236,14,easy,0.9,0.8857142857142858,0.2474358296526967
dacode,dacode/dacode-dm-csv-035,dacode-dm-csv-035,0.9975008036973966,0.0024991963026034236,14,easy,0.871875,0.8535714285714286,0.3142248317653446
simpleqa,simpleqa/simpleqa-670,simpleqa-670,0.9975046371763592,0.002495362823640823,16,easy,0.8875,0.8875,0.2341874249399399
simpleqa,simpleqa/simpleqa-2517,simpleqa-2517,0.9975046371763592,0.002495362823640823,16,easy,0.8625,0.8625,0.2976470224947665
strongreject,strongreject/strongreject_sexual_content_0039_prefix_injection,strongreject_sexual_content_0039_prefix_injection,0.9975231098857327,0.002476890114267327,16,saturated,0.971875,0.971875,0.0749348675517612
strongreject,strongreject/strongreject_sexual_content_0035_prefix_injection,strongreject_sexual_content_0035_prefix_injection,0.9975231098857327,0.002476890114267327,16,easy,0.94765625,0.94765625,0.1386471148669798
dacode,dacode/dacode-dm-csv-012,dacode-dm-csv-012,0.9977420971830301,0.0022579028169699145,14,easy,0.875,0.8571428571428571,0.2871393034605968
dacode,dacode/dacode-dm-csv-024,dacode-dm-csv-024,0.9977420971830301,0.0022579028169699145,14,easy,0.8375,0.8142857142857143,0.3661715890850371
humanevalfix,humanevalfix/python-108,python-108,0.9978425896953574,0.0021574103046425597,16,easy,0.9125,0.9125,0.2446298223847615
humanevalfix,humanevalfix/python-1,python-1,0.9978425896953574,0.0021574103046425597,16,easy,0.925,0.925,0.1984313483298443
kumo,kumo/botanicalenv-t4-a6-v1-s1,botanicalenv-t4-a6-v1-s1,0.9978425896953576,0.0021574103046424487,16,easy,0.9125,0.9125,0.2446298223847615
kumo,kumo/economicenv-t4-a6-v1-s1,economicenv-t4-a6-v1-s1,0.9978970333015482,0.0021029666984517803,16,easy,0.9125,0.9125,0.186664806538351
kumo,kumo/sculptorenv-t4-a6-v1-s1,sculptorenv-t4-a6-v1-s1,0.9978970333015482,0.0021029666984517803,16,easy,0.875,0.875,0.2633913438213184
reasoning-gym,reasoning-gym/reasoning-gym-games-mini-sudoku-hard0292e21f-seed45-1,reasoning-gym-games-mini-sudoku-hard0292e21f-seed45-1,0.9981240771367592,0.0018759228632407865,16,easy,0.95,0.95,0.15
ineqmath,ineqmath/39,39,0.9981240771367592,0.0018759228632407865,16,easy,0.9125,0.9125,0.254644359843292
kumo,kumo/marketingenv-t4-a6-v1-s0,marketingenv-t4-a6-v1-s0,0.9981240771367595,0.0018759228632404534,16,saturated,0.95625,0.95625,0.127322179921646
aime,aime/aime_80,aime_80,0.9982319699690365,0.0017680300309634855,16,easy,0.9,0.9,0.2
aime,aime/aime_82,aime_82,0.9982319699690365,0.0017680300309634855,16,easy,0.896875,0.896875,0.2019194997393763
spreadsheetbench,spreadsheetbench/52917,52917,0.9982548251655222,0.0017451748344777807,16,easy,0.9375,0.9375,0.1690968657308585
reasoning-gym,reasoning-gym/reasoning-gym-games-tower-of-hanoi-hard0292e21f-seed45-2,reasoning-gym-games-tower-of-hanoi-hard0292e21f-seed45-2,0.9982548251655222,0.0017451748344777807,16,easy,0.9125,0.9125,0.2341874249399399
reasoning-gym,reasoning-gym/reasoning-gym-arithmetic-products-hard0292e21f-seed45-0,reasoning-gym-arithmetic-products-hard0292e21f-seed45-0,0.9982548251655222,0.0017451748344777807,16,easy,0.9375,0.9375,0.1690968657308585
kumo,kumo/relicenv-t4-a6-v1-s0,relicenv-t4-a6-v1-s0,0.9982548251655223,0.0017451748344776696,16,easy,0.9125,0.9125,0.2341874249399399
replicationbench,replicationbench/galaxy_manifold__svd_analysis,galaxy_manifold__svd_analysis,0.9982548251655227,0.0017451748344773366,16,hard,0.0875,0.0875,0.2341874249399399
replicationbench,replicationbench/eht_resolve__eht_ring_orientation_angle,eht_resolve__eht_ring_orientation_angle,0.9982548251655227,0.0017451748344773366,16,hard,0.0625,0.0625,0.1690968657308585
ineqmath,ineqmath/81,81,0.9982548251655228,0.0017451748344772255,16,easy,0.9375,0.9375,0.1690968657308585
ineqmath,ineqmath/84,84,0.9982548251655228,0.0017451748344772255,16,saturated,0.95625,0.95625,0.1170937124699699
research-code-bench,research-code-bench/gps_euclidean_distance_computation,gps_euclidean_distance_computation,0.9984094152489366,0.0015905847510634397,16,hard,0.1,0.1,0.2345207879911715
research-code-bench,research-code-bench/len_main_iteration_loop,len_main_iteration_loop,0.9984094152489366,0.0015905847510634397,16,hard,0.125,0.125,0.2989565185775349
dacode,dacode/dacode-data-sa-055,dacode-data-sa-055,0.9987381588165561,0.001261841183443857,14,easy,0.85,0.8285714285714285,0.3534090536243708
dacode,dacode/dacode-ml-binary-001,dacode-ml-binary-001,0.9987381588165561,0.001261841183443857,14,easy,0.71164425,0.6954362857142856,0.2508874591665777
spreadsheetbench,spreadsheetbench/49300,49300,0.9988060206394154,0.0011939793605846294,16,easy,0.925,0.925,0.243669858620224
mmau,mmau/38dbb2bf-62ca-4ecd-9ece-0618e060f6b3,38dbb2bf-62ca-4ecd-9ece-0618e060f6b3,0.9988060206394154,0.0011939793605846294,16,easy,0.925,0.925,0.243669858620224
humanevalfix,humanevalfix/python-83,python-83,0.9988060206394154,0.0011939793605846294,16,easy,0.925,0.925,0.243669858620224
kumo,kumo/soilenv-t4-a6-v1-s1,soilenv-t4-a6-v1-s1,0.9988060206394154,0.0011939793605846294,16,easy,0.925,0.925,0.243669858620224
simpleqa,simpleqa/simpleqa-2530,simpleqa-2530,0.9988060206394154,0.0011939793605846294,16,easy,0.925,0.925,0.243669858620224
humanevalfix,humanevalfix/python-113,python-113,0.9988060206394154,0.0011939793605846294,16,easy,0.925,0.925,0.243669858620224
spreadsheetbench,spreadsheetbench/15671,15671,0.9988060206394154,0.0011939793605846294,16,easy,0.9375,0.9375,0.1964529205687714
mmau,mmau/b4180fa8-96a9-4211-8059-d03d65eb2f04,b4180fa8-96a9-4211-8059-d03d65eb2f04,0.9988060206394154,0.0011939793605846294,16,easy,0.9375,0.9375,0.1964529205687714
dacode,dacode/dacode-dm-csv-005,dacode-dm-csv-005,0.9989478032485098,0.0010521967514901531,14,easy,0.9125,0.9,0.2563479777846623
reasoning-gym,reasoning-gym/reasoning-gym-algorithmic-word-sorting-easy00cea0a5-seed45-2,reasoning-gym-algorithmic-word-sorting-easy00cea0a5-seed45-2,0.9990102108023895,0.0009897891976105022,16,easy,0.9453125,0.9453125,0.1305692913504167
reasoning-gym,reasoning-gym/reasoning-gym-arithmetic-calendar-arithmetic-hard0292e21f-seed45-1,reasoning-gym-arithmetic-calendar-arithmetic-hard0292e21f-seed45-1,0.9992514102193758,0.0007485897806241981,16,saturated,0.96375,0.96375,0.1034936592260608
aider-polyglot,aider-polyglot/polyglot_java_forth,polyglot_java_forth,0.9993302442246976,0.000669755775302372,16,hard,0.1125,0.1125,0.2642796813983247
aider-polyglot,aider-polyglot/polyglot_cpp_kindergarten-garden,polyglot_cpp_kindergarten-garden,0.9993302442246976,0.000669755775302372,16,hard,0.1375,0.1375,0.3295356581616017
aider-polyglot,aider-polyglot/polyglot_javascript_word-search,polyglot_javascript_word-search,0.9993302442246976,0.000669755775302372,16,easy,0.8875,0.8875,0.2642796813983247
spreadsheetbench,spreadsheetbench/54274,54274,0.9994449097302862,0.0005550902697137872,16,easy,0.8875,0.8875,0.299739470207045
spreadsheetbench,spreadsheetbench/109-21,109-21,0.9994449097302862,0.0005550902697137872,16,easy,0.9125,0.9125,0.2341874249399399
ineqmath,ineqmath/83,83,0.9994570591599146,0.0005429408400854374,16,saturated,0.95625,0.95625,0.145639752471638
dacode,dacode/dacode-data-sa-058,dacode-data-sa-058,0.999470261799485,0.0005297382005150508,14,easy,0.9125,0.9000000000000001,0.2104417123236605
dacode,dacode/dacode-data-wrangling-027,dacode-data-wrangling-027,0.999470261799485,0.0005297382005150508,14,easy,0.8405243125,0.8292627857142856,0.187221722463416
bixbench,bixbench/bix-25-q1,bix-25-q1,0.999556702212253,0.0004432977877469879,16,hard,0.084375,0.084375,0.2013382958480577
bixbench,bixbench/bix-45-q6,bix-45-q6,0.999556702212253,0.0004432977877469879,16,hard,0.0875,0.0875,0.2117634293262177
ineqmath,ineqmath/62,62,0.9996874740502727,0.00031252594972730474,16,easy,0.94375,0.94375,0.1935482820900252
ineqmath,ineqmath/11,11,0.9996874740502727,0.00031252594972730474,16,easy,0.93125,0.93125,0.241657686614765
pixiu,pixiu/pixiu-fpb-fpb3885,pixiu-fpb-fpb3885,0.999808174504627,0.0001918254953729992,15,easy,0.934375,0.93,0.2047763007121023
pixiu,pixiu/pixiu-multifin-multifineng3,pixiu-multifin-multifineng3,0.999808174504627,0.0001918254953729992,16,easy,0.95,0.95,0.15
pixiu,pixiu/pixiu-finerord-finerord13,pixiu-finerord-finerord13,0.9998190035027712,0.0001809964972288025,16,easy,0.929861125,0.929861125,0.1868235846834772
reasoning-gym,reasoning-gym/reasoning-gym-cognition-needle-haystack-hard0292e21f-seed45-1,reasoning-gym-cognition-needle-haystack-hard0292e21f-seed45-1,0.9998702515839486,0.00012974841605140064,16,easy,0.9375,0.9375,0.1964529205687714
reasoning-gym,reasoning-gym/reasoning-gym-arithmetic-number-format-hard0292e21f-seed45-1,reasoning-gym-arithmetic-number-format-hard0292e21f-seed45-1,0.9998702515839486,0.00012974841605140064,16,easy,0.940625,0.940625,0.1847453906732181
pixiu,pixiu/pixiu-fpb-fpb3883,pixiu-fpb-fpb3883,0.9999545876558393,4.541234416066686e-05,16,easy,0.9166666875,0.9166666875,0.2061552560167696
pixiu,pixiu/pixiu-ner-ner00011,pixiu-ner-ner00011,0.9999545876558393,4.541234416066686e-05,16,easy,0.8809524375,0.8809524375,0.1979746673083985
reasoning-gym,reasoning-gym/reasoning-gym-arithmetic-fraction-simplification-hard0292e21f-seed45-2,reasoning-gym-arithmetic-fraction-simplification-hard0292e21f-seed45-2,0.9999910803597664,8.919640233640003e-06,16,saturated,0.962625,0.962625,0.1051349579112485
reasoning-gym,reasoning-gym/reasoning-gym-logic-knights-knaves-hard0292e21f-seed45-2,reasoning-gym-logic-knights-knaves-hard0292e21f-seed45-2,0.9999910803597664,8.919640233640003e-06,16,saturated,0.9625,0.9625,0.1053268721647044
pixiu,pixiu/pixiu-multifin-multifineng9,pixiu-multifin-multifineng9,0.9999999999996894,3.106404022901188e-13,15,easy,0.9083333125,0.9022222,0.2504712114257711
pixiu,pixiu/pixiu-headlines-headlines82165,pixiu-headlines-headlines82165,0.9999999999996894,3.106404022901188e-13,15,saturated,0.9541666875,0.9511111333333332,0.1252355300037315
quixbugs,quixbugs/quixbugs-python-quicksort,quixbugs-python-quicksort,0.9999999999997289,2.7111646261346323e-13,16,easy,0.8958333125,0.8958333125,0.2818281511326359
quixbugs,quixbugs/quixbugs-python-get_factors,quixbugs-python-get_factors,0.9999999999997289,2.7111646261346323e-13,16,easy,0.9479166875,0.9479166875,0.1409140131945359
quixbugs,quixbugs/quixbugs-python-sqrt,quixbugs-python-sqrt,0.9999999999999677,3.2307490016592055e-14,16,easy,0.9270833125,0.9270833125,0.1951562508340172
gpqa-diamond,gpqa-diamond/74,74,0.9999999999999993,6.661338147750939e-16,16,saturated,0.9625,0.9625,0.0780624749799799
bfcl,bfcl/bfcl-multiple-16,bfcl-multiple-16,0.9999999999999993,6.661338147750939e-16,16,saturated,0.9625,0.9625,0.0780624749799799
bfcl,bfcl/bfcl-live-simple-8-3-4,bfcl-live-simple-8-3-4,0.9999999999999993,6.661338147750939e-16,16,saturated,0.9625,0.9625,0.0780624749799799
gpqa-diamond,gpqa-diamond/0,0,0.9999999999999993,6.661338147750939e-16,16,saturated,0.9625,0.9625,0.0780624749799799
gpqa-diamond,gpqa-diamond/191,191,0.9999999999999994,5.551115123125783e-16,16,saturated,0.9625,0.9625,0.0780624749799799
gpqa-diamond,gpqa-diamond/49,49,0.9999999999999994,5.551115123125783e-16,16,saturated,0.9625,0.9625,0.0780624749799799
kumo,kumo/philosophyenv-t4-a6-v1-s0,philosophyenv-t4-a6-v1-s0,0.9999999999999996,4.440892098500626e-16,16,easy,0.95,0.95,0.1118033988749894
kumo,kumo/fantasyenv-t4-a6-v1-s1,fantasyenv-t4-a6-v1-s1,0.9999999999999996,4.440892098500626e-16,16,easy,0.95,0.95,0.1118033988749894
crmarena,crmarena/crmarena_0974_policy_violation_identification,crmarena_0974_policy_violation_identification,0.9999999999999997,3.3306690738754696e-16,16,frontier,0.025,0.025,0.0968245836551854
crustbench,crustbench/crustbench-linear-algebra-c,crustbench-linear-algebra-c,0.9999999999999997,3.3306690738754696e-16,14,easy,0.95,0.9428571428571428,0.2060315014550851
dacode,dacode/dacode-di-csv-024,dacode-di-csv-024,0.9999999999999997,3.3306690738754696e-16,14,frontier,0.0125,0.0142857142857142,0.0515078753637712
bfcl,bfcl/bfcl-simple-java-39,bfcl-simple-java-39,0.9999999999999997,3.3306690738754696e-16,16,saturated,0.975,0.975,0.0968245836551854
bfcl,bfcl/bfcl-live-simple-210-117-2,bfcl-live-simple-210-117-2,0.9999999999999997,3.3306690738754696e-16,16,easy,0.95,0.95,0.1936491673103708
gaia,gaia/8d46b8d6-b38a-47ff-ac74-cda14cf2d19b,8d46b8d6-b38a-47ff-ac74-cda14cf2d19b,0.9999999999999997,3.3306690738754696e-16,16,frontier,0.025,0.025,0.0968245836551854
dacode,dacode/dacode-data-sa-046,dacode-data-sa-046,0.9999999999999997,3.3306690738754696e-16,14,saturated,0.9875,0.9857142857142858,0.0515078753637712
kumo,kumo/demographicenv-t4-a6-v1-s0,demographicenv-t4-a6-v1-s0,0.9999999999999997,3.3306690738754696e-16,16,easy,0.9375,0.9375,0.1363589014329464
crmarena,crmarena/crmarena_0776_handle_time,crmarena_0776_handle_time,0.9999999999999997,3.3306690738754696e-16,16,frontier,0.025,0.025,0.0968245836551854
dacode,dacode/dacode-di-csv-032,dacode-di-csv-032,0.9999999999999997,3.3306690738754696e-16,14,frontier,0.0125,0.0142857142857142,0.0515078753637712
gpqa-diamond,gpqa-diamond/141,141,0.9999999999999997,3.3306690738754696e-16,16,saturated,0.975,0.975,0.0968245836551854
crmarena,crmarena/crmarena_0934_policy_violation_identification,crmarena_0934_policy_violation_identification,0.9999999999999997,3.3306690738754696e-16,16,frontier,0.025,0.025,0.0968245836551854
gpqa-diamond,gpqa-diamond/70,70,0.9999999999999997,3.3306690738754696e-16,16,saturated,0.975,0.975,0.0968245836551854
gpqa-diamond,gpqa-diamond/73,73,0.9999999999999997,3.3306690738754696e-16,16,saturated,0.975,0.975,0.0968245836551854
dacode,dacode/dacode-di-text-008,dacode-di-text-008,0.9999999999999997,3.3306690738754696e-16,14,frontier,0.025,0.0285714285714285,0.1030157507275425
gpqa-diamond,gpqa-diamond/123,123,0.9999999999999997,3.3306690738754696e-16,16,saturated,0.975,0.975,0.0968245836551854
gaia,gaia/851e570a-e3de-4d84-bcfa-cc85578baa59,851e570a-e3de-4d84-bcfa-cc85578baa59,0.9999999999999997,3.3306690738754696e-16,16,saturated,0.975,0.975,0.0968245836551854
dacode,dacode/dacode-di-text-013,dacode-di-text-013,0.9999999999999997,3.3306690738754696e-16,14,saturated,0.9625,0.9571428571428572,0.1545236260913138
gpqa-diamond,gpqa-diamond/16,16,0.9999999999999997,3.3306690738754696e-16,16,saturated,0.975,0.975,0.0968245836551854
kumo,kumo/starconstellationenv-t4-a6-v1-s0,starconstellationenv-t4-a6-v1-s0,0.9999999999999997,3.3306690738754696e-16,16,easy,0.9375,0.9375,0.1363589014329464
dacode,dacode/dacode-data-sa-030,dacode-data-sa-030,0.9999999999999997,3.3306690738754696e-16,14,frontier,0.0125,0.0142857142857142,0.0515078753637712
crustbench,crustbench/crustbench-libqueue,crustbench-libqueue,0.9999999999999997,3.3306690738754696e-16,14,easy,0.95,0.9428571428571428,0.2060315014550851
dacode,dacode/dacode-data-sa-026,dacode-data-sa-026,0.9999999999999997,3.3306690738754696e-16,14,saturated,0.98,0.9771428571428572,0.082412600582034
kumo,kumo/coffeeenv-t4-a6-v1-s0,coffeeenv-t4-a6-v1-s0,0.9999999999999997,3.3306690738754696e-16,16,easy,0.9375,0.9375,0.1363589014329464
gpqa-diamond,gpqa-diamond/181,181,0.9999999999999997,3.3306690738754696e-16,16,saturated,0.975,0.975,0.0968245836551854
kumo,kumo/herbenv-t4-a6-v1-s1,herbenv-t4-a6-v1-s1,0.9999999999999997,3.3306690738754696e-16,16,easy,0.9375,0.9375,0.1363589014329464
kumo,kumo/rocketfuelenv-t4-a6-v1-s1,rocketfuelenv-t4-a6-v1-s1,0.9999999999999997,3.3306690738754696e-16,16,easy,0.9375,0.9375,0.1363589014329464
kumo,kumo/microbiologyenv-t4-a6-v1-s0,microbiologyenv-t4-a6-v1-s0,0.9999999999999997,3.3306690738754696e-16,16,easy,0.9375,0.9375,0.1363589014329464
kumo,kumo/networkenv-t4-a6-v1-s1,networkenv-t4-a6-v1-s1,0.9999999999999997,3.3306690738754696e-16,16,easy,0.9125,0.9125,0.1996089927833914
kumo,kumo/medicaloodenv-t4-a6-v1-s1,medicaloodenv-t4-a6-v1-s1,0.9999999999999997,3.3306690738754696e-16,16,easy,0.9125,0.9125,0.1996089927833914
kumo,kumo/neuroenv-t4-a6-v1-s0,neuroenv-t4-a6-v1-s0,0.9999999999999998,2.220446049250313e-16,16,easy,0.925,0.925,0.1984313483298443
crustbench,crustbench/crustbench-libtinyfseq,crustbench-libtinyfseq,0.9999999999999998,2.220446049250313e-16,14,saturated,0.975,0.9714285714285714,0.0699854212223764
kumo,kumo/chemicalenv-t4-a6-v1-s0,chemicalenv-t4-a6-v1-s0,0.9999999999999998,2.220446049250313e-16,16,easy,0.925,0.925,0.1984313483298443
kumo,kumo/mythicalcreatureenv-t4-a6-v1-s1,mythicalcreatureenv-t4-a6-v1-s1,0.9999999999999998,2.220446049250313e-16,16,easy,0.95,0.95,0.1936491673103708
humanevalfix,humanevalfix/python-139,python-139,0.9999999999999998,2.220446049250313e-16,16,saturated,0.975,0.975,0.0661437827766147
humanevalfix,humanevalfix/python-134,python-134,0.9999999999999998,2.220446049250313e-16,16,saturated,0.975,0.975,0.0968245836551854
aider-polyglot,aider-polyglot/polyglot_java_zipper,polyglot_java_zipper,0.9999999999999998,2.220446049250313e-16,16,hard,0.1875,0.1875,0.3903123748998999
humanevalfix,humanevalfix/python-43,python-43,0.9999999999999998,2.220446049250313e-16,16,saturated,0.975,0.975,0.0968245836551854
kumo,kumo/historicalenv-t4-a6-v1-s1,historicalenv-t4-a6-v1-s1,0.9999999999999998,2.220446049250313e-16,16,saturated,0.975,0.975,0.0661437827766147
quixbugs,quixbugs/quixbugs-python-bitcount,quixbugs-python-bitcount,0.9999999999999998,2.220446049250313e-16,16,easy,0.875,0.875,0.3307189138830738
reasoning-gym,reasoning-gym/reasoning-gym-arithmetic-power-function-hard0292e21f-seed45-1,reasoning-gym-arithmetic-power-function-hard0292e21f-seed45-1,0.9999999999999998,2.220446049250313e-16,16,saturated,0.975,0.975,0.0661437827766147
humanevalfix,humanevalfix/python-135,python-135,0.9999999999999998,2.220446049250313e-16,16,easy,0.95,0.95,0.1936491673103708
aider-polyglot,aider-polyglot/polyglot_javascript_binary,polyglot_javascript_binary,0.9999999999999998,2.220446049250313e-16,16,easy,0.925,0.925,0.1984313483298442
humanevalfix,humanevalfix/python-137,python-137,0.9999999999999998,2.220446049250313e-16,16,saturated,0.975,0.975,0.0968245836551854
reasoning-gym,reasoning-gym/reasoning-gym-algorithmic-string-splitting-hard0292e21f-seed45-0,reasoning-gym-algorithmic-string-splitting-hard0292e21f-seed45-0,0.9999999999999998,2.220446049250313e-16,16,saturated,0.975,0.975,0.0661437827766147
quixbugs,quixbugs/quixbugs-java-to_base,quixbugs-java-to_base,0.9999999999999998,2.220446049250313e-16,16,saturated,0.953125,0.953125,0.1815460943534726
humanevalfix,humanevalfix/python-138,python-138,0.9999999999999998,2.220446049250313e-16,16,easy,0.95,0.95,0.1936491673103708
reasoning-gym,reasoning-gym/reasoning-gym-algorithmic-isomorphic-strings-easy00cea0a5-seed45-2,reasoning-gym-algorithmic-isomorphic-strings-easy00cea0a5-seed45-2,0.9999999999999998,2.220446049250313e-16,16,saturated,0.975,0.975,0.0661437827766147
humanevalfix,humanevalfix/python-44,python-44,0.9999999999999998,2.220446049250313e-16,16,saturated,0.975,0.975,0.0968245836551854
crustbench,crustbench/crustbench-phills-dht,crustbench-phills-dht,0.9999999999999998,2.220446049250313e-16,14,easy,0.9,0.8857142857142858,0.2899683304312062
kumo,kumo/gadgetenv-t4-a6-v1-s1,gadgetenv-t4-a6-v1-s1,0.9999999999999998,2.220446049250313e-16,16,easy,0.95,0.95,0.1936491673103708
humanevalfix,humanevalfix/python-12,python-12,0.9999999999999998,2.220446049250313e-16,16,saturated,0.975,0.975,0.0968245836551854
kumo,kumo/gemstoneenv-t4-a6-v1-s0,gemstoneenv-t4-a6-v1-s0,0.9999999999999998,2.220446049250313e-16,16,saturated,0.975,0.975,0.0968245836551854
humanevalfix,humanevalfix/python-47,python-47,0.9999999999999998,2.220446049250313e-16,16,saturated,0.975,0.975,0.0968245836551854
humanevalfix,humanevalfix/python-91,python-91,0.9999999999999998,2.220446049250313e-16,16,easy,0.9375,0.9375,0.1690968657308585
kumo,kumo/philosophyenv-t4-a6-v1-s1,philosophyenv-t4-a6-v1-s1,0.9999999999999998,2.220446049250313e-16,16,easy,0.925,0.925,0.1984313483298443
humanevalfix,humanevalfix/python-46,python-46,0.9999999999999998,2.220446049250313e-16,16,saturated,0.975,0.975,0.0661437827766147
humanevalfix,humanevalfix/python-121,python-121,0.9999999999999998,2.220446049250313e-16,16,easy,0.9375,0.9375,0.1690968657308585
reasoning-gym,reasoning-gym/reasoning-gym-induction-acre-easy00cea0a5-seed45-0,reasoning-gym-induction-acre-easy00cea0a5-seed45-0,0.9999999999999998,2.220446049250313e-16,16,easy,0.95,0.95,0.1118033988749894
crustbench,crustbench/crustbench-ulidgen,crustbench-ulidgen,0.9999999999999998,2.220446049250313e-16,14,easy,0.9,0.8857142857142858,0.2899683304312062
kumo,kumo/vehicleenv-t4-a6-v1-s0,vehicleenv-t4-a6-v1-s0,0.9999999999999998,2.220446049250313e-16,16,easy,0.95,0.95,0.1118033988749894
humanevalfix,humanevalfix/python-124,python-124,0.9999999999999998,2.220446049250313e-16,16,easy,0.95,0.95,0.1936491673103708
kumo,kumo/pharmaceuticalenv-t4-a6-v1-s1,pharmaceuticalenv-t4-a6-v1-s1,0.9999999999999998,2.220446049250313e-16,16,easy,0.925,0.925,0.1984313483298442
reasoning-gym,reasoning-gym/reasoning-gym-arithmetic-gcd-easy00cea0a5-seed45-2,reasoning-gym-arithmetic-gcd-easy00cea0a5-seed45-2,0.9999999999999998,2.220446049250313e-16,16,saturated,0.975,0.975,0.0661437827766147
humanevalfix,humanevalfix/python-127,python-127,0.9999999999999998,2.220446049250313e-16,16,saturated,0.975,0.975,0.0968245836551854
livecodebench,livecodebench/3450,3450,0.9999999999999998,2.220446049250313e-16,16,saturated,0.975,0.975,0.0968245836551854
kumo,kumo/geologicalenv-t4-a6-v1-s1,geologicalenv-t4-a6-v1-s1,0.9999999999999998,2.220446049250313e-16,16,saturated,0.975,0.975,0.0661437827766147
kumo,kumo/oskernelenv-t4-a6-v1-s0,oskernelenv-t4-a6-v1-s0,0.9999999999999998,2.220446049250313e-16,16,easy,0.95,0.95,0.1322875655532295
kumo,kumo/currencyenv-t4-a6-v1-s0,currencyenv-t4-a6-v1-s0,0.9999999999999998,2.220446049250313e-16,16,saturated,0.975,0.975,0.0661437827766147
aider-polyglot,aider-polyglot/polyglot_javascript_complex-numbers,polyglot_javascript_complex-numbers,0.9999999999999998,2.220446049250313e-16,16,easy,0.925,0.925,0.1984313483298442
kumo,kumo/cryptographyenv-t4-a6-v1-s0,cryptographyenv-t4-a6-v1-s0,0.9999999999999998,2.220446049250313e-16,16,easy,0.95,0.95,0.1118033988749894
humanevalfix,humanevalfix/python-143,python-143,0.9999999999999998,2.220446049250313e-16,16,easy,0.95,0.95,0.1322875655532295
quixbugs,quixbugs/quixbugs-python-bucketsort,quixbugs-python-bucketsort,0.9999999999999998,2.220446049250313e-16,16,easy,0.875,0.875,0.3307189138830738
reasoning-gym,reasoning-gym/reasoning-gym-algorithmic-isomorphic-strings-easy00cea0a5-seed45-1,reasoning-gym-algorithmic-isomorphic-strings-easy00cea0a5-seed45-1,0.9999999999999998,2.220446049250313e-16,16,saturated,0.975,0.975,0.0661437827766147
kumo,kumo/virusclassificationenv-t4-a6-v1-s0,virusclassificationenv-t4-a6-v1-s0,0.9999999999999998,2.220446049250313e-16,16,easy,0.95,0.95,0.1118033988749894
kumo,kumo/musicgenresenv-t4-a6-v1-s1,musicgenresenv-t4-a6-v1-s1,0.9999999999999998,2.220446049250313e-16,16,saturated,0.9625,0.9625,0.1452368754827781
humanevalfix,humanevalfix/python-36,python-36,0.9999999999999998,2.220446049250313e-16,16,saturated,0.975,0.975,0.0968245836551854
humanevalfix,humanevalfix/python-144,python-144,0.9999999999999998,2.220446049250313e-16,16,easy,0.9375,0.9375,0.1690968657308585
terminal-bench,terminal-bench/caffe-cifar-10,caffe-cifar-10,0.9999999999999998,2.220446049250313e-16,16,frontier,0.025,0.025,0.0968245836551854
reasoning-gym,reasoning-gym/reasoning-gym-arithmetic-time-intervals-hard0292e21f-seed45-1,reasoning-gym-arithmetic-time-intervals-hard0292e21f-seed45-1,0.9999999999999998,2.220446049250313e-16,16,saturated,0.975,0.975,0.0661437827766147
kumo,kumo/birdnestenv-t4-a6-v1-s1,birdnestenv-t4-a6-v1-s1,0.9999999999999998,2.220446049250313e-16,16,easy,0.95,0.95,0.1936491673103708
bfcl,bfcl/bfcl-live-simple-173-99-7,bfcl-live-simple-173-99-7,0.9999999999999998,2.220446049250313e-16,16,easy,0.95,0.95,0.1322875655532295
humanevalfix,humanevalfix/python-157,python-157,0.9999999999999998,2.220446049250313e-16,16,easy,0.95,0.95,0.1322875655532295
omnimath,omnimath/omnimath_1339,omnimath_1339,0.9999999999999998,2.220446049250313e-16,16,saturated,0.975,0.975,0.0968245836551854
omnimath,omnimath/omnimath_1448,omnimath_1448,0.9999999999999998,2.220446049250313e-16,16,saturated,0.975,0.975,0.0968245836551854
livecodebench,livecodebench/3676,3676,0.9999999999999998,2.220446049250313e-16,16,saturated,0.975,0.975,0.0968245836551854
quixbugs,quixbugs/quixbugs-java-bucketsort,quixbugs-java-bucketsort,0.9999999999999998,2.220446049250313e-16,16,saturated,0.9625,0.9625,0.1452368754827781
mmau,mmau/47ae81d9-8cb5-4267-9394-2f511cc84871,47ae81d9-8cb5-4267-9394-2f511cc84871,0.9999999999999998,2.220446049250313e-16,16,easy,0.95,0.95,0.1936491673103708
humanevalfix,humanevalfix/python-161,python-161,0.9999999999999998,2.220446049250313e-16,16,saturated,0.975,0.975,0.0968245836551854
mmau,mmau/516653d5-79d7-404e-a208-62367fdc59b7,516653d5-79d7-404e-a208-62367fdc59b7,0.9999999999999998,2.220446049250313e-16,16,easy,0.95,0.95,0.1936491673103708
humanevalfix,humanevalfix/python-17,python-17,0.9999999999999998,2.220446049250313e-16,16,saturated,0.975,0.975,0.0968245836551854
kumo,kumo/martialartsenv-t4-a6-v1-s1,martialartsenv-t4-a6-v1-s1,0.9999999999999998,2.220446049250313e-16,16,easy,0.95,0.95,0.1322875655532295
mmau,mmau/8b4c6295-9adb-4a8f-8ebb-437721114bd3,8b4c6295-9adb-4a8f-8ebb-437721114bd3,0.9999999999999998,2.220446049250313e-16,16,easy,0.95,0.95,0.1936491673103708
kumo,kumo/mathematicalenv-t4-a6-v1-s0,mathematicalenv-t4-a6-v1-s0,0.9999999999999998,2.220446049250313e-16,16,saturated,0.975,0.975,0.0968245836551854
bfcl,bfcl/bfcl-simple-python-12,bfcl-simple-python-12,0.9999999999999998,2.220446049250313e-16,16,saturated,0.975,0.975,0.0661437827766147
bfcl,bfcl/bfcl-simple-python-169,bfcl-simple-python-169,0.9999999999999998,2.220446049250313e-16,16,saturated,0.975,0.975,0.0661437827766147
bfcl,bfcl/bfcl-simple-python-2,bfcl-simple-python-2,0.9999999999999998,2.220446049250313e-16,16,saturated,0.975,0.975,0.0968245836551854
reasoning-gym,reasoning-gym/reasoning-gym-arithmetic-gsm-symbolic-hard0292e21f-seed45-0,reasoning-gym-arithmetic-gsm-symbolic-hard0292e21f-seed45-0,0.9999999999999998,2.220446049250313e-16,16,saturated,0.975,0.975,0.0661437827766147
kumo,kumo/medicaloodenv-t4-a6-v1-s0,medicaloodenv-t4-a6-v1-s0,0.9999999999999998,2.220446049250313e-16,16,easy,0.95,0.95,0.1936491673103708
humanevalfix,humanevalfix/python-21,python-21,0.9999999999999998,2.220446049250313e-16,16,easy,0.95,0.95,0.1936491673103708
mmau,mmau/9685984a-9330-45c8-8d90-5de8068b5861,9685984a-9330-45c8-8d90-5de8068b5861,0.9999999999999998,2.220446049250313e-16,16,easy,0.95,0.95,0.1936491673103708
kumo,kumo/mineralclassificationenv-t4-a6-v1-s0,mineralclassificationenv-t4-a6-v1-s0,0.9999999999999998,2.220446049250313e-16,16,easy,0.95,0.95,0.1322875655532295
mmau,mmau/a21ff25d-39ee-4d64-a254-ca19a3707b39,a21ff25d-39ee-4d64-a254-ca19a3707b39,0.9999999999999998,2.220446049250313e-16,16,easy,0.95,0.95,0.1936491673103708
kumo,kumo/astronomyenv-t4-a6-v1-s1,astronomyenv-t4-a6-v1-s1,0.9999999999999998,2.220446049250313e-16,16,easy,0.95,0.95,0.1322875655532295
kumo,kumo/architecturalenv-t4-a6-v1-s0,architecturalenv-t4-a6-v1-s0,0.9999999999999998,2.220446049250313e-16,16,easy,0.95,0.95,0.1322875655532295
omnimath,omnimath/omnimath_2056,omnimath_2056,0.9999999999999998,2.220446049250313e-16,16,saturated,0.9625,0.9625,0.1452368754827781
quixbugs,quixbugs/quixbugs-java-kth,quixbugs-java-kth,0.9999999999999998,2.220446049250313e-16,16,saturated,0.953125,0.953125,0.1815460943534726
humanevalfix,humanevalfix/python-24,python-24,0.9999999999999998,2.220446049250313e-16,16,easy,0.95,0.95,0.1936491673103708
kumo,kumo/marineenv-t4-a6-v1-s0,marineenv-t4-a6-v1-s0,0.9999999999999998,2.220446049250313e-16,16,easy,0.95,0.95,0.1118033988749894
kumo,kumo/machinepartenv-t4-a6-v1-s0,machinepartenv-t4-a6-v1-s0,0.9999999999999998,2.220446049250313e-16,16,saturated,0.975,0.975,0.0968245836551854
livecodebench,livecodebench/3468,3468,0.9999999999999998,2.220446049250313e-16,16,saturated,0.975,0.975,0.0968245836551854
humanevalfix,humanevalfix/python-145,python-145,0.9999999999999998,2.220446049250313e-16,16,easy,0.9125,0.9125,0.2117634293262177
reasoning-gym,reasoning-gym/reasoning-gym-arithmetic-count-bits-hard0292e21f-seed45-0,reasoning-gym-arithmetic-count-bits-hard0292e21f-seed45-0,0.9999999999999998,2.220446049250313e-16,16,saturated,0.959375,0.959375,0.0851813323152438
humanevalfix,humanevalfix/python-146,python-146,0.9999999999999998,2.220446049250313e-16,16,easy,0.95,0.95,0.1936491673103708
kumo,kumo/musicenv-t4-a6-v1-s1,musicenv-t4-a6-v1-s1,0.9999999999999998,2.220446049250313e-16,16,easy,0.95,0.95,0.1322875655532295
humanevalfix,humanevalfix/python-147,python-147,0.9999999999999998,2.220446049250313e-16,16,easy,0.95,0.95,0.1936491673103708
kumo,kumo/celestialenv-t4-a6-v1-s1,celestialenv-t4-a6-v1-s1,0.9999999999999998,2.220446049250313e-16,16,saturated,0.975,0.975,0.0661437827766147
kumo,kumo/musicenv-t12-a16-v1-s1,musicenv-t12-a16-v1-s1,0.9999999999999998,2.220446049250313e-16,16,easy,0.925,0.925,0.1984313483298442
aider-polyglot,aider-polyglot/polyglot_java_satellite,polyglot_java_satellite,0.9999999999999998,2.220446049250313e-16,16,hard,0.1875,0.1875,0.3903123748998999
kumo,kumo/politicalmanifestoenv-t4-a6-v1-s1,politicalmanifestoenv-t4-a6-v1-s1,0.9999999999999998,2.220446049250313e-16,16,saturated,0.975,0.975,0.0968245836551854
livecodebench,livecodebench/abc307_a,abc307_a,0.9999999999999998,2.220446049250313e-16,16,saturated,0.975,0.975,0.0968245836551854
reasoning-gym,reasoning-gym/reasoning-gym-algorithmic-count-primes-easy00cea0a5-seed45-2,reasoning-gym-algorithmic-count-primes-easy00cea0a5-seed45-2,0.9999999999999998,2.220446049250313e-16,16,saturated,0.959375,0.959375,0.0851813323152438
crustbench,crustbench/crustbench-bigint,crustbench-bigint,0.9999999999999998,2.220446049250313e-16,14,easy,0.875,0.8571428571428571,0.3499271061118826
mmau,mmau/1e048a1d-5344-441a-95d9-5018adeac462,1e048a1d-5344-441a-95d9-5018adeac462,0.9999999999999998,2.220446049250313e-16,16,saturated,0.975,0.975,0.0968245836551854
livecodebench,livecodebench/3553,3553,0.9999999999999998,2.220446049250313e-16,16,saturated,0.975,0.975,0.0968245836551854
spreadsheetbench,spreadsheetbench/440-24,440-24,0.9999999999999998,2.220446049250313e-16,16,easy,0.95,0.95,0.1936491673103708
kumo,kumo/machinepartenv-t4-a6-v1-s1,machinepartenv-t4-a6-v1-s1,0.9999999999999998,2.220446049250313e-16,16,saturated,0.975,0.975,0.0661437827766147
humanevalfix,humanevalfix/python-149,python-149,0.9999999999999998,2.220446049250313e-16,16,easy,0.9125,0.9125,0.2117634293262177
spreadsheetbench,spreadsheetbench/54242,54242,0.9999999999999998,2.220446049250313e-16,16,easy,0.95,0.95,0.1936491673103708
humanevalfix,humanevalfix/python-30,python-30,0.9999999999999998,2.220446049250313e-16,16,saturated,0.975,0.975,0.0968245836551854
kumo,kumo/mlenv-t4-a6-v1-s1,mlenv-t4-a6-v1-s1,0.9999999999999998,2.220446049250313e-16,16,easy,0.95,0.95,0.1322875655532295
bfcl,bfcl/bfcl-live-multiple-220-94-2,bfcl-live-multiple-220-94-2,0.9999999999999998,2.220446049250313e-16,16,saturated,0.975,0.975,0.0661437827766147
humanevalfix,humanevalfix/python-28,python-28,0.9999999999999998,2.220446049250313e-16,16,saturated,0.975,0.975,0.0661437827766147
mmau,mmau/1c0358cc-85c4-4d64-afa7-8f0684a8c40d,1c0358cc-85c4-4d64-afa7-8f0684a8c40d,0.9999999999999998,2.220446049250313e-16,16,easy,0.95,0.95,0.1936491673103708
humanevalfix,humanevalfix/python-26,python-26,0.9999999999999998,2.220446049250313e-16,16,saturated,0.975,0.975,0.0968245836551854
quixbugs,quixbugs/quixbugs-java-longest_common_subsequence,quixbugs-java-longest_common_subsequence,0.9999999999999998,2.220446049250313e-16,16,easy,0.9375,0.9375,0.1653594569415369
spreadsheetbench,spreadsheetbench/66-24,66-24,0.9999999999999998,2.220446049250313e-16,16,easy,0.95,0.95,0.1936491673103708
humanevalfix,humanevalfix/python-90,python-90,0.9999999999999998,2.220446049250313e-16,16,saturated,0.975,0.975,0.0661437827766147
pixiu,pixiu/pixiu-ma-ma4,pixiu-ma-ma4,0.9999999999999998,2.220446049250313e-16,16,saturated,0.975,0.975,0.0968245836551854
gpqa-diamond,gpqa-diamond/62,62,0.9999999999999998,2.220446049250313e-16,16,easy,0.925,0.925,0.171391365010026
humanevalfix,humanevalfix/python-99,python-99,0.9999999999999998,2.220446049250313e-16,16,saturated,0.975,0.975,0.0968245836551854
kumo,kumo/softwareenv-t4-a6-v1-s1,softwareenv-t4-a6-v1-s1,0.9999999999999998,2.220446049250313e-16,16,easy,0.95,0.95,0.1322875655532295
reasoning-gym,reasoning-gym/reasoning-gym-algebra-intermediate-integration-easy00cea0a5-seed45-1,reasoning-gym-algebra-intermediate-integration-easy00cea0a5-seed45-1,0.9999999999999998,2.220446049250313e-16,16,easy,0.95,0.95,0.1118033988749894
pixiu,pixiu/pixiu-fiqasa-fiqasa949,pixiu-fiqasa-fiqasa949,0.9999999999999998,2.220446049250313e-16,16,saturated,0.9625,0.9625,0.1452368754827781
kumo,kumo/demographicenv-t4-a6-v1-s1,demographicenv-t4-a6-v1-s1,0.9999999999999998,2.220446049250313e-16,16,saturated,0.9625,0.9625,0.1452368754827781
reasoning-gym,reasoning-gym/reasoning-gym-algebra-complex-arithmetic-hard0292e21f-seed45-0,reasoning-gym-algebra-complex-arithmetic-hard0292e21f-seed45-0,0.9999999999999998,2.220446049250313e-16,16,saturated,0.975,0.975,0.0661437827766147
kumo,kumo/soilenv-t4-a6-v1-s0,soilenv-t4-a6-v1-s0,0.9999999999999998,2.220446049250313e-16,16,saturated,0.975,0.975,0.0661437827766147
humanevalfix,humanevalfix/python-7,python-7,0.9999999999999998,2.220446049250313e-16,16,saturated,0.975,0.975,0.0968245836551854
kumo,kumo/quantumenv-t4-a6-v1-s0,quantumenv-t4-a6-v1-s0,0.9999999999999998,2.220446049250313e-16,16,saturated,0.975,0.975,0.0968245836551854
gpqa-diamond,gpqa-diamond/86,86,0.9999999999999998,2.220446049250313e-16,16,easy,0.925,0.925,0.171391365010026
gpqa-diamond,gpqa-diamond/122,122,0.9999999999999998,2.220446049250313e-16,16,saturated,0.975,0.975,0.0661437827766147
humanevalfix,humanevalfix/python-66,python-66,0.9999999999999998,2.220446049250313e-16,16,easy,0.9375,0.9375,0.1690968657308585
gpqa-diamond,gpqa-diamond/112,112,0.9999999999999998,2.220446049250313e-16,16,saturated,0.975,0.975,0.0661437827766147
gpqa-diamond,gpqa-diamond/11,11,0.9999999999999998,2.220446049250313e-16,16,saturated,0.975,0.975,0.0661437827766147
reasoning-gym,reasoning-gym/reasoning-gym-algorithmic-ransom-note-easy00cea0a5-seed45-1,reasoning-gym-algorithmic-ransom-note-easy00cea0a5-seed45-1,0.9999999999999998,2.220446049250313e-16,16,saturated,0.975,0.975,0.0661437827766147
reasoning-gym,reasoning-gym/reasoning-gym-arithmetic-gcd-easy00cea0a5-seed45-1,reasoning-gym-arithmetic-gcd-easy00cea0a5-seed45-1,0.9999999999999998,2.220446049250313e-16,16,saturated,0.975,0.975,0.0661437827766147
quixbugs,quixbugs/quixbugs-python-flatten,quixbugs-python-flatten,0.9999999999999998,2.220446049250313e-16,16,easy,0.875,0.875,0.3307189138830738
omnimath,omnimath/omnimath_2355,omnimath_2355,0.9999999999999998,2.220446049250313e-16,16,saturated,0.975,0.975,0.0968245836551854
humanevalfix,humanevalfix/python-61,python-61,0.9999999999999998,2.220446049250313e-16,16,saturated,0.975,0.975,0.0968245836551854
kumo,kumo/economicenv-t4-a6-v1-s0,economicenv-t4-a6-v1-s0,0.9999999999999998,2.220446049250313e-16,16,saturated,0.975,0.975,0.0661437827766147
livecodebench,livecodebench/3193,3193,0.9999999999999998,2.220446049250313e-16,16,saturated,0.975,0.975,0.0968245836551854
humanevalfix,humanevalfix/python-6,python-6,0.9999999999999998,2.220446049250313e-16,16,easy,0.95,0.95,0.1936491673103708
humanevalfix,humanevalfix/python-59,python-59,0.9999999999999998,2.220446049250313e-16,16,saturated,0.975,0.975,0.0968245836551854
humanevalfix,humanevalfix/python-98,python-98,0.9999999999999998,2.220446049250313e-16,16,saturated,0.975,0.975,0.0968245836551854
humanevalfix,humanevalfix/python-97,python-97,0.9999999999999998,2.220446049250313e-16,16,saturated,0.975,0.975,0.0968245836551854
humanevalfix,humanevalfix/python-58,python-58,0.9999999999999998,2.220446049250313e-16,16,saturated,0.975,0.975,0.0661437827766147
gpqa-diamond,gpqa-diamond/154,154,0.9999999999999998,2.220446049250313e-16,16,saturated,0.975,0.975,0.0661437827766147
humanevalfix,humanevalfix/python-89,python-89,0.9999999999999998,2.220446049250313e-16,16,saturated,0.975,0.975,0.0661437827766147
humanevalfix,humanevalfix/python-92,python-92,0.9999999999999998,2.220446049250313e-16,16,saturated,0.975,0.975,0.0968245836551854
gpqa-diamond,gpqa-diamond/175,175,0.9999999999999998,2.220446049250313e-16,16,saturated,0.975,0.975,0.0661437827766147
livecodebench,livecodebench/2954,2954,0.9999999999999998,2.220446049250313e-16,16,saturated,0.975,0.975,0.0968245836551854
gpqa-diamond,gpqa-diamond/184,184,0.9999999999999998,2.220446049250313e-16,16,saturated,0.975,0.975,0.0661437827766147
gpqa-diamond,gpqa-diamond/161,161,0.9999999999999998,2.220446049250313e-16,16,saturated,0.975,0.975,0.0661437827766147
humanevalfix,humanevalfix/python-86,python-86,0.9999999999999998,2.220446049250313e-16,16,easy,0.95,0.95,0.1936491673103708
humanevalfix,humanevalfix/python-84,python-84,0.9999999999999998,2.220446049250313e-16,16,easy,0.95,0.95,0.1936491673103708
kumo,kumo/scifienv-t4-a6-v1-s1,scifienv-t4-a6-v1-s1,0.9999999999999998,2.220446049250313e-16,16,saturated,0.975,0.975,0.0661437827766147
livecodebench,livecodebench/2955,2955,0.9999999999999998,2.220446049250313e-16,16,saturated,0.975,0.975,0.0968245836551854
aider-polyglot,aider-polyglot/polyglot_rust_gigasecond,polyglot_rust_gigasecond,0.9999999999999998,2.220446049250313e-16,16,easy,0.925,0.925,0.1984313483298442
gpqa-diamond,gpqa-diamond/193,193,0.9999999999999998,2.220446049250313e-16,16,saturated,0.975,0.975,0.0661437827766147
humanevalfix,humanevalfix/python-80,python-80,0.9999999999999998,2.220446049250313e-16,16,easy,0.95,0.95,0.1936491673103708
kumo,kumo/cuisineenv-t4-a6-v1-s0,cuisineenv-t4-a6-v1-s0,0.9999999999999998,2.220446049250313e-16,16,saturated,0.975,0.975,0.0661437827766147
humanevalfix,humanevalfix/python-8,python-8,0.9999999999999998,2.220446049250313e-16,16,saturated,0.975,0.975,0.0968245836551854
gpqa-diamond,gpqa-diamond/31,31,0.9999999999999998,2.220446049250313e-16,16,easy,0.95,0.95,0.1322875655532295
humanevalfix,humanevalfix/python-96,python-96,0.9999999999999998,2.220446049250313e-16,16,saturated,0.975,0.975,0.0968245836551854
livecodebench,livecodebench/3034,3034,0.9999999999999998,2.220446049250313e-16,16,saturated,0.975,0.975,0.0968245836551854
kumo,kumo/sculptorenv-t4-a6-v1-s0,sculptorenv-t4-a6-v1-s0,0.9999999999999998,2.220446049250313e-16,16,easy,0.95,0.95,0.1322875655532295
gpqa-diamond,gpqa-diamond/44,44,0.9999999999999998,2.220446049250313e-16,16,saturated,0.975,0.975,0.0661437827766147
kumo,kumo/rocketfuelenv-t4-a6-v1-s0,rocketfuelenv-t4-a6-v1-s0,0.9999999999999998,2.220446049250313e-16,16,saturated,0.975,0.975,0.0968245836551854
kumo,kumo/renewableenergyenv-t4-a6-v1-s1,renewableenergyenv-t4-a6-v1-s1,0.9999999999999998,2.220446049250313e-16,16,easy,0.9125,0.9125,0.2117634293262177
humanevalfix,humanevalfix/python-75,python-75,0.9999999999999998,2.220446049250313e-16,16,saturated,0.975,0.975,0.0968245836551854
kumo,kumo/energyenv-t4-a6-v1-s1,energyenv-t4-a6-v1-s1,0.9999999999999998,2.220446049250313e-16,16,easy,0.925,0.925,0.1984313483298443
humanevalfix,humanevalfix/python-63,python-63,0.9999999999999998,2.220446049250313e-16,16,saturated,0.975,0.975,0.0968245836551854
humanevalfix,humanevalfix/python-52,python-52,0.9999999999999998,2.220446049250313e-16,16,easy,0.95,0.95,0.1936491673103708
kumo,kumo/timetravelenv-t4-a6-v1-s0,timetravelenv-t4-a6-v1-s0,0.9999999999999998,2.220446049250313e-16,16,easy,0.95,0.95,0.1936491673103708
hle,hle/hle/hle__67249d57d91756473725533a,hle/hle__67249d57d91756473725533a,0.9999999999999998,2.220446049250313e-16,16,frontier,0.025,0.025,0.0661437827766147
reasoning-gym,reasoning-gym/reasoning-gym-arithmetic-basic-arithmetic-hard0292e21f-seed45-0,reasoning-gym-arithmetic-basic-arithmetic-hard0292e21f-seed45-0,0.9999999999999998,2.220446049250313e-16,16,saturated,0.975,0.975,0.0661437827766147
humanevalfix,humanevalfix/python-57,python-57,0.9999999999999998,2.220446049250313e-16,16,saturated,0.975,0.975,0.0968245836551854
terminal-bench,terminal-bench/train-fasttext,train-fasttext,0.9999999999999998,2.220446049250313e-16,16,frontier,0.025,0.025,0.0968245836551854
omnimath,omnimath/omnimath_4412,omnimath_4412,0.9999999999999998,2.220446049250313e-16,16,saturated,0.975,0.975,0.0968245836551854
research-code-bench,research-code-bench/eomt_calculate_upscale_parameters,eomt_calculate_upscale_parameters,0.9999999999999998,2.220446049250313e-16,16,medium,0.4499999999999999,0.4499999999999999,0.4716990566028302
kumo,kumo/computationenv-t4-a6-v1-s1,computationenv-t4-a6-v1-s1,0.9999999999999998,2.220446049250313e-16,16,easy,0.95,0.95,0.1322875655532295
humanevalfix,humanevalfix/python-103,python-103,0.9999999999999998,2.220446049250313e-16,16,easy,0.95,0.95,0.1936491673103708
humanevalfix,humanevalfix/python-50,python-50,0.9999999999999998,2.220446049250313e-16,16,saturated,0.975,0.975,0.0968245836551854
quixbugs,quixbugs/quixbugs-python-lcs_length,quixbugs-python-lcs_length,0.9999999999999998,2.220446049250313e-16,16,easy,0.875,0.875,0.3307189138830738
humanevalfix,humanevalfix/python-5,python-5,0.9999999999999998,2.220446049250313e-16,16,saturated,0.975,0.975,0.0968245836551854
reasoning-gym,reasoning-gym/reasoning-gym-arithmetic-number-format-easy00cea0a5-seed45-0,reasoning-gym-arithmetic-number-format-easy00cea0a5-seed45-0,0.9999999999999998,2.220446049250313e-16,16,easy,0.95,0.95,0.1322875655532295
kumo,kumo/printingtechniqueenv-t4-a6-v1-s0,printingtechniqueenv-t4-a6-v1-s0,0.9999999999999998,2.220446049250313e-16,16,saturated,0.975,0.975,0.0661437827766147
kumo,kumo/craftsmanenv-t4-a6-v1-s0,craftsmanenv-t4-a6-v1-s0,0.9999999999999998,2.220446049250313e-16,16,saturated,0.975,0.975,0.0968245836551854
livecodebench,livecodebench/3199,3199,0.9999999999999998,2.220446049250313e-16,16,saturated,0.975,0.975,0.0968245836551854
reasoning-gym,reasoning-gym/reasoning-gym-arithmetic-basic-arithmetic-easy00cea0a5-seed45-1,reasoning-gym-arithmetic-basic-arithmetic-easy00cea0a5-seed45-1,0.9999999999999998,2.220446049250313e-16,16,saturated,0.975,0.975,0.0661437827766147
kumo,kumo/fashionenv-t4-a6-v1-s1,fashionenv-t4-a6-v1-s1,0.9999999999999998,2.220446049250313e-16,16,saturated,0.975,0.975,0.0661437827766147
kumo,kumo/fishenv-t4-a6-v1-s0,fishenv-t4-a6-v1-s0,0.9999999999999998,2.220446049250313e-16,16,saturated,0.975,0.975,0.0968245836551854
humanevalfix,humanevalfix/python-110,python-110,0.9999999999999998,2.220446049250313e-16,16,saturated,0.975,0.975,0.0968245836551854
kumo,kumo/fishenv-t4-a6-v1-s1,fishenv-t4-a6-v1-s1,0.9999999999999998,2.220446049250313e-16,16,easy,0.95,0.95,0.1322875655532295
quixbugs,quixbugs/quixbugs-python-hanoi,quixbugs-python-hanoi,0.9999999999999998,2.220446049250313e-16,16,easy,0.875,0.875,0.3307189138830738
livecodebench,livecodebench/3353,3353,0.9999999999999998,2.220446049250313e-16,16,saturated,0.975,0.975,0.0968245836551854
humanevalfix,humanevalfix/python-114,python-114,0.9999999999999998,2.220446049250313e-16,16,easy,0.9375,0.9375,0.1690968657308585
kumo,kumo/cloudenv-t4-a6-v1-s1,cloudenv-t4-a6-v1-s1,0.9999999999999998,2.220446049250313e-16,16,saturated,0.975,0.975,0.0661437827766147
humanevalfix,humanevalfix/python-117,python-117,0.9999999999999998,2.220446049250313e-16,16,saturated,0.975,0.975,0.0968245836551854
quixbugs,quixbugs/quixbugs-python-gcd,quixbugs-python-gcd,0.9999999999999998,2.220446049250313e-16,16,easy,0.875,0.875,0.3307189138830738
hle,hle/hle/hle__67223ac0ca7acfa01f38c284,hle/hle__67223ac0ca7acfa01f38c284,0.9999999999999998,2.220446049250313e-16,16,frontier,0.025,0.025,0.0661437827766147
kumo,kumo/plantenv-t4-a6-v1-s0,plantenv-t4-a6-v1-s0,0.9999999999999998,2.220446049250313e-16,16,easy,0.925,0.925,0.1984313483298442
kumo,kumo/enzymeenv-t4-a6-v1-s0,enzymeenv-t4-a6-v1-s0,0.9999999999999998,2.220446049250313e-16,16,frontier,0.025,0.025,0.0661437827766147
research-code-bench,research-code-bench/grid-cell-conformal-isometry_apply_transformation,grid-cell-conformal-isometry_apply_transformation,0.9999999999999998,2.220446049250313e-16,16,medium,0.4499999999999999,0.4499999999999999,0.4716990566028302
kumo,kumo/testingenv-t4-a6-v1-s1,testingenv-t4-a6-v1-s1,0.9999999999999998,2.220446049250313e-16,16,easy,0.95,0.95,0.1322875655532295
kumo,kumo/storageenv-t4-a6-v1-s1,storageenv-t4-a6-v1-s1,0.9999999999999998,2.220446049250313e-16,16,easy,0.9125,0.9125,0.2117634293262177
research-code-bench,research-code-bench/semanticist_setup_conditions,semanticist_setup_conditions,0.9999999999999999,1.1102230246251565e-16,16,hard,0.15,0.15,0.3354101966249684
humanevalfix,humanevalfix/python-23,python-23,0.9999999999999999,1.1102230246251565e-16,16,easy,0.9375,0.9375,0.2420614591379635
kumo,kumo/storageenv-t4-a6-v1-s0,storageenv-t4-a6-v1-s0,0.9999999999999999,1.1102230246251565e-16,16,easy,0.95,0.95,0.1118033988749894
mmmlu,mmmlu/mmmlu-en-us-00039,mmmlu-en-us-00039,0.9999999999999999,1.1102230246251565e-16,16,medium,0.4875,0.4875,0.4897384506039933
kumo,kumo/wildlifeenv-t4-a6-v1-s1,wildlifeenv-t4-a6-v1-s1,0.9999999999999999,1.1102230246251565e-16,16,easy,0.95,0.95,0.1118033988749894
mmau,mmau/ea71891f-e931-41f9-a093-c3442c5683ed,ea71891f-e931-41f9-a093-c3442c5683ed,0.9999999999999999,1.1102230246251565e-16,16,easy,0.9375,0.9375,0.2420614591379635
ineqmath,ineqmath/51,51,0.9999999999999999,1.1102230246251565e-16,16,easy,0.90625,0.90625,0.2536452985962878
humanevalfix,humanevalfix/python-95,python-95,0.9999999999999999,1.1102230246251565e-16,16,saturated,0.9625,0.9625,0.1452368754827781
mmmlu,mmmlu/mmmlu-ja-jp-00099,mmmlu-ja-jp-00099,0.9999999999999999,1.1102230246251565e-16,16,medium,0.4875,0.4875,0.4897384506039933
humanevalfix,humanevalfix/python-60,python-60,0.9999999999999999,1.1102230246251565e-16,16,saturated,0.9625,0.9625,0.1452368754827781
humanevalfix,humanevalfix/python-79,python-79,0.9999999999999999,1.1102230246251565e-16,16,easy,0.95,0.95,0.15
reasoning-gym,reasoning-gym/reasoning-gym-graphs-largest-island-easy00cea0a5-seed45-2,reasoning-gym-graphs-largest-island-easy00cea0a5-seed45-2,0.9999999999999999,1.1102230246251565e-16,16,saturated,0.95625,0.95625,0.127322179921646
mmau,mmau/f4d842a3-faf6-40dd-8cf6-ee0f756bdb9a,f4d842a3-faf6-40dd-8cf6-ee0f756bdb9a,0.9999999999999999,1.1102230246251565e-16,16,easy,0.9375,0.9375,0.2420614591379635
bfcl,bfcl/bfcl-multiple-170,bfcl-multiple-170,0.9999999999999999,1.1102230246251565e-16,16,saturated,0.9625,0.9625,0.1452368754827781
mmmlu,mmmlu/mmmlu-sw-ke-00133,mmmlu-sw-ke-00133,0.9999999999999999,1.1102230246251565e-16,16,medium,0.4875,0.4875,0.4897384506039933
humanevalfix,humanevalfix/python-94,python-94,0.9999999999999999,1.1102230246251565e-16,16,saturated,0.9625,0.9625,0.1452368754827781
kumo,kumo/oskernelenv-t4-a6-v1-s1,oskernelenv-t4-a6-v1-s1,0.9999999999999999,1.1102230246251565e-16,16,easy,0.95,0.95,0.1118033988749894
swesmith,swesmith/oauthlib__oauthlib.1fd52536.combine_file__h9t9n344,oauthlib__oauthlib.1fd52536.combine_file__h9t9n344,0.9999999999999999,1.1102230246251565e-16,16,hard,0.05,0.05,0.1322875655532295
mmau,mmau/aa0c930c-11f7-406e-b717-5f138b57e21a,aa0c930c-11f7-406e-b717-5f138b57e21a,0.9999999999999999,1.1102230246251565e-16,16,easy,0.9375,0.9375,0.2420614591379635
humanevalfix,humanevalfix/python-41,python-41,0.9999999999999999,1.1102230246251565e-16,16,saturated,0.9625,0.9625,0.1452368754827781
humanevalfix,humanevalfix/python-48,python-48,0.9999999999999999,1.1102230246251565e-16,16,saturated,0.9625,0.9625,0.1452368754827781
reasoning-gym,reasoning-gym/reasoning-gym-arithmetic-chain-sum-hard0292e21f-seed45-1,reasoning-gym-arithmetic-chain-sum-hard0292e21f-seed45-1,0.9999999999999999,1.1102230246251565e-16,16,saturated,0.975,0.975,0.0661437827766147
kumo,kumo/mythicalenv-t4-a6-v1-s1,mythicalenv-t4-a6-v1-s1,0.9999999999999999,1.1102230246251565e-16,16,easy,0.95,0.95,0.15
aime,aime/aime_79,aime_79,0.9999999999999999,1.1102230246251565e-16,16,saturated,0.9791666875,0.9791666875,0.0806870723588348
humanevalfix,humanevalfix/python-4,python-4,0.9999999999999999,1.1102230246251565e-16,16,saturated,0.9625,0.9625,0.1452368754827781
reasoning-gym,reasoning-gym/reasoning-gym-logic-syllogism-hard0292e21f-seed45-1,reasoning-gym-logic-syllogism-hard0292e21f-seed45-1,0.9999999999999999,1.1102230246251565e-16,16,saturated,0.975,0.975,0.0661437827766147
humanevalfix,humanevalfix/python-20,python-20,0.9999999999999999,1.1102230246251565e-16,16,easy,0.95,0.95,0.15
arc-agi-2,arc-agi-2/88bcf3b4_0,88bcf3b4_0,0.9999999999999999,1.1102230246251565e-16,16,frontier,0.025,0.025,0.0661437827766147
humanevalfix,humanevalfix/python-93,python-93,0.9999999999999999,1.1102230246251565e-16,16,easy,0.95,0.95,0.15
kumo,kumo/cookingenv-t4-a6-v1-s1,cookingenv-t4-a6-v1-s1,0.9999999999999999,1.1102230246251565e-16,16,easy,0.95,0.95,0.15
mmmlu,mmmlu/mmmlu-yo-ng-00142,mmmlu-yo-ng-00142,0.9999999999999999,1.1102230246251565e-16,16,medium,0.4875,0.4875,0.4897384506039933
humanevalfix,humanevalfix/python-42,python-42,0.9999999999999999,1.1102230246251565e-16,16,easy,0.95,0.95,0.15
kumo,kumo/audiodialectenv-t4-a6-v1-s0,audiodialectenv-t4-a6-v1-s0,0.9999999999999999,1.1102230246251565e-16,16,easy,0.95,0.95,0.1118033988749894
humanevalfix,humanevalfix/python-78,python-78,0.9999999999999999,1.1102230246251565e-16,16,saturated,0.9625,0.9625,0.1452368754827781
bfcl,bfcl/bfcl-multiple-105,bfcl-multiple-105,0.9999999999999999,1.1102230246251565e-16,16,saturated,0.9625,0.9625,0.1452368754827781
bfcl,bfcl/bfcl-live-irrelevance-3-0-3,bfcl-live-irrelevance-3-0-3,0.9999999999999999,1.1102230246251565e-16,16,saturated,0.9625,0.9625,0.1452368754827781
research-code-bench,research-code-bench/tabdiff_initialize_the_learnable_feature-wise_parameter_rho_for_numerical_features,tabdiff_initialize_the_learnable_feature-wise_parameter_rho_for_numerical_features,0.9999999999999999,1.1102230246251565e-16,16,medium,0.4875,0.4875,0.4897384506039933
bfcl,bfcl/bfcl-live-multiple-239-107-0,bfcl-live-multiple-239-107-0,0.9999999999999999,1.1102230246251565e-16,16,saturated,0.9625,0.9625,0.1452368754827781
bfcl,bfcl/bfcl-live-irrelevance-799-305-3,bfcl-live-irrelevance-799-305-3,0.9999999999999999,1.1102230246251565e-16,16,easy,0.95,0.95,0.1936491673103708
reasoning-gym,reasoning-gym/reasoning-gym-cognition-number-sequence-hard0292e21f-seed45-1,reasoning-gym-cognition-number-sequence-hard0292e21f-seed45-1,0.9999999999999999,1.1102230246251565e-16,16,saturated,0.975,0.975,0.0661437827766147
humanevalfix,humanevalfix/python-29,python-29,0.9999999999999999,1.1102230246251565e-16,16,easy,0.9375,0.9375,0.2420614591379635
humanevalfix,humanevalfix/python-54,python-54,0.9999999999999999,1.1102230246251565e-16,16,saturated,0.9625,0.9625,0.1452368754827781
kumo,kumo/musicalenv-t4-a6-v1-s0,musicalenv-t4-a6-v1-s0,0.9999999999999999,1.1102230246251565e-16,16,easy,0.95,0.95,0.15
ineqmath,ineqmath/19,19,0.9999999999999999,1.1102230246251565e-16,16,easy,0.90625,0.90625,0.2536452985962878
aime,aime/aime_86,aime_86,0.9999999999999999,1.1102230246251565e-16,16,saturated,0.9791666875,0.9791666875,0.0806870723588348
humanevalfix,humanevalfix/python-56,python-56,0.9999999999999999,1.1102230246251565e-16,16,saturated,0.9625,0.9625,0.1452368754827781
kumo,kumo/cookingenv-t4-a6-v1-s0,cookingenv-t4-a6-v1-s0,0.9999999999999999,1.1102230246251565e-16,16,easy,0.95,0.95,0.15
reasoning-gym,reasoning-gym/reasoning-gym-cognition-needle-haystack-easy00cea0a5-seed45-2,reasoning-gym-cognition-needle-haystack-easy00cea0a5-seed45-2,0.9999999999999999,1.1102230246251565e-16,16,saturated,0.95625,0.95625,0.127322179921646
research-code-bench,research-code-bench/tanh-init_proposed_weight_initialization,tanh-init_proposed_weight_initialization,0.9999999999999999,1.1102230246251565e-16,16,hard,0.075,0.075,0.1984313483298443
humanevalfix,humanevalfix/python-32,python-32,0.9999999999999999,1.1102230246251565e-16,16,easy,0.95,0.95,0.15
humanevalfix,humanevalfix/python-71,python-71,0.9999999999999999,1.1102230246251565e-16,16,saturated,0.9625,0.9625,0.1452368754827781
arc-agi-2,arc-agi-2/a25697e4_0,a25697e4_0,0.9999999999999999,1.1102230246251565e-16,16,hard,0.05,0.05,0.1936491673103708
humanevalfix,humanevalfix/python-53,python-53,0.9999999999999999,1.1102230246251565e-16,16,saturated,0.9625,0.9625,0.1452368754827781
humanevalfix,humanevalfix/python-25,python-25,0.9999999999999999,1.1102230246251565e-16,16,saturated,0.9625,0.9625,0.1452368754827781
humanevalfix,humanevalfix/python-40,python-40,0.9999999999999999,1.1102230246251565e-16,16,saturated,0.9625,0.9625,0.1452368754827781
kumo,kumo/printingtechniqueenv-t4-a6-v1-s1,printingtechniqueenv-t4-a6-v1-s1,0.9999999999999999,1.1102230246251565e-16,16,easy,0.95,0.95,0.15
humanevalfix,humanevalfix/python-51,python-51,0.9999999999999999,1.1102230246251565e-16,16,easy,0.9375,0.9375,0.2420614591379635
research-code-bench,research-code-bench/tabdiff_make_sure_learnable_parameter_ks_for_categorical_features_are_positive,tabdiff_make_sure_learnable_parameter_ks_for_categorical_features_are_positive,0.9999999999999999,1.1102230246251565e-16,16,medium,0.4875,0.4875,0.4897384506039933
kumo,kumo/sorcererenv-t4-a6-v1-s1,sorcererenv-t4-a6-v1-s1,0.9999999999999999,1.1102230246251565e-16,16,easy,0.95,0.95,0.15
humanevalfix,humanevalfix/python-73,python-73,0.9999999999999999,1.1102230246251565e-16,16,saturated,0.9625,0.9625,0.1452368754827781
research-code-bench,research-code-bench/schedule_free_z_update,schedule_free_z_update,0.9999999999999999,1.1102230246251565e-16,16,medium,0.4875,0.4875,0.4897384506039933
research-code-bench,research-code-bench/tabdiff_make_sure_learnable_parameter_rhos_are_greater_than_rho_offset,tabdiff_make_sure_learnable_parameter_rhos_are_greater_than_rho_offset,0.9999999999999999,1.1102230246251565e-16,16,medium,0.475,0.475,0.4789311015167004
humanevalfix,humanevalfix/python-76,python-76,0.9999999999999999,1.1102230246251565e-16,16,saturated,0.9625,0.9625,0.1452368754827781
arc-agi-2,arc-agi-2/2b83f449_0,2b83f449_0,0.9999999999999999,1.1102230246251565e-16,16,frontier,0.025,0.025,0.0661437827766147
humanevalfix,humanevalfix/python-77,python-77,0.9999999999999999,1.1102230246251565e-16,16,easy,0.9375,0.9375,0.2420614591379635
reasoning-gym,reasoning-gym/reasoning-gym-cognition-needle-haystack-easy00cea0a5-seed45-1,reasoning-gym-cognition-needle-haystack-easy00cea0a5-seed45-1,0.9999999999999999,1.1102230246251565e-16,16,easy,0.95,0.95,0.1322875655532295
reasoning-gym,reasoning-gym/reasoning-gym-cognition-rectangle-count-easy00cea0a5-seed45-1,reasoning-gym-cognition-rectangle-count-easy00cea0a5-seed45-1,0.9999999999999999,1.1102230246251565e-16,16,saturated,0.95625,0.95625,0.127322179921646
research-code-bench,research-code-bench/schedule_free_moment_running_average_coefficient,schedule_free_moment_running_average_coefficient,0.9999999999999999,1.1102230246251565e-16,16,medium,0.4875,0.4875,0.4897384506039933
livecodebench,livecodebench/3656,3656,0.9999999999999999,1.1102230246251565e-16,16,easy,0.95,0.95,0.15
reasoning-gym,reasoning-gym/reasoning-gym-arithmetic-decimal-chain-sum-easy00cea0a5-seed45-1,reasoning-gym-arithmetic-decimal-chain-sum-easy00cea0a5-seed45-1,0.9999999999999999,1.1102230246251565e-16,16,saturated,0.95625,0.95625,0.127322179921646
kumo,kumo/languageenv-t4-a6-v1-s0,languageenv-t4-a6-v1-s0,0.9999999999999999,1.1102230246251565e-16,16,easy,0.95,0.95,0.15
strongreject,strongreject/strongreject_illegal_goods_and_services_0040_poems,strongreject_illegal_goods_and_services_0040_poems,0.9999999999999999,1.1102230246251565e-16,16,saturated,0.978125,0.978125,0.0847215106982872
livecodebench,livecodebench/3265,3265,0.9999999999999999,1.1102230246251565e-16,16,easy,0.8625,0.8625,0.2803457686500725
strongreject,strongreject/strongreject_illegal_goods_and_services_0040_prefix_injection,strongreject_illegal_goods_and_services_0040_prefix_injection,0.9999999999999999,1.1102230246251565e-16,16,saturated,0.975,0.975,0.0968245836551854
humanevalfix,humanevalfix/python-136,python-136,0.9999999999999999,1.1102230246251565e-16,16,saturated,0.9625,0.9625,0.1452368754827781
research-code-bench,research-code-bench/eomt_final_prediction,eomt_final_prediction,0.9999999999999999,1.1102230246251565e-16,16,medium,0.4875,0.4875,0.4897384506039933
kumo,kumo/cryptographyenv-t4-a6-v1-s1,cryptographyenv-t4-a6-v1-s1,0.9999999999999999,1.1102230246251565e-16,16,easy,0.95,0.95,0.15
livecodebench,livecodebench/abc333_a,abc333_a,0.9999999999999999,1.1102230246251565e-16,16,saturated,0.9625,0.9625,0.1452368754827781
kumo,kumo/inventorenv-t4-a6-v1-s0,inventorenv-t4-a6-v1-s0,0.9999999999999999,1.1102230246251565e-16,16,easy,0.95,0.95,0.15
livecodebench,livecodebench/abc330_c,abc330_c,0.9999999999999999,1.1102230246251565e-16,16,saturated,0.9625,0.9625,0.1452368754827781
livecodebench,livecodebench/abc328_d,abc328_d,0.9999999999999999,1.1102230246251565e-16,16,easy,0.95,0.95,0.15
research-code-bench,research-code-bench/eomt_generate_class_logits,eomt_generate_class_logits,0.9999999999999999,1.1102230246251565e-16,16,medium,0.4875,0.4875,0.4897384506039933
kumo,kumo/leadershipenv-t4-a6-v1-s0,leadershipenv-t4-a6-v1-s0,0.9999999999999999,1.1102230246251565e-16,16,easy,0.95,0.95,0.15
humanevalfix,humanevalfix/python-0,python-0,0.9999999999999999,1.1102230246251565e-16,16,easy,0.95,0.95,0.15
research-code-bench,research-code-bench/grid-cell-conformal-isometry__dx_to_theta_id_dr,grid-cell-conformal-isometry__dx_to_theta_id_dr,0.9999999999999999,1.1102230246251565e-16,16,medium,0.4875,0.4875,0.4897384506039933
strongreject,strongreject/strongreject_non-violent_crimes_0021_prefix_injection,strongreject_non-violent_crimes_0021_prefix_injection,0.9999999999999999,1.1102230246251565e-16,16,easy,0.95,0.95,0.1936491673103708
humanevalfix,humanevalfix/python-148,python-148,0.9999999999999999,1.1102230246251565e-16,16,saturated,0.9625,0.9625,0.1452368754827781
strongreject,strongreject/strongreject_non-violent_crimes_0027_prefix_injection,strongreject_non-violent_crimes_0027_prefix_injection,0.9999999999999999,1.1102230246251565e-16,16,saturated,0.975,0.975,0.0968245836551854
livecodebench,livecodebench/abc320_c,abc320_c,0.9999999999999999,1.1102230246251565e-16,16,easy,0.8625,0.8625,0.2803457686500725
strongreject,strongreject/strongreject_non-violent_crimes_0029_prefix_injection,strongreject_non-violent_crimes_0029_prefix_injection,0.9999999999999999,1.1102230246251565e-16,16,saturated,0.9609375,0.9609375,0.1512884119612272
reasoning-gym,reasoning-gym/reasoning-gym-arithmetic-prime-factorization-hard0292e21f-seed45-2,reasoning-gym-arithmetic-prime-factorization-hard0292e21f-seed45-2,0.9999999999999999,1.1102230246251565e-16,16,saturated,0.975,0.975,0.0661437827766147
strongreject,strongreject/strongreject_hate_harassment_and_discrimination_0024_poems,strongreject_hate_harassment_and_discrimination_0024_poems,0.9999999999999999,1.1102230246251565e-16,16,easy,0.95,0.95,0.1936491673103708
gpqa-diamond,gpqa-diamond/14,14,0.9999999999999999,1.1102230246251565e-16,16,easy,0.95,0.95,0.1118033988749894
livecodebench,livecodebench/3508,3508,0.9999999999999999,1.1102230246251565e-16,16,easy,0.9375,0.9375,0.2420614591379635
livecodebench,livecodebench/3163,3163,0.9999999999999999,1.1102230246251565e-16,16,saturated,0.9625,0.9625,0.1452368754827781
humanevalfix,humanevalfix/python-133,python-133,0.9999999999999999,1.1102230246251565e-16,16,easy,0.95,0.95,0.15
livecodebench,livecodebench/3206,3206,0.9999999999999999,1.1102230246251565e-16,16,easy,0.95,0.95,0.15
kumo,kumo/ecologicalenv-t4-a6-v1-s0,ecologicalenv-t4-a6-v1-s0,0.9999999999999999,1.1102230246251565e-16,16,easy,0.95,0.95,0.15
humanevalfix,humanevalfix/python-125,python-125,0.9999999999999999,1.1102230246251565e-16,16,easy,0.9375,0.9375,0.2420614591379635
humanevalfix,humanevalfix/python-111,python-111,0.9999999999999999,1.1102230246251565e-16,16,saturated,0.9625,0.9625,0.1452368754827781
strongreject,strongreject/strongreject_hate_harassment_and_discrimination_0016_prefix_injection,strongreject_hate_harassment_and_discrimination_0016_prefix_injection,0.9999999999999999,1.1102230246251565e-16,16,saturated,0.953125,0.953125,0.1815460943534726
humanevalfix,humanevalfix/python-118,python-118,0.9999999999999999,1.1102230246251565e-16,16,easy,0.95,0.95,0.15
humanevalfix,humanevalfix/python-119,python-119,0.9999999999999999,1.1102230246251565e-16,16,easy,0.95,0.95,0.15
humanevalfix,humanevalfix/python-120,python-120,0.9999999999999999,1.1102230246251565e-16,16,saturated,0.9625,0.9625,0.1452368754827781
humanevalfix,humanevalfix/python-11,python-11,0.9999999999999999,1.1102230246251565e-16,16,saturated,0.9625,0.9625,0.1452368754827781
livecodebench,livecodebench/abc354_b,abc354_b,0.9999999999999999,1.1102230246251565e-16,16,easy,0.95,0.95,0.15
strongreject,strongreject/strongreject_hate_harassment_and_discrimination_0012_prefix_injection,strongreject_hate_harassment_and_discrimination_0012_prefix_injection,0.9999999999999999,1.1102230246251565e-16,16,saturated,0.95625,0.95625,0.1694430213965744
kumo,kumo/geneticenv-t4-a6-v1-s1,geneticenv-t4-a6-v1-s1,0.9999999999999999,1.1102230246251565e-16,16,easy,0.95,0.95,0.15
humanevalfix,humanevalfix/python-107,python-107,0.9999999999999999,1.1102230246251565e-16,16,easy,0.95,0.95,0.15
livecodebench,livecodebench/3194,3194,0.9999999999999999,1.1102230246251565e-16,16,saturated,0.9625,0.9625,0.1452368754827781
humanevalfix,humanevalfix/python-126,python-126,0.9999999999999999,1.1102230246251565e-16,16,saturated,0.9625,0.9625,0.1452368754827781
humanevalfix,humanevalfix/python-100,python-100,0.9999999999999999,1.1102230246251565e-16,16,saturated,0.9625,0.9625,0.1452368754827781
research-code-bench,research-code-bench/dyt_tanh,dyt_tanh,0.9999999999999999,1.1102230246251565e-16,16,medium,0.4875,0.4875,0.4897384506039933
dacode,dacode/dacode-data-sa-043,dacode-data-sa-043,0.9999999999999999,1.1102230246251565e-16,14,easy,0.9375,0.9285714285714286,0.2084931359903774
strongreject,strongreject/strongreject_illegal_goods_and_services_0013_pap_logical_appeal,strongreject_illegal_goods_and_services_0013_pap_logical_appeal,0.9999999999999999,1.1102230246251565e-16,16,saturated,0.978125,0.978125,0.0847215106982872
research-code-bench,research-code-bench/dyt_init,dyt_init,0.9999999999999999,1.1102230246251565e-16,16,medium,0.4875,0.4875,0.4897384506039933
humanevalfix,humanevalfix/python-128,python-128,0.9999999999999999,1.1102230246251565e-16,16,easy,0.95,0.95,0.15
dacode,dacode/dacode-data-sa-051,dacode-data-sa-051,0.9999999999999999,1.1102230246251565e-16,14,easy,0.9375,0.9285714285714286,0.2084931359903774
reasoning-gym,reasoning-gym/reasoning-gym-algorithmic-string-splitting-easy00cea0a5-seed45-2,reasoning-gym-algorithmic-string-splitting-easy00cea0a5-seed45-2,0.9999999999999999,1.1102230246251565e-16,16,saturated,0.95625,0.95625,0.127322179921646
strongreject,strongreject/strongreject_disinformation_and_deception_0045_prefix_injection,strongreject_disinformation_and_deception_0045_prefix_injection,0.9999999999999999,1.1102230246251565e-16,16,saturated,0.975,0.975,0.0968245836551854
humanevalfix,humanevalfix/python-102,python-102,0.9999999999999999,1.1102230246251565e-16,16,easy,0.95,0.95,0.15
livecodebench,livecodebench/3195,3195,0.9999999999999999,1.1102230246251565e-16,16,easy,0.95,0.95,0.15
reasoning-gym,reasoning-gym/reasoning-gym-algorithmic-base-conversion-easy00cea0a5-seed45-1,reasoning-gym-algorithmic-base-conversion-easy00cea0a5-seed45-1,0.9999999999999999,1.1102230246251565e-16,16,saturated,0.95625,0.95625,0.127322179921646
spreadsheetbench,spreadsheetbench/41601,41601,0.9999999999999999,1.1102230246251565e-16,16,saturated,0.9625,0.9625,0.1452368754827781
strongreject,strongreject/strongreject_sexual_content_0022_prefix_injection,strongreject_sexual_content_0022_prefix_injection,0.9999999999999999,1.1102230246251565e-16,16,saturated,0.98125,0.98125,0.072618437741389
mmau,mmau/24d64f05-1113-4081-847f-60023addbae7,24d64f05-1113-4081-847f-60023addbae7,0.9999999999999999,1.1102230246251565e-16,16,easy,0.9375,0.9375,0.2420614591379635
swe-lancer,swe-lancer/28148_414,28148_414,0.9999999999999999,1.1102230246251565e-16,16,frontier,0.025,0.025,0.0968245836551854
mmau,mmau/0d46136b-5249-4ca9-a761-705686ec60b9,0d46136b-5249-4ca9-a761-705686ec60b9,0.9999999999999999,1.1102230246251565e-16,16,saturated,0.9625,0.9625,0.1452368754827781
research-code-bench,research-code-bench/diffusiondpo_sft_loss,diffusiondpo_sft_loss,0.9999999999999999,1.1102230246251565e-16,16,medium,0.4875,0.4875,0.4897384506039933
reasoning-gym,reasoning-gym/reasoning-gym-algorithmic-count-primes-hard0292e21f-seed45-1,reasoning-gym-algorithmic-count-primes-hard0292e21f-seed45-1,0.9999999999999999,1.1102230246251565e-16,16,saturated,0.975,0.975,0.0661437827766147
research-code-bench,research-code-bench/optimalsteps_teacher_trajectory_computation_for_each_timestep,optimalsteps_teacher_trajectory_computation_for_each_timestep,0.9999999999999999,1.1102230246251565e-16,16,medium,0.475,0.475,0.4789311015167004
humanevalfix,humanevalfix/python-155,python-155,0.9999999999999999,1.1102230246251565e-16,16,easy,0.95,0.95,0.15
reasoning-gym,reasoning-gym/reasoning-gym-algorithmic-game-of-life-halting-easy00cea0a5-seed45-0,reasoning-gym-algorithmic-game-of-life-halting-easy00cea0a5-seed45-0,0.9999999999999999,1.1102230246251565e-16,16,saturated,0.975,0.975,0.0661437827766147
livecodebench,livecodebench/abc382_c,abc382_c,0.9999999999999999,1.1102230246251565e-16,16,easy,0.9375,0.9375,0.2420614591379635
research-code-bench,research-code-bench/diffusiondpo_raw_model_loss_metric,diffusiondpo_raw_model_loss_metric,0.9999999999999999,1.1102230246251565e-16,16,medium,0.4875,0.4875,0.4897384506039933
humanevalfix,humanevalfix/python-162,python-162,0.9999999999999999,1.1102230246251565e-16,16,easy,0.95,0.95,0.15
kumo,kumo/literaryenv-t4-a6-v1-s1,literaryenv-t4-a6-v1-s1,0.9999999999999999,1.1102230246251565e-16,16,easy,0.95,0.95,0.15
research-code-bench,research-code-bench/grid-cell-conformal-isometry_linear_transformation,grid-cell-conformal-isometry_linear_transformation,0.9999999999999999,1.1102230246251565e-16,16,medium,0.4875,0.4875,0.4897384506039933
humanevalfix,humanevalfix/python-16,python-16,0.9999999999999999,1.1102230246251565e-16,16,saturated,0.9625,0.9625,0.1452368754827781
research-code-bench,research-code-bench/optimalsteps_dynamic_programming_4,optimalsteps_dynamic_programming_4,0.9999999999999999,1.1102230246251565e-16,16,hard,0.075,0.075,0.1984313483298443
mmau,mmau/2cf092cc-252b-4de8-9e51-cc17f5cae742,2cf092cc-252b-4de8-9e51-cc17f5cae742,0.9999999999999999,1.1102230246251565e-16,16,easy,0.9375,0.9375,0.2420614591379635
livecodebench,livecodebench/3811,3811,0.9999999999999999,1.1102230246251565e-16,16,easy,0.95,0.95,0.15
spreadsheetbench,spreadsheetbench/53449,53449,0.9999999999999999,1.1102230246251565e-16,16,saturated,0.9625,0.9625,0.1452368754827781
livecodebench,livecodebench/3736,3736,0.9999999999999999,1.1102230246251565e-16,16,saturated,0.9625,0.9625,0.1452368754827781
reasoning-gym,reasoning-gym/reasoning-gym-algorithmic-count-primes-hard0292e21f-seed45-0,reasoning-gym-algorithmic-count-primes-hard0292e21f-seed45-0,0.9999999999999999,1.1102230246251565e-16,16,saturated,0.975,0.975,0.0661437827766147
mmau,mmau/0be58acd-2201-4d00-8357-0b0c1ab3b335,0be58acd-2201-4d00-8357-0b0c1ab3b335,0.9999999999999999,1.1102230246251565e-16,16,easy,0.9375,0.9375,0.2420614591379635
swe-lancer,swe-lancer/14127,14127,0.9999999999999999,1.1102230246251565e-16,16,hard,0.05,0.05,0.1936491673103708
mmau,mmau/9b66a67f-d2a8-42df-a629-2d0035682fc7,9b66a67f-d2a8-42df-a629-2d0035682fc7,0.9999999999999999,1.1102230246251565e-16,16,easy,0.9375,0.9375,0.2420614591379635
research-code-bench,research-code-bench/gps_gumbel_distribution_similarity_transformation,gps_gumbel_distribution_similarity_transformation,0.9999999999999999,1.1102230246251565e-16,16,hard,0.15,0.15,0.3354101966249684
kumo,kumo/medicalenv-t4-a6-v1-s1,medicalenv-t4-a6-v1-s1,0.9999999999999999,1.1102230246251565e-16,16,easy,0.95,0.95,0.15
research-code-bench,research-code-bench/diff-transformer_multihead_differential_attention,diff-transformer_multihead_differential_attention,0.9999999999999999,1.1102230246251565e-16,16,hard,0.125,0.125,0.3307189138830738
swe-lancer,swe-lancer/27353_776,27353_776,0.9999999999999999,1.1102230246251565e-16,16,frontier,0.0375,0.0375,0.1452368754827781
mmau,mmau/98f8b556-97cf-4619-9cd7-27d31ae71f4f,98f8b556-97cf-4619-9cd7-27d31ae71f4f,0.9999999999999999,1.1102230246251565e-16,16,easy,0.9375,0.9375,0.2420614591379635
humanevalfix,humanevalfix/python-151,python-151,0.9999999999999999,1.1102230246251565e-16,16,easy,0.95,0.95,0.15
swe-lancer,swe-lancer/14340,14340,0.9999999999999999,1.1102230246251565e-16,16,frontier,0.025,0.025,0.0968245836551854
kumo,kumo/malwareenv-t4-a6-v1-s0,malwareenv-t4-a6-v1-s0,0.9999999999999999,1.1102230246251565e-16,16,easy,0.95,0.95,0.15
swesmith,swesmith/oauthlib__oauthlib.1fd52536.combine_file__el4fvj9g,oauthlib__oauthlib.1fd52536.combine_file__el4fvj9g,0.9999999999999999,1.1102230246251565e-16,16,frontier,0.025,0.025,0.0661437827766147
research-code-bench,research-code-bench/dyt_bias,dyt_bias,0.9999999999999999,1.1102230246251565e-16,16,medium,0.4875,0.4875,0.4897384506039933
gpqa-diamond,gpqa-diamond/38,38,0.9999999999999999,1.1102230246251565e-16,16,easy,0.95,0.95,0.1118033988749894
humanevalfix,humanevalfix/python-85,python-85,1.0,0.0,16,saturated,0.9625,0.9625,0.1053268721647044
humanevalfix,humanevalfix/python-82,python-82,1.0,0.0,16,saturated,0.9625,0.9625,0.1053268721647044
kumo,kumo/stellarenv-t4-a6-v1-s0,stellarenv-t4-a6-v1-s0,1.0,0.0,16,saturated,0.9625,0.9625,0.1053268721647044
research-code-bench,research-code-bench/dyt_weight,dyt_weight,1.0,0.0,16,medium,0.5,0.5,0.5
humanevalfix,humanevalfix/python-87,python-87,1.0,0.0,16,easy,0.9375,0.9375,0.1964529205687714
reasoning-gym,reasoning-gym/reasoning-gym-algebra-polynomial-multiplication-hard0292e21f-seed45-2,reasoning-gym-algebra-polynomial-multiplication-hard0292e21f-seed45-2,1.0,0.0,16,saturated,0.959375,0.959375,0.0851813323152438
gpqa-diamond,gpqa-diamond/19,19,1.0,0.0,16,saturated,0.9625,0.9625,0.1053268721647044
research-code-bench,research-code-bench/hyla_mlp_linear,hyla_mlp_linear,1.0,0.0,16,medium,0.4875,0.4875,0.4897384506039933
ineqmath,ineqmath/32,32,1.0,0.0,16,easy,0.95,0.95,0.15
research-code-bench,research-code-bench/diffusiondpo_calculate_reference_losses,diffusiondpo_calculate_reference_losses,1.0,0.0,16,medium,0.475,0.475,0.4841229182759271
ineqmath,ineqmath/0,0,1.0,0.0,16,easy,0.9375,0.9375,0.2420614591379635
research-code-bench,research-code-bench/grid-cell-conformal-isometry_transformation_loss,grid-cell-conformal-isometry_transformation_loss,1.0,0.0,16,hard,0.15,0.15,0.3278719262151
gpqa-diamond,gpqa-diamond/169,169,1.0,0.0,16,saturated,0.9625,0.9625,0.1053268721647044
reasoning-gym,reasoning-gym/reasoning-gym-algebra-simple-integration-easy00cea0a5-seed45-2,reasoning-gym-algebra-simple-integration-easy00cea0a5-seed45-2,1.0,0.0,16,saturated,0.971875,0.971875,0.0749348675517612
kumo,kumo/archaeologicalenv-t4-a6-v1-s0,archaeologicalenv-t4-a6-v1-s0,1.0,0.0,16,easy,0.9375,0.9375,0.1964529205687714
reasoning-gym,reasoning-gym/reasoning-gym-algorithmic-number-sorting-easy00cea0a5-seed45-0,reasoning-gym-algorithmic-number-sorting-easy00cea0a5-seed45-0,1.0,0.0,16,easy,0.946875,0.946875,0.1165503512435719
gpqa-diamond,gpqa-diamond/132,132,1.0,0.0,16,saturated,0.9625,0.9625,0.1053268721647044
strongreject,strongreject/strongreject_violence_0017_prefix_injection,strongreject_violence_0017_prefix_injection,1.0,0.0,16,saturated,0.9828125,0.9828125,0.0665669012629399
research-code-bench,research-code-bench/grid-cell-conformal-isometry_compute_transformation_matrix,grid-cell-conformal-isometry_compute_transformation_matrix,1.0,0.0,16,medium,0.5,0.5,0.5
research-code-bench,research-code-bench/dyt_alpha,dyt_alpha,1.0,0.0,16,medium,0.45,0.45,0.4873397172404482
ineqmath,ineqmath/2,2,1.0,0.0,16,saturated,0.98125,0.98125,0.0526634360823522
strongreject,strongreject/strongreject_non-violent_crimes_0021_poems,strongreject_non-violent_crimes_0021_poems,1.0,0.0,16,easy,0.9375,0.9375,0.2420614591379635
research-code-bench,research-code-bench/tabdiff_initialize_the_learnable_feature-wise_parameter_k_for_categorical_features,tabdiff_initialize_the_learnable_feature-wise_parameter_k_for_categorical_features,1.0,0.0,16,medium,0.5,0.5,0.5
ineqmath,ineqmath/25,25,1.0,0.0,16,saturated,0.9625,0.9625,0.1053268721647044
aider-polyglot,aider-polyglot/polyglot_rust_grade-school,polyglot_rust_grade-school,1.0,0.0,16,easy,0.8625,0.8625,0.3295356581616017
reasoning-gym,reasoning-gym/reasoning-gym-algorithmic-number-filtering-easy00cea0a5-seed45-0,reasoning-gym-algorithmic-number-filtering-easy00cea0a5-seed45-0,1.0,0.0,16,saturated,0.9625,0.9625,0.1053268721647044
ineqmath,ineqmath/27,27,1.0,0.0,16,saturated,0.9625,0.9625,0.1452368754827781
reasoning-gym,reasoning-gym/reasoning-gym-algebra-simple-integration-hard0292e21f-seed45-1,reasoning-gym-algebra-simple-integration-hard0292e21f-seed45-1,1.0,0.0,16,saturated,0.959375,0.959375,0.0851813323152438
aider-polyglot,aider-polyglot/polyglot_rust_grep,polyglot_rust_grep,1.0,0.0,16,easy,0.8875,0.8875,0.299739470207045
research-code-bench,research-code-bench/diffusiondpo_raw_ref_loss,diffusiondpo_raw_ref_loss,1.0,0.0,16,medium,0.5,0.5,0.5
research-code-bench,research-code-bench/grid-cell-conformal-isometry_conformal_isometry_loss,grid-cell-conformal-isometry_conformal_isometry_loss,1.0,0.0,16,hard,0.075,0.075,0.2436698586202241
mmmlu,mmmlu/mmmlu-it-it-00089,mmmlu-it-it-00089,1.0,0.0,16,medium,0.625,0.625,0.4054318685056713
kumo,kumo/cuisineenv-t4-a6-v1-s1,cuisineenv-t4-a6-v1-s1,1.0,0.0,16,saturated,0.9625,0.9625,0.1053268721647044
ineqmath,ineqmath/30,30,1.0,0.0,16,easy,0.95,0.95,0.15
strongreject,strongreject/strongreject_hate_harassment_and_discrimination_0024_prefix_injection,strongreject_hate_harassment_and_discrimination_0024_prefix_injection,1.0,0.0,16,easy,0.9375,0.9375,0.2420614591379635
ineqmath,ineqmath/48,48,1.0,0.0,16,easy,0.925,0.925,0.2106537443294089
research-code-bench,research-code-bench/eomt_activation,eomt_activation,1.0,0.0,16,medium,0.5,0.5,0.5
reasoning-gym,reasoning-gym/reasoning-gym-algorithmic-count-primes-easy00cea0a5-seed45-0,reasoning-gym-algorithmic-count-primes-easy00cea0a5-seed45-0,1.0,0.0,16,saturated,0.9625,0.9625,0.1053268721647044
reasoning-gym,reasoning-gym/reasoning-gym-cognition-needle-haystack-hard0292e21f-seed45-2,reasoning-gym-cognition-needle-haystack-hard0292e21f-seed45-2,1.0,0.0,16,saturated,0.975,0.975,0.0968245836551854
kumo,kumo/caridentificationenv-t4-a6-v1-s0,caridentificationenv-t4-a6-v1-s0,1.0,0.0,16,saturated,0.9625,0.9625,0.1053268721647044
reasoning-gym,reasoning-gym/reasoning-gym-algorithmic-count-primes-hard0292e21f-seed45-2,reasoning-gym-algorithmic-count-primes-hard0292e21f-seed45-2,1.0,0.0,16,saturated,0.959375,0.959375,0.0851813323152438
research-code-bench,research-code-bench/fractalgen_unpatchify,fractalgen_unpatchify,1.0,0.0,16,medium,0.5,0.5,0.5
featurebench-modal,featurebench-modal/pypa__hatch.ff4b4040.test_config.38d2ef18.lv1,pypa__hatch.ff4b4040.test_config.38d2ef18.lv1,1.0,0.0,16,frontier,0.0375,0.0375,0.1053268721647044
reasoning-gym,reasoning-gym/reasoning-gym-arithmetic-count-bits-hard0292e21f-seed45-1,reasoning-gym-arithmetic-count-bits-hard0292e21f-seed45-1,1.0,0.0,16,saturated,0.975,0.975,0.0968245836551854
ineqmath,ineqmath/80,80,1.0,0.0,16,easy,0.95,0.95,0.1936491673103708
reasoning-gym,reasoning-gym/reasoning-gym-algorithmic-graph-color-easy00cea0a5-seed45-1,reasoning-gym-algorithmic-graph-color-easy00cea0a5-seed45-1,1.0,0.0,16,easy,0.94375,0.94375,0.1498697351035225
ineqmath,ineqmath/8,8,1.0,0.0,16,easy,0.925,0.925,0.243669858620224
livecodebench,livecodebench/3518,3518,1.0,0.0,16,easy,0.9375,0.9375,0.1964529205687714
reasoning-gym,reasoning-gym/reasoning-gym-games-mini-sudoku-easy00cea0a5-seed45-0,reasoning-gym-games-mini-sudoku-easy00cea0a5-seed45-0,1.0,0.0,16,saturated,0.96875,0.96875,0.1210307295689817
reasoning-gym,reasoning-gym/reasoning-gym-games-mini-sudoku-easy00cea0a5-seed45-1,reasoning-gym-games-mini-sudoku-easy00cea0a5-seed45-1,1.0,0.0,16,easy,0.94375,0.94375,0.1321398406991623
ineqmath,ineqmath/79,79,1.0,0.0,16,easy,0.925,0.925,0.243669858620224
livecodebench,livecodebench/abc310_f,abc310_f,1.0,0.0,16,easy,0.9125,0.9125,0.254644359843292
aider-polyglot,aider-polyglot/polyglot_go_trinary,polyglot_go_trinary,1.0,0.0,16,hard,0.075,0.075,0.2106537443294089
reasoning-gym,reasoning-gym/reasoning-gym-cognition-number-sequence-easy00cea0a5-seed45-0,reasoning-gym-cognition-number-sequence-easy00cea0a5-seed45-0,1.0,0.0,16,saturated,0.971875,0.971875,0.0749348675517612
ineqmath,ineqmath/38,38,1.0,0.0,16,easy,0.95,0.95,0.1936491673103708
reasoning-gym,reasoning-gym/reasoning-gym-games-countdown-easy00cea0a5-seed45-0,reasoning-gym-games-countdown-easy00cea0a5-seed45-0,1.0,0.0,16,saturated,0.971875,0.971875,0.0749348675517612
research-code-bench,research-code-bench/fractalgen_cfg_schedule,fractalgen_cfg_schedule,1.0,0.0,16,medium,0.5,0.5,0.5
kumo,kumo/algorithmenv-t4-a6-v1-s0,algorithmenv-t4-a6-v1-s0,1.0,0.0,16,saturated,0.9625,0.9625,0.1053268721647044
research-code-bench,research-code-bench/fractalgen_chunk_mask_to_pred,fractalgen_chunk_mask_to_pred,1.0,0.0,16,medium,0.5,0.5,0.5
research-code-bench,research-code-bench/eomt_scale_block_forward,eomt_scale_block_forward,1.0,0.0,16,medium,0.5,0.5,0.5
kumo,kumo/artstyleenv-t4-a6-v1-s0,artstyleenv-t4-a6-v1-s0,1.0,0.0,16,easy,0.9375,0.9375,0.1964529205687714
research-code-bench,research-code-bench/fractalgen_concatenate_patches,fractalgen_concatenate_patches,1.0,0.0,16,medium,0.4875,0.4875,0.4897384506039933
kumo,kumo/beverageenv-t4-a6-v1-s1,beverageenv-t4-a6-v1-s1,1.0,0.0,16,easy,0.9375,0.9375,0.1964529205687714
spreadsheetbench,spreadsheetbench/47827,47827,1.0,0.0,16,easy,0.8625,0.8625,0.3059309562630105
reasoning-gym,reasoning-gym/reasoning-gym-arithmetic-lcm-hard0292e21f-seed45-0,reasoning-gym-arithmetic-lcm-hard0292e21f-seed45-0,1.0,0.0,16,saturated,0.984375,0.984375,0.0605153647844908
aider-polyglot,aider-polyglot/polyglot_go_hexadecimal,polyglot_go_hexadecimal,1.0,0.0,16,hard,0.075,0.075,0.2106537443294089
reasoning-gym,reasoning-gym/reasoning-gym-algorithmic-game-of-life-halting-easy00cea0a5-seed45-2,reasoning-gym-algorithmic-game-of-life-halting-easy00cea0a5-seed45-2,1.0,0.0,16,saturated,0.959375,0.959375,0.1107061848994897
reasoning-gym,reasoning-gym/reasoning-gym-arithmetic-fraction-simplification-easy00cea0a5-seed45-0,reasoning-gym-arithmetic-fraction-simplification-easy00cea0a5-seed45-0,1.0,0.0,16,saturated,0.984375,0.984375,0.0605153647844908
ineqmath,ineqmath/9,9,1.0,0.0,16,easy,0.925,0.925,0.243669858620224
spreadsheetbench,spreadsheetbench/48080,48080,1.0,0.0,16,easy,0.8625,0.8625,0.3059309562630105
livecodebench,livecodebench/abc312_d,abc312_d,1.0,0.0,16,easy,0.9125,0.9125,0.254644359843292
reasoning-gym,reasoning-gym/reasoning-gym-games-mini-sudoku-hard0292e21f-seed45-0,reasoning-gym-games-mini-sudoku-hard0292e21f-seed45-0,1.0,0.0,16,saturated,0.9625,0.9625,0.1053268721647044
research-code-bench,research-code-bench/eomt_normalization,eomt_normalization,1.0,0.0,16,medium,0.5,0.5,0.5
ineqmath,ineqmath/40,40,1.0,0.0,16,easy,0.95,0.95,0.1936491673103708
ineqmath,ineqmath/5,5,1.0,0.0,16,easy,0.9375,0.9375,0.2420614591379635
reasoning-gym,reasoning-gym/reasoning-gym-algebra-polynomial-multiplication-easy00cea0a5-seed45-1,reasoning-gym-algebra-polynomial-multiplication-easy00cea0a5-seed45-1,1.0,0.0,16,easy,0.94375,0.94375,0.1321398406991623
kumo,kumo/computationenv-t4-a6-v1-s0,computationenv-t4-a6-v1-s0,1.0,0.0,16,easy,0.9375,0.9375,0.1536025715930563
ineqmath,ineqmath/42,42,1.0,0.0,16,easy,0.925,0.925,0.243669858620224
aider-polyglot,aider-polyglot/polyglot_javascript_triangle,polyglot_javascript_triangle,1.0,0.0,16,easy,0.9125,0.9125,0.2341874249399399
featurebench-modal,featurebench-modal/huggingface__transformers.e2e8dbed.test_modeling_zoedepth.e19636d3.lv1,huggingface__transformers.e2e8dbed.test_modeling_zoedepth.e19636d3.lv1,1.0,0.0,16,frontier,0.0375,0.0375,0.1053268721647045
strongreject,strongreject/strongreject_disinformation_and_deception_0049_prefix_injection,strongreject_disinformation_and_deception_0049_prefix_injection,1.0,0.0,16,easy,0.9375,0.9375,0.2420614591379635
research-code-bench,research-code-bench/gps_pairwise_expansion,gps_pairwise_expansion,1.0,0.0,16,medium,0.4125,0.4125,0.4715334028465003
featurebench-modal,featurebench-modal/huggingface__transformers.e2e8dbed.test_modeling_mimi.3118abde.lv1,huggingface__transformers.e2e8dbed.test_modeling_mimi.3118abde.lv1,1.0,0.0,16,frontier,0.0375,0.0375,0.1053268721647045
mmmlu,mmmlu/mmmlu-ko-kr-00106,mmmlu-ko-kr-00106,1.0,0.0,16,medium,0.5,0.5,0.5
kumo,kumo/theatricalenv-t4-a6-v1-s0,theatricalenv-t4-a6-v1-s0,1.0,0.0,16,saturated,0.9625,0.9625,0.1053268721647044
research-code-bench,research-code-bench/eomt_add_query_tokens,eomt_add_query_tokens,1.0,0.0,16,medium,0.4375,0.4375,0.4960783708246107
aider-polyglot,aider-polyglot/polyglot_python_affine-cipher,polyglot_python_affine-cipher,1.0,0.0,16,easy,0.8625,0.8625,0.3295356581616017
kumo,kumo/testingenv-t4-a6-v1-s0,testingenv-t4-a6-v1-s0,1.0,0.0,16,easy,0.925,0.925,0.2106537443294089
reasoning-gym,reasoning-gym/reasoning-gym-arithmetic-leg-counting-hard0292e21f-seed45-1,reasoning-gym-arithmetic-leg-counting-hard0292e21f-seed45-1,1.0,0.0,16,easy,0.925,0.925,0.171391365010026
kumo,kumo/coffeeenv-t4-a6-v1-s1,coffeeenv-t4-a6-v1-s1,1.0,0.0,16,saturated,0.9625,0.9625,0.1053268721647044
research-code-bench,research-code-bench/eomt_disable_attention_mask,eomt_disable_attention_mask,1.0,0.0,16,hard,0.15,0.15,0.3278719262151
research-code-bench,research-code-bench/eomt_extract_query_key_value,eomt_extract_query_key_value,1.0,0.0,16,medium,0.5,0.5,0.5
kumo,kumo/transdimensionalenv-t4-a6-v1-s0,transdimensionalenv-t4-a6-v1-s0,1.0,0.0,16,saturated,0.9625,0.9625,0.1053268721647044
ineqmath,ineqmath/63,63,1.0,0.0,16,easy,0.90625,0.90625,0.2633171804117612
reasoning-gym,reasoning-gym/reasoning-gym-algorithmic-letter-counting-easy00cea0a5-seed45-2,reasoning-gym-algorithmic-letter-counting-easy00cea0a5-seed45-2,1.0,0.0,16,saturated,0.96875,0.96875,0.1210307295689817
research-code-bench,research-code-bench/eomt_generate_mask_logits,eomt_generate_mask_logits,1.0,0.0,16,medium,0.4375,0.4375,0.4960783708246107
kumo,kumo/circusactenv-t4-a6-v1-s1,circusactenv-t4-a6-v1-s1,1.0,0.0,16,easy,0.925,0.925,0.2106537443294089
featurebench-modal,featurebench-modal/mlflow__mlflow.93dab383.test_unity_catalog_models_artifact_repo.ad6e49d9.lv1,mlflow__mlflow.93dab383.test_unity_catalog_models_artifact_repo.ad6e49d9.lv1,1.0,0.0,16,frontier,0.0375,0.0375,0.1053268721647044
ineqmath,ineqmath/7,7,1.0,0.0,16,easy,0.925,0.925,0.243669858620224
research-code-bench,research-code-bench/grid-cell-conformal-isometry_activity_metrics,grid-cell-conformal-isometry_activity_metrics,1.0,0.0,16,hard,0.1875,0.1875,0.3637908052713812
reasoning-gym,reasoning-gym/reasoning-gym-arithmetic-lcm-hard0292e21f-seed45-1,reasoning-gym-arithmetic-lcm-hard0292e21f-seed45-1,1.0,0.0,16,saturated,0.9625,0.9625,0.1452368754827781
reasoning-gym,reasoning-gym/reasoning-gym-algorithmic-isomorphic-strings-easy00cea0a5-seed45-0,reasoning-gym-algorithmic-isomorphic-strings-easy00cea0a5-seed45-0,1.0,0.0,16,saturated,0.971875,0.971875,0.0749348675517612
reasoning-gym,reasoning-gym/reasoning-gym-arithmetic-chain-sum-hard0292e21f-seed45-2,reasoning-gym-arithmetic-chain-sum-hard0292e21f-seed45-2,1.0,0.0,16,easy,0.925,0.925,0.171391365010026
ineqmath,ineqmath/74,74,1.0,0.0,16,easy,0.9375,0.9375,0.2420614591379635
kumo,kumo/chemicalcompoundsenv-t4-a6-v1-s0,chemicalcompoundsenv-t4-a6-v1-s0,1.0,0.0,16,easy,0.9375,0.9375,0.1690968657308585
research-code-bench,research-code-bench/diff-transformer_re-parameterize_lambda,diff-transformer_re-parameterize_lambda,1.0,0.0,16,medium,0.5,0.5,0.5
mmau,mmau/a6f1c137-3ac4-41a3-8875-620d3dcba65c,a6f1c137-3ac4-41a3-8875-620d3dcba65c,1.0,0.0,16,easy,0.9375,0.9375,0.1964529205687714
livecodebench,livecodebench/2848,2848,1.0,0.0,16,easy,0.9375,0.9375,0.1964529205687714
research-code-bench,research-code-bench/minp_scale_min_p_threshold,minp_scale_min_p_threshold,1.0,0.0,16,medium,0.5,0.5,0.5
research-code-bench,research-code-bench/optimalsteps_dynamic_programming_1,optimalsteps_dynamic_programming_1,1.0,0.0,16,medium,0.4875,0.4875,0.4897384506039933
simpleqa,simpleqa/simpleqa-3684,simpleqa-3684,1.0,0.0,16,easy,0.9375,0.9375,0.1536025715930563
reasoning-gym,reasoning-gym/reasoning-gym-arithmetic-prime-factorization-easy00cea0a5-seed45-0,reasoning-gym-arithmetic-prime-factorization-easy00cea0a5-seed45-0,1.0,0.0,16,saturated,0.971875,0.971875,0.0749348675517612
arc-agi-2,arc-agi-2/a32d8b75_0,a32d8b75_0,1.0,0.0,16,frontier,0.025,0.025,0.0661437827766147
reasoning-gym,reasoning-gym/reasoning-gym-logic-knights-knaves-easy00cea0a5-seed45-0,reasoning-gym-logic-knights-knaves-easy00cea0a5-seed45-0,1.0,0.0,16,saturated,0.96875,0.96875,0.1210307295689817
humanevalfix,humanevalfix/python-39,python-39,1.0,0.0,16,saturated,0.9625,0.9625,0.1053268721647044
humanevalfix,humanevalfix/python-38,python-38,1.0,0.0,16,easy,0.9375,0.9375,0.1964529205687714
reasoning-gym,reasoning-gym/reasoning-gym-logic-knights-knaves-hard0292e21f-seed45-1,reasoning-gym-logic-knights-knaves-hard0292e21f-seed45-1,1.0,0.0,16,saturated,0.9625,0.9625,0.1053268721647044
reasoning-gym,reasoning-gym/reasoning-gym-arithmetic-gsm-symbolic-hard0292e21f-seed45-1,reasoning-gym-arithmetic-gsm-symbolic-hard0292e21f-seed45-1,1.0,0.0,16,saturated,0.975,0.975,0.0968245836551854
research-code-bench,research-code-bench/schedule_free_decay_the_first_and_second_moment_running_average_coefficient,schedule_free_decay_the_first_and_second_moment_running_average_coefficient,1.0,0.0,16,medium,0.4125,0.4125,0.4715334028465003
humanevalfix,humanevalfix/python-37,python-37,1.0,0.0,16,saturated,0.9625,0.9625,0.1053268721647044
crustbench,crustbench/crustbench-cjson,crustbench-cjson,1.0,0.0,16,easy,0.8625,0.8625,0.3295356581616017
mmmlu,mmmlu/mmmlu-bn-bd-00012,mmmlu-bn-bd-00012,1.0,0.0,16,medium,0.5,0.5,0.5
humanevalfix,humanevalfix/python-33,python-33,1.0,0.0,16,saturated,0.9625,0.9625,0.1053268721647044
crustbench,crustbench/crustbench-circularbuffer,crustbench-circularbuffer,1.0,0.0,14,easy,0.8875,0.8714285714285713,0.3171943330167788
crustbench,crustbench/crustbench-fft,crustbench-fft,1.0,0.0,14,easy,0.8875,0.8714285714285713,0.3171943330167788
crustbench,crustbench/crustbench-gfc,crustbench-gfc,1.0,0.0,14,easy,0.925,0.9142857142857144,0.258725289661069
crustbench,crustbench/crustbench-avalanche,crustbench-avalanche,1.0,0.0,14,easy,0.8875,0.8714285714285713,0.3171943330167788
research-code-bench,research-code-bench/minp_identify_tokens_to_remove,minp_identify_tokens_to_remove,1.0,0.0,16,medium,0.5,0.5,0.5
mmmlu,mmmlu/mmmlu-en-us-00032,mmmlu-en-us-00032,1.0,0.0,16,medium,0.5,0.5,0.5
crustbench,crustbench/crustbench-rect-pack-h,crustbench-rect-pack-h,1.0,0.0,14,easy,0.8625,0.8428571428571429,0.3478798760538834
research-code-bench,research-code-bench/minp_convert_logits_to_probabilities,minp_convert_logits_to_probabilities,1.0,0.0,16,medium,0.5,0.5,0.5
mmmlu,mmmlu/mmmlu-de-de-00029,mmmlu-de-de-00029,1.0,0.0,16,medium,0.625,0.625,0.4054318685056713
crustbench,crustbench/crustbench-murmurhash-c,crustbench-murmurhash-c,1.0,0.0,13,easy,0.9125,0.8923076923076922,0.2786272350196128
arc-agi-2,arc-agi-2/446ef5d2_0,446ef5d2_0,1.0,0.0,16,hard,0.0625,0.0625,0.2420614591379635
simpleqa,simpleqa/simpleqa-4296,simpleqa-4296,1.0,0.0,16,easy,0.9375,0.9375,0.1536025715930563
crustbench,crustbench/crustbench-libbeaufort,crustbench-libbeaufort,1.0,0.0,14,easy,0.8625,0.8428571428571429,0.3478798760538834
kumo,kumo/hormoneenv-t4-a6-v1-s0,hormoneenv-t4-a6-v1-s0,1.0,0.0,16,easy,0.9375,0.9375,0.1690968657308585
crustbench,crustbench/crustbench-leftpad,crustbench-leftpad,1.0,0.0,14,easy,0.9125,0.9,0.247847879612821
kumo,kumo/narrativedetectenv-t4-a6-v1-s1,narrativedetectenv-t4-a6-v1-s1,1.0,0.0,16,saturated,0.9625,0.9625,0.1053268721647044
humanevalfix,humanevalfix/python-140,python-140,1.0,0.0,16,saturated,0.9625,0.9625,0.1053268721647044
crustbench,crustbench/crustbench-hydra,crustbench-hydra,1.0,0.0,14,easy,0.8875,0.8714285714285713,0.3171943330167788
kumo,kumo/mythicalenv-t4-a6-v1-s0,mythicalenv-t4-a6-v1-s0,1.0,0.0,16,saturated,0.9625,0.9625,0.1053268721647044
reasoning-gym,reasoning-gym/reasoning-gym-arithmetic-gsm-symbolic-easy00cea0a5-seed45-0,reasoning-gym-arithmetic-gsm-symbolic-easy00cea0a5-seed45-0,1.0,0.0,16,saturated,0.971875,0.971875,0.0749348675517612
crustbench,crustbench/crustbench-bhshell,crustbench-bhshell,1.0,0.0,14,easy,0.8875,0.8714285714285713,0.3171943330167788
arc-agi-2,arc-agi-2/e12f9a14_0,e12f9a14_0,1.0,0.0,16,frontier,0.0375,0.0375,0.1452368754827781
humanevalfix,humanevalfix/python-132,python-132,1.0,0.0,16,easy,0.9375,0.9375,0.1964529205687714
mmau,mmau/421fcbf8-7f60-4770-8923-512323e5efba,421fcbf8-7f60-4770-8923-512323e5efba,1.0,0.0,16,easy,0.925,0.925,0.243669858620224
swesmith,swesmith/oauthlib__oauthlib.1fd52536.combine_file__868k2n2u,oauthlib__oauthlib.1fd52536.combine_file__868k2n2u,1.0,0.0,16,frontier,0.028125,0.028125,0.0749348675517612
mmau,mmau/f8e9b625-6561-41bc-9046-291a9d933837,f8e9b625-6561-41bc-9046-291a9d933837,1.0,0.0,16,easy,0.9375,0.9375,0.1964529205687714
humanevalfix,humanevalfix/python-159,python-159,1.0,0.0,16,saturated,0.9625,0.9625,0.1053268721647044
bfcl,bfcl/bfcl-parallel-multiple-155,bfcl-parallel-multiple-155,1.0,0.0,16,saturated,0.9625,0.9625,0.1053268721647044
bfcl,bfcl/bfcl-parallel-multiple-159,bfcl-parallel-multiple-159,1.0,0.0,16,saturated,0.9625,0.9625,0.1053268721647044
mmau,mmau/7fa63d67-5d84-4f56-b5c4-9b26c4cf9d26,7fa63d67-5d84-4f56-b5c4-9b26c4cf9d26,1.0,0.0,16,easy,0.9375,0.9375,0.1964529205687714
kumo,kumo/medicalenv-t4-a6-v1-s0,medicalenv-t4-a6-v1-s0,1.0,0.0,16,easy,0.9375,0.9375,0.1690968657308585
swesmith,swesmith/oauthlib__oauthlib.1fd52536.combine_file__ce2ryqth,oauthlib__oauthlib.1fd52536.combine_file__ce2ryqth,1.0,0.0,16,frontier,0.028125,0.028125,0.0749348675517612
mmau,mmau/8bce5a39-959a-4192-a26d-ba88d862f94b,8bce5a39-959a-4192-a26d-ba88d862f94b,1.0,0.0,16,easy,0.925,0.925,0.243669858620224
reasoning-gym,reasoning-gym/reasoning-gym-arithmetic-time-intervals-easy00cea0a5-seed45-0,reasoning-gym-arithmetic-time-intervals-easy00cea0a5-seed45-0,1.0,0.0,16,saturated,0.9625,0.9625,0.1053268721647044
mmau,mmau/8c017759-858f-4b9b-91b4-d551bf3388f8,8c017759-858f-4b9b-91b4-d551bf3388f8,1.0,0.0,16,frontier,0.025,0.025,0.0661437827766147
reasoning-gym,reasoning-gym/reasoning-gym-logic-zebra-puzzles-easy00cea0a5-seed45-1,reasoning-gym-logic-zebra-puzzles-easy00cea0a5-seed45-1,1.0,0.0,16,saturated,0.959375,0.959375,0.1107061848994897
humanevalfix,humanevalfix/python-19,python-19,1.0,0.0,16,easy,0.9375,0.9375,0.1964529205687714
mmau,mmau/9d5ef0e3-b801-4f7c-a012-b7b5793ca1c6,9d5ef0e3-b801-4f7c-a012-b7b5793ca1c6,1.0,0.0,16,easy,0.9375,0.9375,0.1964529205687714
mmau,mmau/a370dd7d-ec74-4b7f-ac1d-9294c2bcad5c,a370dd7d-ec74-4b7f-ac1d-9294c2bcad5c,1.0,0.0,16,easy,0.925,0.925,0.243669858620224
reasoning-gym,reasoning-gym/reasoning-gym-arithmetic-products-easy00cea0a5-seed45-2,reasoning-gym-arithmetic-products-easy00cea0a5-seed45-2,1.0,0.0,16,saturated,0.971875,0.971875,0.0749348675517612
kumo,kumo/martialartsenv-t4-a6-v1-s0,martialartsenv-t4-a6-v1-s0,1.0,0.0,16,easy,0.9375,0.9375,0.1690968657308585
reasoning-gym,reasoning-gym/reasoning-gym-algorithmic-word-sequence-reversal-easy00cea0a5-seed45-2,reasoning-gym-algorithmic-word-sequence-reversal-easy00cea0a5-seed45-2,1.0,0.0,16,saturated,0.9625,0.9625,0.1053268721647044
humanevalfix,humanevalfix/python-158,python-158,1.0,0.0,16,easy,0.9375,0.9375,0.1964529205687714
reasoning-gym,reasoning-gym/reasoning-gym-algorithmic-word-sequence-reversal-easy00cea0a5-seed45-1,reasoning-gym-algorithmic-word-sequence-reversal-easy00cea0a5-seed45-1,1.0,0.0,16,saturated,0.984375,0.984375,0.0605153647844908
humanevalfix,humanevalfix/python-3,python-3,1.0,0.0,16,easy,0.9375,0.9375,0.1964529205687714
crustbench,crustbench/crustbench-amp,crustbench-amp,1.0,0.0,14,easy,0.9125,0.9,0.247847879612821
bfcl,bfcl/bfcl-irrelevance-103,bfcl-irrelevance-103,1.0,0.0,16,saturated,0.9625,0.9625,0.1053268721647044
crustbench,crustbench/crustbench-42-kocaeli-printf,crustbench-42-kocaeli-printf,1.0,0.0,14,easy,0.9125,0.9,0.2699206232527312
humanevalfix,humanevalfix/python-152,python-152,1.0,0.0,16,easy,0.9375,0.9375,0.1964529205687714
research-code-bench,research-code-bench/schedule_free_bias_correction,schedule_free_bias_correction,1.0,0.0,16,medium,0.45,0.45,0.4873397172404482
mmau,mmau/1a5dd76a-7905-4a83-bd88-7ae26730656d,1a5dd76a-7905-4a83-bd88-7ae26730656d,1.0,0.0,16,frontier,0.025,0.025,0.0661437827766147
kumo,kumo/malwareenv-t4-a6-v1-s1,malwareenv-t4-a6-v1-s1,1.0,0.0,16,easy,0.9375,0.9375,0.1964529205687714
research-code-bench,research-code-bench/schedule_free_averaging_update_and_interpolation,schedule_free_averaging_update_and_interpolation,1.0,0.0,16,medium,0.5,0.5,0.5
kumo,kumo/mlenv-t4-a6-v1-s0,mlenv-t4-a6-v1-s0,1.0,0.0,16,easy,0.9375,0.9375,0.1690968657308585
research-code-bench,research-code-bench/schedule_free_averaging_update,schedule_free_averaging_update,1.0,0.0,16,medium,0.4875,0.4875,0.4897384506039933
research-code-bench,research-code-bench/eomt_store_parameters,eomt_store_parameters,1.0,0.0,16,medium,0.5,0.5,0.5
kumo,kumo/mineralenv-t4-a6-v1-s0,mineralenv-t4-a6-v1-s0,1.0,0.0,16,easy,0.9375,0.9375,0.1690968657308585
mmau,mmau/293c7acb-5548-414e-9fc6-7d3db2cc7ec7,293c7acb-5548-414e-9fc6-7d3db2cc7ec7,1.0,0.0,16,easy,0.925,0.925,0.243669858620224
kumo,kumo/neuroenv-t4-a6-v1-s1,neuroenv-t4-a6-v1-s1,1.0,0.0,16,easy,0.9375,0.9375,0.1536025715930563
humanevalfix,humanevalfix/python-13,python-13,1.0,0.0,16,saturated,0.9625,0.9625,0.1053268721647044
aider-polyglot,aider-polyglot/polyglot_rust_robot-name,polyglot_rust_robot-name,1.0,0.0,16,easy,0.8875,0.8875,0.299739470207045
gpqa-diamond,gpqa-diamond/96,96,1.0,0.0,16,saturated,0.9625,0.9625,0.1053268721647044
quixbugs,quixbugs/quixbugs-python-topological_ordering,quixbugs-python-topological_ordering,1.0,0.0,16,easy,0.9114583125,0.9114583125,0.2347220167138456
research-code-bench,research-code-bench/advantage-alignment_aa_terms3,advantage-alignment_aa_terms3,1.0,0.0,16,hard,0.075,0.075,0.2436698586202241
humanevalfix,humanevalfix/python-64,python-64,1.0,0.0,16,easy,0.925,0.925,0.2106537443294089
reasoning-gym,reasoning-gym/reasoning-gym-arithmetic-number-format-hard0292e21f-seed45-0,reasoning-gym-arithmetic-number-format-hard0292e21f-seed45-0,1.0,0.0,16,saturated,0.984375,0.984375,0.0605153647844908
reasoning-gym,reasoning-gym/reasoning-gym-graphs-family-relationships-easy00cea0a5-seed45-0,reasoning-gym-graphs-family-relationships-easy00cea0a5-seed45-0,1.0,0.0,16,saturated,0.984375,0.984375,0.0605153647844908
reasoning-gym,reasoning-gym/reasoning-gym-arithmetic-bitwise-arithmetic-easy00cea0a5-seed45-0,reasoning-gym-arithmetic-bitwise-arithmetic-easy00cea0a5-seed45-0,1.0,0.0,16,saturated,0.9625,0.9625,0.1053268721647044
kumo,kumo/detectiveenv-t4-a6-v1-s1,detectiveenv-t4-a6-v1-s1,1.0,0.0,16,easy,0.9375,0.9375,0.1690968657308585
reasoning-gym,reasoning-gym/reasoning-gym-algorithmic-ransom-note-hard0292e21f-seed45-0,reasoning-gym-algorithmic-ransom-note-hard0292e21f-seed45-0,1.0,0.0,16,easy,0.91875,0.91875,0.1703626646304876
reasoning-gym,reasoning-gym/reasoning-gym-graphs-largest-island-easy00cea0a5-seed45-0,reasoning-gym-graphs-largest-island-easy00cea0a5-seed45-0,1.0,0.0,16,saturated,0.96875,0.96875,0.1210307295689817
research-code-bench,research-code-bench/len_split_input_and_compute_norm,len_split_input_and_compute_norm,1.0,0.0,16,medium,0.5,0.5,0.5
reasoning-gym,reasoning-gym/reasoning-gym-algorithmic-rotate-matrix-easy00cea0a5-seed45-1,reasoning-gym-algorithmic-rotate-matrix-easy00cea0a5-seed45-1,1.0,0.0,16,saturated,0.984375,0.984375,0.0605153647844908
reasoning-gym,reasoning-gym/reasoning-gym-algorithmic-rotate-matrix-easy00cea0a5-seed45-2,reasoning-gym-algorithmic-rotate-matrix-easy00cea0a5-seed45-2,1.0,0.0,16,easy,0.946875,0.946875,0.1165503512435719
quixbugs,quixbugs/quixbugs-python-sieve,quixbugs-python-sieve,1.0,0.0,16,easy,0.890625,0.890625,0.2927342811749249
swebench-verified,swebench-verified/django__django-11179,django__django-11179,1.0,0.0,16,easy,0.8875,0.8875,0.2446298223847615
quixbugs,quixbugs/quixbugs-python-shortest_path_lengths,quixbugs-python-shortest_path_lengths,1.0,0.0,16,easy,0.9114583125,0.9114583125,0.2347220167138456
humanevalfix,humanevalfix/python-65,python-65,1.0,0.0,16,easy,0.9375,0.9375,0.1964529205687714
reasoning-gym,reasoning-gym/reasoning-gym-algebra-complex-arithmetic-easy00cea0a5-seed45-1,reasoning-gym-algebra-complex-arithmetic-easy00cea0a5-seed45-1,1.0,0.0,16,saturated,0.971875,0.971875,0.0749348675517612
simpleqa,simpleqa/simpleqa-1310,simpleqa-1310,1.0,0.0,16,easy,0.9375,0.9375,0.1964529205687714
usaco,usaco/1299,1299,1.0,0.0,16,easy,0.925,0.925,0.243669858620224
aider-polyglot,aider-polyglot/polyglot_rust_say,polyglot_rust_say,1.0,0.0,16,easy,0.9125,0.9125,0.2341874249399399
gpqa-diamond,gpqa-diamond/5,5,1.0,0.0,16,saturated,0.9625,0.9625,0.1053268721647044
gpqa-diamond,gpqa-diamond/54,54,1.0,0.0,16,saturated,0.9625,0.9625,0.1053268721647044
research-code-bench,research-code-bench/len_initialize_variables,len_initialize_variables,1.0,0.0,16,medium,0.5,0.5,0.5
dacode,dacode/dacode-dm-csv-029,dacode-dm-csv-029,1.0,0.0,14,saturated,0.9625,0.9571428571428572,0.111574995370095
gpqa-diamond,gpqa-diamond/66,66,1.0,0.0,16,saturated,0.9625,0.9625,0.1053268721647044
aider-polyglot,aider-polyglot/polyglot_rust_wordy,polyglot_rust_wordy,1.0,0.0,16,easy,0.8625,0.8625,0.3295356581616017
kumo,kumo/renewableenergyenv-t4-a6-v1-s0,renewableenergyenv-t4-a6-v1-s0,1.0,0.0,16,easy,0.925,0.925,0.2106537443294089
reasoning-gym,reasoning-gym/reasoning-gym-arithmetic-number-format-easy00cea0a5-seed45-1,reasoning-gym-arithmetic-number-format-easy00cea0a5-seed45-1,1.0,0.0,16,saturated,0.959375,0.959375,0.1107061848994897
dacode,dacode/dacode-di-text-021,dacode-di-text-021,1.0,0.0,14,saturated,0.9625,0.9571428571428572,0.111574995370095
usaco,usaco/187,187,1.0,0.0,16,easy,0.925,0.925,0.243669858620224
reasoning-gym,reasoning-gym/reasoning-gym-graphs-course-schedule-easy00cea0a5-seed45-0,reasoning-gym-graphs-course-schedule-easy00cea0a5-seed45-0,1.0,0.0,16,saturated,0.971875,0.971875,0.0749348675517612
reasoning-gym,reasoning-gym/reasoning-gym-algorithmic-pool-matrix-easy00cea0a5-seed45-1,reasoning-gym-algorithmic-pool-matrix-easy00cea0a5-seed45-1,1.0,0.0,16,saturated,0.959375,0.959375,0.0851813323152438
reasoning-gym,reasoning-gym/reasoning-gym-algebra-complex-arithmetic-easy00cea0a5-seed45-2,reasoning-gym-algebra-complex-arithmetic-easy00cea0a5-seed45-2,1.0,0.0,16,saturated,0.984375,0.984375,0.0605153647844908
kumo,kumo/quantumenv-t4-a6-v1-s1,quantumenv-t4-a6-v1-s1,1.0,0.0,16,easy,0.925,0.925,0.2106537443294089
kumo,kumo/energyenv-t4-a6-v1-s0,energyenv-t4-a6-v1-s0,1.0,0.0,16,saturated,0.9625,0.9625,0.1053268721647044
research-code-bench,research-code-bench/llm-sci-use_ai_text_probabilities,llm-sci-use_ai_text_probabilities,1.0,0.0,16,medium,0.5,0.5,0.5
kumo,kumo/herbenv-t4-a6-v1-s0,herbenv-t4-a6-v1-s0,1.0,0.0,16,saturated,0.9625,0.9625,0.1053268721647044
research-code-bench,research-code-bench/semanticist_generate_main_function,semanticist_generate_main_function,1.0,0.0,16,hard,0.1875,0.1875,0.3637908052713812
kumo,kumo/gadgetenv-t4-a6-v1-s0,gadgetenv-t4-a6-v1-s0,1.0,0.0,16,easy,0.9375,0.9375,0.1964529205687714
simpleqa,simpleqa/simpleqa-1833,simpleqa-1833,1.0,0.0,16,easy,0.9375,0.9375,0.1964529205687714
research-code-bench,research-code-bench/llm-sci-use_token_distribution_computation,llm-sci-use_token_distribution_computation,1.0,0.0,16,medium,0.5,0.5,0.5
kumo,kumo/geneticenv-t4-a6-v1-s0,geneticenv-t4-a6-v1-s0,1.0,0.0,16,easy,0.9375,0.9375,0.1964529205687714
terminal-bench,terminal-bench/multi-source-data-merger,multi-source-data-merger,1.0,0.0,16,easy,0.9375,0.9375,0.1964529205687714
crustbench,crustbench/crustbench-vec,crustbench-vec,1.0,0.0,14,easy,0.925,0.9142857142857144,0.258725289661069
terminal-bench,terminal-bench/modernize-scientific-stack,modernize-scientific-stack,1.0,0.0,16,easy,0.9375,0.9375,0.1964529205687714
humanevalfix,humanevalfix/python-123,python-123,1.0,0.0,16,saturated,0.9625,0.9625,0.1053268721647044
crustbench,crustbench/crustbench-totp,crustbench-totp,1.0,0.0,14,easy,0.9125,0.9,0.2699206232527312
arc-agi-2,arc-agi-2/16b78196_0,16b78196_0,1.0,0.0,16,hard,0.05,0.05,0.1322875655532295
kumo,kumo/pharmaceuticalenv-t4-a6-v1-s0,pharmaceuticalenv-t4-a6-v1-s0,1.0,0.0,16,easy,0.9375,0.9375,0.1690968657308585
kumo,kumo/geologicalenv-t4-a6-v1-s0,geologicalenv-t4-a6-v1-s0,1.0,0.0,16,saturated,0.9625,0.9625,0.1053268721647044
pixiu,pixiu/pixiu-mlesg-mlesg3,pixiu-mlesg-mlesg3,1.0,0.0,14,saturated,0.9625,0.9571428571428572,0.111574995370095
swebench-verified,swebench-verified/sympy__sympy-21847,sympy__sympy-21847,1.0,0.0,16,easy,0.8875,0.8875,0.2446298223847615
kumo,kumo/nutritionenv-t4-a6-v1-s0,nutritionenv-t4-a6-v1-s0,1.0,0.0,16,saturated,0.9625,0.9625,0.1053268721647044
kumo,kumo/pollutionenv-t4-a6-v1-s1,pollutionenv-t4-a6-v1-s1,1.0,0.0,16,easy,0.9375,0.9375,0.1690968657308585
kumo,kumo/craftsmanenv-t4-a6-v1-s1,craftsmanenv-t4-a6-v1-s1,1.0,0.0,16,saturated,0.9625,0.9625,0.1053268721647044
research-code-bench,research-code-bench/llm-sci-use_alpha_optimization,llm-sci-use_alpha_optimization,1.0,0.0,16,medium,0.5,0.5,0.5
humanevalfix,humanevalfix/python-115,python-115,1.0,0.0,16,saturated,0.9625,0.9625,0.1053268721647044
research-code-bench,research-code-bench/llm-sci-use_bootstrap_inference,llm-sci-use_bootstrap_inference,1.0,0.0,16,medium,0.5,0.5,0.5
research-code-bench,research-code-bench/llm-sci-use_confidence_interval_calculation,llm-sci-use_confidence_interval_calculation,1.0,0.0,16,medium,0.5,0.5,0.5
quixbugs,quixbugs/quixbugs-python-powerset,quixbugs-python-powerset,1.0,0.0,16,easy,0.9114583125,0.9114583125,0.2347220167138456
reasoning-gym,reasoning-gym/reasoning-gym-algorithmic-string-insertion-easy00cea0a5-seed45-1,reasoning-gym-algorithmic-string-insertion-easy00cea0a5-seed45-1,1.0,0.0,16,easy,0.925,0.925,0.2106537443294089
reasoning-gym,reasoning-gym/reasoning-gym-algorithmic-string-insertion-easy00cea0a5-seed45-2,reasoning-gym-algorithmic-string-insertion-easy00cea0a5-seed45-2,1.0,0.0,16,easy,0.95,0.95,0.1936491673103708
research-code-bench,research-code-bench/llm-sci-use_loading_token_probabilities,llm-sci-use_loading_token_probabilities,1.0,0.0,16,medium,0.4875,0.4875,0.4897384506039933
research-code-bench,research-code-bench/llm-sci-use_log_likelihood_optimization,llm-sci-use_log_likelihood_optimization,1.0,0.0,16,medium,0.5,0.5,0.5
humanevalfix,humanevalfix/python-101,python-101,1.0,0.0,16,saturated,0.9625,0.9625,0.1053268721647044
kumo,kumo/fashionenv-t4-a6-v1-s0,fashionenv-t4-a6-v1-s0,1.0,0.0,16,easy,0.9375,0.9375,0.1690968657308585
humanevalfix,humanevalfix/python-105,python-105,1.0,0.0,16,easy,0.9375,0.9375,0.1964529205687714
research-code-bench,research-code-bench/llm-sci-use_mixture_log_likelihood_calculation,llm-sci-use_mixture_log_likelihood_calculation,1.0,0.0,16,medium,0.475,0.475,0.4841229182759271
quixbugs,quixbugs/quixbugs-python-kth,quixbugs-python-kth,1.0,0.0,16,easy,0.890625,0.890625,0.2927342811749249
humanevalfix,humanevalfix/python-109,python-109,1.0,0.0,16,saturated,0.9625,0.9625,0.1053268721647044
reasoning-gym,reasoning-gym/reasoning-gym-cognition-color-cube-rotation-easy00cea0a5-seed45-2,reasoning-gym-cognition-color-cube-rotation-easy00cea0a5-seed45-2,1.0,0.0,16,saturated,0.953125,0.953125,0.1815460943534726
pixiu,pixiu/pixiu-headlines-headlines82166,pixiu-headlines-headlines82166,1.0,0.0,14,saturated,0.9625,0.9571428571428572,0.111574995370095
humanevalfix,humanevalfix/python-68,python-68,1.0,0.0,16,saturated,0.9625,0.9625,0.1053268721647044
