left_benchmark,right_benchmark,median_abs_task_similarity,mean_abs_task_similarity,sampled_left_tasks,sampled_right_tasks
research-code-bench,research-code-bench,0.995429293735804,0.9863093667522286,40,40
humanevalfix,humanevalfix,0.9692993142439507,0.9167281953912841,40,40
mmmlu,research-code-bench,0.9474667914728785,0.9295049006508745,40,40
mmmlu,mmmlu,0.9168814112654293,0.8985331854567781,40,40
ineqmath,ineqmath,0.7957847024432666,0.7813700523743183,40,40
arc-agi-2,arc-agi-2,0.773120058798743,0.7606132772996771,40,40
financeagent_terminal,financeagent_terminal,0.7557308376960565,0.7246041183123173,40,40
featbench,financeagent_terminal,0.750310291216884,0.7413281768480269,1,40
featbench,gaia2,0.714681948098162,0.6898955216316198,1,40
featbench,swebenchpro,0.7119683907445321,0.6761970188797193,1,40
labbench,labbench,0.7087840956265209,0.6926512599729665,40,40
swebench-verified,swebench-verified,0.6922071976040431,0.6629145985316034,40,40
compilebench,mlgym,0.6856106128403596,0.656226010683993,15,2
livecodebench,livecodebench,0.6849322831357323,0.6411681818286318,40,40
widesearch,widesearch,0.6837279839245066,0.6542747036948461,40,40
humanevalfix,sldbench,0.6765584755427485,0.5893634578101657,40,8
lawbench,lawbench,0.6755825984733859,0.6684886443040885,40,40
compilebench,compilebench,0.6676783312039138,0.6459380496620137,15,15
mlgym,swebench-verified,0.6666591110648421,0.6148555237799344,2,40
lawbench,mlgym,0.6628611275654839,0.6558515452411704,40,2
featbench,featurebench-modal,0.6585937171577025,0.6392593430374782,1,40
gso,gso,0.6576637570843977,0.6302564419257615,40,40
usaco,usaco,0.6575561678989621,0.6543680716393191,40,40
aider-polyglot,arc-agi-2,0.6575017349819253,0.6407062203874303,40,40
featbench,widesearch,0.6533351328794959,0.6305562134049902,1,40
compilebench,lawbench,0.6525383492170991,0.6357800828007921,15,40
lawbench,swebench-verified,0.6517866922501865,0.6193505485615343,40,40
mlgym,mlgym,0.6511563799331461,0.6511563799331461,2,2
mlgym,sldbench,0.6468373546704826,0.5902340140926448,2,8
featbench,gso,0.6466402613039534,0.6363546375857699,1,40
sldbench,sldbench,0.6457388724355317,0.5930060675993758,8,8
arc-agi-2,hle,0.6390561232261264,0.6001713049523767,40,40
financeagent_terminal,gso,0.6344733491524012,0.6138382329086828,40,40
compilebench,swebench-verified,0.6343418833692014,0.6277296068390197,15,40
aider-polyglot,aider-polyglot,0.6298621567828393,0.612100223788584,40,40
lawbench,widesearch,0.6229835112376285,0.5944692109599456,40,40
compilebench,humanevalfix,0.6225139034769755,0.6256516846851512,15,40
featbench,gaia,0.6216343571458931,0.609993915407243,1,40
arc-agi-2,terminal-bench,0.6215660068893953,0.5795082900910126,40,40
mlgym,widesearch,0.6210513716636539,0.6052014859602375,2,40
swebenchpro,swebenchpro,0.6189011296832516,0.6030328985598152,40,40
crustbench,mlgym,0.6187136297216208,0.6104041931807277,40,2
devopsgym,ineqmath,0.6182995554322027,0.6047178666937957,1,40
labbench,mmmlu,0.617789769269683,0.5772195076868311,40,40
arc-agi-2,gso,0.6170902247727112,0.5888904446994272,40,40
labbench,research-code-bench,0.6126329642911571,0.5694660588132624,40,40
featbench,spreadsheetbench,0.6100347939272969,0.5772581569496505,1,40
scicode,scicode,0.6085223622498788,0.590189801935466,40,40
compilebench,widesearch,0.6084635369250743,0.5826470716863211,15,40
swebenchpro,widesearch,0.6084387692421565,0.5900306200242064,40,40
crustbench,crustbench,0.6050707566844895,0.609081328329453,40,40
financeagent_terminal,widesearch,0.6048252911288299,0.5915740301718877,40,40
compilebench,sldbench,0.6036227764505434,0.5720210684511896,15,8
gaia2,gaia2,0.6029016236896592,0.5882039341883272,40,40
mlgym,qcircuitbench,0.6027695485156901,0.5561843061412656,2,25
mlgym,quixbugs,0.602470806765322,0.5716763661142208,2,40
aider-polyglot,financeagent_terminal,0.6024651154904974,0.5795943675043458,40,40
humanevalfix,mlgym,0.6016254797590189,0.6105267898322969,40,2
financeagent_terminal,swebenchpro,0.6015594854882568,0.5804086730894129,40,40
gaia2,gso,0.6002802142760937,0.5749827140083287,40,40
gso,spreadsheetbench,0.6000020768198351,0.5728194633772926,40,40
quixbugs,quixbugs,0.599695362077421,0.5957134676216407,40,40
spreadsheetbench,swebench-verified,0.5985678424111753,0.5687412748575809,40,40
featbench,terminal-bench,0.5982860268838095,0.5501160423771214,1,40
swebench-verified,widesearch,0.5978163739609883,0.5756547571845441,40,40
gso,swebenchpro,0.5977987404286952,0.5618648475071972,40,40
aider-polyglot,featbench,0.5969043804340313,0.5391297515290143,40,1
deepsynth,featbench,0.594410257296278,0.5511340502919518,35,1
featurebench-modal,featurebench-modal,0.5902626387926506,0.5657318716219853,40,40
financeagent_terminal,gaia2,0.5886269770454611,0.5830784225780854,40,40
arc-agi-2,spreadsheetbench,0.5860271031254952,0.5591670900980992,40,40
humanevalfix,lawbench,0.5854793393757112,0.5888753389005381,40,40
crustbench,featbench,0.585477267550957,0.5371671245605854,40,1
arc-agi-2,featurebench-modal,0.5846540732747556,0.5388379176297026,40,40
aider-polyglot,gso,0.5823840560335352,0.5589833392156174,40,40
hle,hle,0.5814389832741091,0.5424391715714877,40,40
mlgym,terminal-bench,0.5806245093987392,0.5480381489692912,2,40
aider-polyglot,hle,0.5801714636675033,0.5497701115165462,40,40
lawbench,quixbugs,0.5795447640315008,0.5725063208580814,40,40
spreadsheetbench,spreadsheetbench,0.5785604805208435,0.550272599705048,40,40
financeagent_terminal,terminal-bench,0.5785520373066363,0.5517983147118491,40,40
lawbench,sldbench,0.5773085652392105,0.5664889794918955,40,8
crustbench,lawbench,0.5755894760099936,0.5545661767176739,40,40
arc-agi-2,financeagent_terminal,0.5749860781364811,0.5606718141626582,40,40
mlgym,spreadsheetbench,0.5749445692457216,0.4925621676843658,2,40
financeagent_terminal,gaia,0.5745550014107126,0.557981595054945,40,40
aider-polyglot,terminal-bench,0.5732878502493731,0.5463449613470239,40,40
terminal-bench,widesearch,0.5728167440114639,0.5508291324371255,40,40
gso,terminal-bench,0.5726936047535323,0.5397881902500401,40,40
dacode,swebench-verified,0.5723419896751434,0.5623617982683665,40,40
livecodebench,usaco,0.5714036337934579,0.5621988736228819,40,40
gaia2,spreadsheetbench,0.5705444665820716,0.5371203251861093,40,40
arc-agi-2,widesearch,0.5684065681924202,0.5678067800892469,40,40
featurebench-modal,financeagent_terminal,0.5678132411510262,0.5406487436923684,40,40
humanevalfix,quixbugs,0.5674002542969243,0.5405961433957727,40,40
mlgym,swebenchpro,0.5670466573439745,0.5247826819474183,2,40
spreadsheetbench,widesearch,0.5663505527552325,0.5403611256666793,40,40
swebench-verified,terminal-bench,0.5661836688020268,0.5339222376946349,40,40
financeagent_terminal,spreadsheetbench,0.5657280550529257,0.5401572182413849,40,40
featbench,sldbench,0.5655834493560339,0.49662252974267884,1,8
gaia2,swebenchpro,0.5651493401582733,0.5404341951596255,40,40
financeagent_terminal,hle,0.5650631872398602,0.5378205038535713,40,40
lawbench,scicode,0.5647060872168523,0.5483162424365411,40,40
crustbench,swebench-verified,0.5635605250790994,0.5479984489772574,40,40
quixbugs,widesearch,0.5633933673419687,0.5441785341072499,40,40
gso,swebench-verified,0.5619062612499706,0.5484068190323783,40,40
compilebench,crustbench,0.5611274063713529,0.5633019370773631,15,40
deepsynth,financeagent_terminal,0.5596377959403396,0.5368089152087063,35,40
featbench,medagentbench,0.5567264686401966,0.4916413284520182,1,40
gso,widesearch,0.5565509684876402,0.5484390530454664,40,40
terminal-bench,terminal-bench,0.5564105727736237,0.5222887708427508,40,40
featurebench-modal,gso,0.5563205824243099,0.5322870413306885,40,40
aime,featbench,0.5528652061149775,0.5551963466233552,40,1
arc-agi-2,mlgym,0.5528165069734599,0.542566270914738,40,2
simpleqa,simpleqa,0.5503993632907215,0.5152282446105917,40,40
swebench-verified,swebenchpro,0.5492131833476661,0.5287166829545851,40,40
aider-polyglot,widesearch,0.549015549348945,0.5342703665034598,40,40
arc-agi-2,replicationbench,0.5476606622167257,0.5387954985156229,40,40
spreadsheetbench,terminal-bench,0.5476489234349867,0.5156691339104744,40,40
aider-polyglot,livecodebench,0.5463540803785174,0.5244104190534863,40,40
replicationbench,replicationbench,0.5451329528967939,0.5376587592672046,40,40
lawbench,spreadsheetbench,0.5450596497323099,0.5328556936505704,40,40
compilebench,quixbugs,0.5448883148597927,0.5487893005027621,15,40
lawbench,terminal-bench,0.5429057348487109,0.5273503209552046,40,40
swtbench,widesearch,0.5421692296541429,0.5175671199457555,40,40
arc-agi-2,deepsynth,0.5411835572618802,0.505324982804898,40,35
sldbench,swebench-verified,0.5404700089572134,0.5301378324768304,8,40
aider-polyglot,mlgym,0.5401689247306762,0.500369084026111,40,2
gaia2,swebench-verified,0.5401601268785339,0.5186777537559633,40,40
aider-polyglot,spreadsheetbench,0.5401400057961947,0.5129516325104584,40,40
quixbugs,sldbench,0.5395143653876225,0.5532365120711705,40,8
gaia2,widesearch,0.5392401687283017,0.5247558451961438,40,40
dacode,mlgym,0.539039816709838,0.47764017204512443,40,2
swebenchpro,terminal-bench,0.5383423755114494,0.5137336999815613,40,40
featbench,swesmith,0.5377479124743506,0.5355787106483703,1,40
kumo,swebench-verified,0.5375566833777505,0.500554852247998,40,40
spreadsheetbench,swebenchpro,0.5371351533681032,0.5186421050068803,40,40
gaia,widesearch,0.536727422419204,0.5076425982935049,40,40
featbench,swebench-verified,0.5366484775651961,0.5223219946994254,1,40
algotune,featbench,0.5361377157080554,0.4667897229004609,40,1
hle,widesearch,0.5359753231297038,0.512601956811869,40,40
mlgym,swtbench,0.5357640661639422,0.485852631397586,2,40
arc-agi-2,swebench-verified,0.5353857695098103,0.5258059418037188,40,40
kumo,mlgym,0.5352186509564901,0.48290453686557766,40,2
crustbench,widesearch,0.5348362771163473,0.5263838129884603,40,40
featbench,spider2,0.5332227910531957,0.5279516062986767,1,36
devopsgym,research-code-bench,0.5324139056496683,0.531049258515259,1,40
mlgym,scicode,0.5305482391843703,0.5133671960225443,2,40
sldbench,widesearch,0.5303776770641964,0.49989846475434374,8,40
dacode,lawbench,0.5296356065217671,0.5152283230239528,40,40
crustbench,humanevalfix,0.5295399533735576,0.49353725963076545,40,40
medagentbench,mlgym,0.5291482548027289,0.5053760060653503,40,2
featurebench-modal,spreadsheetbench,0.5288956826149677,0.5004639474673648,40,40
featbench,lawbench,0.5280874848821675,0.5214346236542774,1,40
featbench,quixbugs,0.5280732525343164,0.5151322714247261,1,40
featbench,hle,0.5278984451997577,0.46887918519956473,1,40
kumo,widesearch,0.5271233405550714,0.4878745628022182,40,40
devopsgym,scicode,0.5267839988889259,0.4861624463989612,1,40
arc-agi-2,gpqa-diamond,0.525640379926636,0.5044945654816247,40,40
featurebench-modal,swebenchpro,0.5250826817826072,0.4907947594538669,40,40
featurebench-modal,widesearch,0.525011779837284,0.5125276521574864,40,40
spider2,swebench-verified,0.5246615712715021,0.5171962056614461,36,40
lawbench,qcircuitbench,0.5244166123686373,0.5044292682844662,40,25
medagentbench,medagentbench,0.5240024607718387,0.5189780305412226,40,40
arc-agi-2,swebenchpro,0.5232691766482126,0.49306299695491396,40,40
featurebench-modal,gaia2,0.5229928588615989,0.5061650134635947,40,40
gso,mlgym,0.5227603618191401,0.474889821979892,40,2
gso,hle,0.5214289342129733,0.49009460891373285,40,40
hle,mlgym,0.521048645530899,0.47094626443509985,40,2
gaia,gaia,0.5200634972791596,0.49184724239132604,40,40
compilebench,spreadsheetbench,0.5187742363796745,0.5142361622236726,15,40
financeagent_terminal,swebench-verified,0.517424872946159,0.5085234009575647,40,40
mlgym,replicationbench,0.5171552083812385,0.4961338719317009,2,40
humanevalfix,scicode,0.51686559419126,0.5129575223402566,40,40
aider-polyglot,swebenchpro,0.5156277340415596,0.49695740113855313,40,40
research-code-bench,simpleqa,0.5154060995580371,0.46029222815505355,40,40
hle,terminal-bench,0.5152975844167136,0.49281770309506456,40,40
swebench-verified,swtbench,0.5143501170093447,0.4959328274830406,40,40
mlgym,spider2,0.5142990102948433,0.46223868284077707,2,36
dacode,spreadsheetbench,0.5142817952157575,0.5005102062341638,40,40
quixbugs,swebenchpro,0.5136598120806156,0.49774877965551395,40,40
quixbugs,swebench-verified,0.5124398981022921,0.49712517484099394,40,40
lawbench,swebenchpro,0.5107474216596168,0.5000424211259675,40,40
compilebench,terminal-bench,0.5101287954074172,0.5095727545920602,15,40
aider-polyglot,swebench-verified,0.509977287780252,0.5020146855208375,40,40
dacode,featbench,0.509831862539635,0.4561018003969256,40,1
spider2,spreadsheetbench,0.5098207505804653,0.4878841005504105,36,40
arc-agi-2,featbench,0.5089661740128683,0.4954795869123288,40,1
compilebench,swebenchpro,0.5087563206489336,0.5081965862154254,15,40
compilebench,featbench,0.5084966124431222,0.47830474029358233,15,1
kumo,lawbench,0.5083558877099523,0.4825868379401871,40,40
featbench,livecodebench,0.5070133002040385,0.46516783828223474,1,40
compilebench,dacode,0.5069092729343421,0.5131196192421964,15,40
featurebench-modal,terminal-bench,0.5066922691309634,0.4801180247554639,40,40
aider-polyglot,featurebench-modal,0.5061546852878591,0.4818064377943405,40,40
deepsynth,gso,0.5059615682226335,0.479736040558542,35,40
financeagent_terminal,livecodebench,0.5059140169791053,0.49133516830837337,40,40
aider-polyglot,deepsynth,0.5055397006213005,0.4863228878144829,40,35
devopsgym,mmmlu,0.5050667896194077,0.4976025190912788,1,40
lawbench,medagentbench,0.5046801719769567,0.4925335037685221,40,40
gaia2,terminal-bench,0.5041282695484526,0.47866073002862364,40,40
financeagent_terminal,lawbench,0.5033934163771279,0.5002174752582798,40,40
gso,spider2,0.5026165129802918,0.4845399481088944,40,36
crustbench,swebenchpro,0.5014188162735511,0.48347501964823797,40,40
sldbench,swebenchpro,0.5007890919925724,0.47377128423842746,8,40
gso,lawbench,0.5001988379376634,0.5079652701193355,40,40
medagentbench,widesearch,0.4996642706597303,0.49936708936065116,40,40
hle,spreadsheetbench,0.49855834989454056,0.47012461268966566,40,40
financeagent_terminal,gpqa-diamond,0.4979753378289241,0.4735545700411027,40,40
financeagent_terminal,mlgym,0.4961752933912037,0.47358924192494456,40,2
deepsynth,mlgym,0.49499029445587495,0.4355679038876404,35,2
aider-polyglot,gpqa-diamond,0.49488377772319825,0.4759769809495852,40,40
aider-polyglot,lawbench,0.49457995611655015,0.4844310445944734,40,40
aider-polyglot,gaia2,0.49457853420254716,0.4789223398936028,40,40
featbench,skillsbench,0.49397807534095817,0.49059797772740704,1,40
sldbench,spreadsheetbench,0.4938926605999774,0.4505938507434591,8,40
lawbench,spider2,0.49300696977069924,0.48342212544785945,40,36
gso,skillsbench,0.4929369559462372,0.48098898918137983,40,40
crustbench,terminal-bench,0.4927725069195723,0.4756721029071066,40,40
arc-agi-2,lawbench,0.4927134212914143,0.507423112147968,40,40
qcircuitbench,widesearch,0.4926044165081198,0.4734119564006571,25,40
compilebench,swtbench,0.49252110094196244,0.4780598316047815,15,40
gpqa-diamond,hle,0.491621462393654,0.4797381372300724,40,40
spider2,widesearch,0.4914055645481905,0.4850498396126604,36,40
gaia,swebenchpro,0.4912305264489695,0.47781411988401634,40,40
gaia2,spider2,0.4910884919788445,0.46934398687259793,40,36
dacode,gso,0.4909962977059722,0.47325441747683394,40,40
swebenchpro,swtbench,0.4909940326892188,0.46791780176488673,40,40
compilebench,scicode,0.4904690356758532,0.4733961716476991,15,40
arc-agi-2,skillsbench,0.49023898834170754,0.47355257729372263,40,40
skillsbench,swebenchpro,0.49010586309774895,0.47286470662645974,40,40
deepsynth,hle,0.48996176496586463,0.4641418165285146,35,40
lawbench,swtbench,0.4898839315458244,0.46579960247446567,40,40
featbench,kumo,0.48952415776540525,0.46163909829567623,1,40
mlgym,skillsbench,0.48803363401072974,0.42024113303020016,2,40
arc-agi-2,spider2,0.4878112224058182,0.47841266441602015,40,36
crustbench,financeagent_terminal,0.487764940693268,0.4822620852450077,40,40
skillsbench,widesearch,0.4875223077148617,0.4805871151905186,40,40
spider2,swebenchpro,0.48736798753915017,0.4731941210159612,36,40
scicode,widesearch,0.4868221018315409,0.47472689844596005,40,40
aider-polyglot,replicationbench,0.48639678552160626,0.48102691345042586,40,40
qcircuitbench,swebench-verified,0.48610936247673286,0.47758446511335,25,40
compilebench,kumo,0.4859135698826137,0.472540710316763,15,40
arc-agi-2,medagentbench,0.48567149856620606,0.4779798035414807,40,40
mlgym,reasoning-gym,0.4851669701975447,0.43956068565120193,2,40
arc-agi-2,qcircuitbench,0.4847556687380449,0.47715111024711976,40,25
arc-agi-2,swtbench,0.4847180236038612,0.4628617512762369,40,40
dacode,gaia2,0.4846710183537648,0.457301223679835,40,40
deepsynth,widesearch,0.4836701359958012,0.4674614672568221,35,40
crmarena,widesearch,0.4832901695084777,0.4393794399806888,40,40
hle,livecodebench,0.4828514536005776,0.46652471267505574,40,40
kumo,swebenchpro,0.4822510941828629,0.45517105725229,40,40
spreadsheetbench,swtbench,0.482228856902859,0.4545405471834597,40,40
arc-agi-2,pixiu,0.48197288775446423,0.45926577078290093,40,40
quixbugs,spreadsheetbench,0.4817682820682656,0.4485106524146537,40,40
financeagent_terminal,swtbench,0.4816668188164455,0.46293352707648294,40,40
crustbench,spreadsheetbench,0.4814989860469546,0.45662003309812704,40,40
financeagent_terminal,medagentbench,0.4810043707653639,0.465508471146493,40,40
arc-agi-2,livecodebench,0.4809687640475405,0.4673444691494708,40,40
skillsbench,skillsbench,0.48060003593834666,0.4684786698833166,40,40
dacode,dacode,0.48045400113593995,0.48862887099121605,40,40
hle,replicationbench,0.4803598356919587,0.4696330169957653,40,40
gpqa-diamond,mlgym,0.48008356735085145,0.4137194863139804,40,2
spider2,terminal-bench,0.4794321263040837,0.4636889713174754,36,40
financeagent_terminal,skillsbench,0.47897453503738885,0.455909069460859,40,40
humanevalfix,widesearch,0.4782732840372039,0.4651737876084385,40,40
quixbugs,terminal-bench,0.4782224230741954,0.46263208242434767,40,40
gso,swtbench,0.4781197313632376,0.4567043532590517,40,40
crmarena,swebench-verified,0.47809733180315994,0.45704737844679444,40,40
swtbench,swtbench,0.4763370053525662,0.45622832294363774,40,40
arc-agi-2,gaia,0.4762077344059903,0.4691106241592975,40,40
compilebench,qcircuitbench,0.4760490670350345,0.48120438603805554,15,25
deepsynth,featurebench-modal,0.47596950507774605,0.46044834397706064,35,40
dacode,widesearch,0.4756744952675802,0.47179102758907754,40,40
gaia,gso,0.4753900806531053,0.45643821899442744,40,40
gaia2,lawbench,0.47505373404149176,0.4747036120259386,40,40
swtbench,terminal-bench,0.4747472631432147,0.4507701283058417,40,40
featbench,omnimath,0.47456148739028103,0.451850238348551,1,40
arc-agi-2,gaia2,0.4740379614730032,0.4675689052898434,40,40
financeagent_terminal,spider2,0.4733200955316277,0.46186265350980227,40,36
financeagent_terminal,quixbugs,0.47283285838118694,0.46431689742128346,40,40
kumo,spreadsheetbench,0.4726791551402816,0.45684390455104024,40,40
medagentbench,swebench-verified,0.4721464498147136,0.4522764034206237,40,40
aider-polyglot,spider2,0.47118874194579385,0.45213128009197123,40,36
compilebench,gso,0.4706760871122826,0.48359717960597837,15,40
featurebench-modal,medagentbench,0.4701788131043949,0.44267360401854916,40,40
featurebench-modal,hle,0.4690015306790113,0.44363654169507044,40,40
deepsynth,terminal-bench,0.4688970692597042,0.46070456369132445,35,40
crustbench,quixbugs,0.4682136335471003,0.4975145122067252,40,40
arc-agi-2,dacode,0.4681366624879393,0.4501142100919358,40,40
devopsgym,labbench,0.4674049997521156,0.42359228450943076,1,40
aime,aime,0.46670399824870357,0.46552929701265633,40,40
gaia,hle,0.4666831824115542,0.45491340566779587,40,40
aider-polyglot,quixbugs,0.4662494812536532,0.45249490816766297,40,40
medagentbench,spreadsheetbench,0.46532514475648695,0.4463833002715708,40,40
aider-polyglot,compilebench,0.46472569832112576,0.46482347943960445,40,15
humanevalfix,swebench-verified,0.46469554848745653,0.4640146377669606,40,40
compilebench,crmarena,0.46466820687712207,0.42511370847213675,15,40
deepsynth,replicationbench,0.464157230108452,0.45630305834579565,35,40
dacode,terminal-bench,0.4639114613927018,0.4474938166431147,40,40
featurebench-modal,gaia,0.4636959545024979,0.45525150105274775,40,40
deepsynth,spreadsheetbench,0.46364854558500895,0.44914634478651483,35,40
featurebench-modal,swebench-verified,0.46361034723230915,0.4472934393557715,40,40
mmmlu,simpleqa,0.463345638074983,0.4459534942254856,40,40
qcircuitbench,terminal-bench,0.46311320202279915,0.4491004645305118,25,40
crustbench,sldbench,0.4627870592857443,0.5087649693681104,40,8
crustbench,gso,0.46266119345899603,0.45309674965578933,40,40
algotune,financeagent_terminal,0.46262327275965004,0.4606842447503043,40,40
financeagent_terminal,replicationbench,0.4624122638488899,0.45798274681814155,40,40
gpqa-diamond,widesearch,0.46210830599900965,0.4359287875461635,40,40
featbench,simpleqa,0.4620673244964999,0.48861828129605733,1,40
gso,sldbench,0.4615227910322809,0.4349039376237586,40,8
arc-agi-2,swe-lancer,0.46078319553872094,0.45118688892303205,40,40
gaia,terminal-bench,0.4605431586524737,0.44905625833701124,40,40
arc-agi-2,compilebench,0.4601678185399002,0.47507966044348204,40,15
aider-polyglot,swtbench,0.4598490710390791,0.43601403750357093,40,40
swesmith,swesmith,0.4597895751720972,0.4499505006390308,40,40
gaia,gaia2,0.45967479827446384,0.4620088187248872,40,40
featbench,mlgym,0.45961748135020686,0.45961748135020686,1,2
gpqa-diamond,livecodebench,0.4591652017014951,0.4552182530306061,40,40
gso,quixbugs,0.45892320764563305,0.4562551150973724,40,40
compilebench,spider2,0.4587002501723059,0.4849648083488199,15,36
aider-polyglot,qcircuitbench,0.45847347981732006,0.45540760828817245,40,25
aider-polyglot,gaia,0.4576691166426876,0.4475789821441776,40,40
crmarena,lawbench,0.45760186479782716,0.4271971358555977,40,40
hle,swebenchpro,0.45746792070355524,0.4379605413456876,40,40
replicationbench,terminal-bench,0.45732365720070967,0.45440382331901175,40,40
gaia2,swesmith,0.4570895993508257,0.44715768836743774,40,40
featbench,swtbench,0.4566244427480003,0.4486532093394441,1,40
kumo,terminal-bench,0.456527835869628,0.43942439956190676,40,40
deepsynth,deepsynth,0.45637574442022055,0.44400264753157476,35,35
arc-agi-2,omnimath,0.4563502130696969,0.4244040298389915,40,40
crmarena,spreadsheetbench,0.45623706203155867,0.45331494979330844,40,40
sldbench,terminal-bench,0.45555521166025914,0.43627856246861807,8,40
crmarena,gso,0.4554229738190781,0.438776706764388,40,40
medagentbench,terminal-bench,0.4552364425428015,0.4437828794274165,40,40
livecodebench,terminal-bench,0.4551878941824743,0.43532605322787504,40,40
dacode,swebenchpro,0.45497688805239356,0.4445120666102472,40,40
codepde,codepde,0.4546578041566852,0.38710090204028497,3,3
spreadsheetbench,swesmith,0.45462121917427106,0.4368323980553488,40,40
gaia,spreadsheetbench,0.45451024961818043,0.44319356304080526,40,40
hle,swebench-verified,0.45417180802534085,0.4361847819416117,40,40
compilebench,gaia2,0.453871212333603,0.4517861531487073,15,40
gpqa-diamond,gpqa-diamond,0.453807470329324,0.44359688652059037,40,40
arc-agi-2,kumo,0.4536910775635812,0.4562349569506373,40,40
deepsynth,swebenchpro,0.45328890365937785,0.4503399997591568,35,40
aider-polyglot,crustbench,0.4531664236523006,0.44178448517814234,40,40
bixbench,mlgym,0.4531528224246665,0.4047800712650814,39,2
crustbench,swtbench,0.45290744588541615,0.4319253235376077,40,40
featurebench-modal,spider2,0.4527772798061035,0.4376620668112356,40,36
replicationbench,widesearch,0.45273333697162177,0.45655006275846505,40,40
aider-polyglot,skillsbench,0.45253544964810627,0.448679837843147,40,40
featurebench-modal,skillsbench,0.45176064226363866,0.4426995780419588,40,40
skillsbench,terminal-bench,0.4510401280672588,0.4456717137584327,40,40
financeagent_terminal,kumo,0.45048338049922304,0.42761345064567047,40,40
scicode,sldbench,0.45044050687333953,0.4380540418393265,40,8
deepsynth,gaia,0.4499706381501577,0.43752405610017303,35,40
gso,replicationbench,0.44982963657860026,0.4397919256904387,40,40
gso,kumo,0.4492945234515807,0.4370261330753469,40,40
gaia2,swtbench,0.4491598389429602,0.4286052262989704,40,40
dacode,sldbench,0.4488080845796273,0.45835502697732655,40,8
deepsynth,gaia2,0.44840534039337376,0.4438221045052853,35,40
gpqa-diamond,gso,0.44829091071425997,0.4226016362845151,40,40
gaia,medagentbench,0.4481145554029645,0.44001929588926125,40,40
simpleqa,swebenchpro,0.44762314586489604,0.4442293485143828,40,40
aime,financeagent_terminal,0.44750055612541095,0.4508200206771846,40,40
gso,qcircuitbench,0.44731545150893376,0.43506308680417827,40,25
labbench,replicationbench,0.4472994469063065,0.43572231549273704,40,40
gso,swesmith,0.4468803129975044,0.43028439062755636,40,40
gaia2,skillsbench,0.446554494548161,0.43303170129393714,40,40
gso,livecodebench,0.4453809520234121,0.4406183378324146,40,40
qcircuitbench,scicode,0.4453526636711882,0.4370446153491165,25,40
crmarena,swebenchpro,0.4453085390109976,0.42091681702353156,40,40
qcircuitbench,spreadsheetbench,0.44498111718526173,0.4276824900946907,25,40
gaia2,sldbench,0.4444056130411725,0.4252620010684024,40,8
compilebench,financeagent_terminal,0.4444023963825493,0.44233209832461995,15,40
hle,lawbench,0.4434369105111838,0.44082076635648165,40,40
featbench,replicationbench,0.44335916644710155,0.4469636507996656,1,40
gaia2,kumo,0.4427227834320701,0.4230703942259446,40,40
aider-polyglot,kumo,0.44205240105022414,0.42688906862233017,40,40
dacode,spider2,0.4414009831265521,0.4553707944574622,40,36
gpqa-diamond,replicationbench,0.44123361293907826,0.43298334265729804,40,40
quixbugs,scicode,0.44046844054339324,0.43488033215802746,40,40
crustbench,replicationbench,0.44036004243933924,0.45779906771451456,40,40
skillsbench,spreadsheetbench,0.44029239742426896,0.43286916512722684,40,40
financeagent_terminal,sldbench,0.4398822478498694,0.40554381882033735,40,8
qcircuitbench,qcircuitbench,0.43964153152763275,0.4444531690556795,25,25
labbench,simpleqa,0.4389501846390747,0.4101546907199146,40,40
aider-polyglot,pixiu,0.4388237806880566,0.4356429714467188,40,40
medagentbench,scicode,0.4388200159846287,0.4336153594646072,40,40
spider2,spider2,0.43869854744467074,0.4464483944181132,36,36
gaia2,quixbugs,0.4382885636768453,0.42612864621601326,40,40
dacode,financeagent_terminal,0.43820572543624225,0.4183359582377827,40,40
scicode,swebench-verified,0.43794955478316355,0.42797961645974836,40,40
algotune,gso,0.4378223973796459,0.4291891487528915,40,40
qcircuitbench,quixbugs,0.4376477772219209,0.4420543655311371,25,40
crustbench,gaia2,0.4376046434144517,0.4207329383851864,40,40
crustbench,featurebench-modal,0.437151358349427,0.4298905414318102,40,40
featurebench-modal,swtbench,0.4367785410405813,0.4222653768916589,40,40
livecodebench,swebenchpro,0.4366350696571835,0.424304961132937,40,40
livecodebench,quixbugs,0.4365672804203292,0.4410044707691484,40,40
crmarena,crmarena,0.4363323903652656,0.45513205317540967,40,40
algotune,mlgym,0.4354779167744864,0.4009030869041469,40,2
crustbench,scicode,0.43409783963895254,0.42756652138295964,40,40
deepsynth,swebench-verified,0.4335192618491801,0.43031688764069137,35,40
replicationbench,swebenchpro,0.43309101897102037,0.4233097422028461,40,40
featurebench-modal,lawbench,0.433027133582224,0.4414606640334263,40,40
livecodebench,widesearch,0.4329950605428762,0.43007607021320565,40,40
financeagent_terminal,swesmith,0.43229656195239846,0.4228676744162304,40,40
compilebench,medagentbench,0.4319562701599231,0.4186933447321864,15,40
crustbench,dacode,0.43189789945029244,0.44805524033763333,40,40
gpqa-diamond,terminal-bench,0.43146642110999067,0.4250887690604826,40,40
crmarena,gaia2,0.431461942652936,0.4210633309848692,40,40
featurebench-modal,replicationbench,0.43134786919550305,0.42730135573111083,40,40
crustbench,qcircuitbench,0.431121225142151,0.4227302858975324,40,25
aider-polyglot,dacode,0.43101833939897805,0.4177962969291977,40,40
arc-agi-2,bixbench,0.4306536481161145,0.4375330659870265,40,39
featbench,humanevalfix,0.43003385035252656,0.4371633904672015,1,40
hle,pixiu,0.4294140910367703,0.4153776249030539,40,40
crmarena,featurebench-modal,0.42916292001191,0.4141482153992046,40,40
crustbench,medagentbench,0.4290044293283501,0.4209863936887179,40,40
lawbench,reasoning-gym,0.42877951390295355,0.4276061816976714,40,40
medagentbench,swebenchpro,0.4283942933537186,0.42030761656784316,40,40
crmarena,featbench,0.428194843109314,0.4408800387291145,40,1
sldbench,swtbench,0.4278397680147651,0.3923858934278323,8,40
hle,qcircuitbench,0.4276327904252319,0.4221321539254115,40,25
gaia2,hle,0.42750871627992,0.4196608776300597,40,40
hle,medagentbench,0.42715918147860865,0.42147520475354017,40,40
financeagent_terminal,scicode,0.4262870100490153,0.41773609747687473,40,40
crustbench,spider2,0.42626194931872197,0.45128294448536926,40,36
crustbench,kumo,0.42528029810800905,0.4375096388177252,40,40
qcircuitbench,swebenchpro,0.4252563649954426,0.41445071944430434,25,40
dacode,kumo,0.4250081167785733,0.4360273528290587,40,40
humanevalfix,usaco,0.4245237742601985,0.4044934506203731,40,40
gso,medagentbench,0.4245198205167592,0.4181202483662436,40,40
financeagent_terminal,qcircuitbench,0.4241420262449005,0.420486044523552,40,25
crustbench,deepsynth,0.4241109732602222,0.4190693501627517,40,35
kumo,quixbugs,0.4239002108405021,0.4501902388623289,40,40
arc-agi-2,swesmith,0.42383777414197654,0.40482300902054136,40,40
swebench-verified,swesmith,0.42318056414538713,0.41212165355103736,40,40
deepsynth,lawbench,0.42301714842273463,0.4128239787748202,35,40
mlgym,swe-lancer,0.42284313272508034,0.392880151036828,2,40
scicode,terminal-bench,0.42267123105191695,0.41222199732405057,40,40
arc-agi-2,quixbugs,0.4224343780744495,0.425360417052558,40,40
kumo,sldbench,0.4222881264186721,0.4366161236715541,40,8
sldbench,spider2,0.42167189869989063,0.44226250955769886,8,36
humanevalfix,livecodebench,0.4216370213557841,0.4329723951317925,40,40
qcircuitbench,sldbench,0.4209908858585164,0.42599599510573527,25,8
featurebench-modal,mlgym,0.4208908032720631,0.4220980394725794,40,2
arc-agi-2,crustbench,0.4206296776874185,0.42105224228502197,40,40
hle,swtbench,0.42046406103776635,0.4076363582539186,40,40
replicationbench,skillsbench,0.4203707454135946,0.4236574501204949,40,40
skillsbench,swebench-verified,0.4202656218744122,0.42954701889866453,40,40
kumo,swtbench,0.41879968730714756,0.4041409181877353,40,40
aider-polyglot,sldbench,0.41848321564602153,0.3953715458192842,40,8
aider-polyglot,swe-lancer,0.4184332020647789,0.41935170534344723,40,40
gaia,lawbench,0.41827192327909535,0.40993203088070784,40,40
kumo,medagentbench,0.4178306492071776,0.42096256875593896,40,40
arc-agi-2,crmarena,0.4178153023235457,0.41696268032747597,40,40
crmarena,spider2,0.41709212140556834,0.40524578929353183,40,36
financeagent_terminal,simpleqa,0.4168675207296484,0.4016573291888079,40,40
livecodebench,mlgym,0.4166576839779066,0.40821665772125854,40,2
gso,pixiu,0.41654741590410693,0.40891460751948644,40,40
kumo,kumo,0.4163112910394313,0.43370807391059546,40,40
crmarena,dacode,0.4160239390428837,0.41599207628316665,40,40
dacode,featurebench-modal,0.41599586781844644,0.395039501180396,40,40
gaia,mlgym,0.41580493157248233,0.39305193298658136,40,2
gaia,swebench-verified,0.4155408761304113,0.4122948426381475,40,40
arc-agi-2,simpleqa,0.4154385307158688,0.3954217753170838,40,40
quixbugs,swtbench,0.4151210045803184,0.4044968947077871,40,40
algotune,widesearch,0.4150668380944924,0.40828169684569887,40,40
financeagent_terminal,pixiu,0.4140823952144541,0.4131299394945202,40,40
replicationbench,spreadsheetbench,0.4136812916938667,0.40089125587418034,40,40
gaia,simpleqa,0.41311357557210643,0.411586974721066,40,40
swebenchpro,swesmith,0.4127589356523802,0.4005168997692984,40,40
dacode,swtbench,0.4123807503326093,0.4083747316934793,40,40
crmarena,sldbench,0.41181590358008296,0.3796931606000049,40,8
hle,spider2,0.4116499937214775,0.4129517530603434,40,36
crustbench,skillsbench,0.4113912623065059,0.4180253046592534,40,40
gaia2,medagentbench,0.41068907582579084,0.3957784927855834,40,40
compilebench,skillsbench,0.41030309558892586,0.4350805553826626,15,40
hle,omnimath,0.4101675508439394,0.40294772464676126,40,40
medagentbench,quixbugs,0.4096237582680076,0.41692094248359185,40,40
financeagent_terminal,omnimath,0.40932914316198,0.40267279906430836,40,40
deepsynth,livecodebench,0.40924893783818705,0.4130290072116806,35,40
spider2,swtbench,0.4089377196281978,0.4033042464873626,36,40
aider-polyglot,medagentbench,0.40893215004794004,0.4033167983757936,40,40
algotune,swebenchpro,0.40890158919077524,0.4044570868775579,40,40
featbench,gpqa-diamond,0.40833379889084165,0.3956837088373345,1,40
crmarena,mlgym,0.4081027660205622,0.4094593793393856,40,2
featurebench-modal,simpleqa,0.4080545914824169,0.38163181633792703,40,40
labbench,skillsbench,0.40790364835170817,0.41113072628704417,40,40
simpleqa,widesearch,0.407690621886766,0.4077803027647057,40,40
kumo,spider2,0.40688821464445957,0.4289464712444595,40,36
aider-polyglot,swesmith,0.40657373047442713,0.3956244263185296,40,40
scicode,spreadsheetbench,0.4065231181844471,0.38966879323415066,40,40
medagentbench,sldbench,0.40578784947849866,0.40209628978909906,40,8
deepsynth,spider2,0.4049353829442407,0.3991767659874664,35,36
skillsbench,swtbench,0.4048558725505922,0.3999881961576895,40,40
pixiu,terminal-bench,0.40432644316610067,0.4004639468492458,40,40
hle,skillsbench,0.40412597640264514,0.3977375694966737,40,40
medagentbench,spider2,0.40396235861316787,0.4084243452594594,40,36
livecodebench,qcircuitbench,0.40376710308662905,0.403055047728905,40,25
aider-polyglot,algotune,0.4036721634793116,0.4095958962702838,40,40
aider-polyglot,usaco,0.4034295935705131,0.391341834405265,40,40
qcircuitbench,swtbench,0.40335006258014616,0.3963930439478588,25,40
replicationbench,swebench-verified,0.40265595008686694,0.3976422144955205,40,40
featurebench-modal,swe-lancer,0.4022996454869871,0.3844388270438278,40,40
algotune,sldbench,0.40173587395821025,0.39316830577306894,40,8
spider2,swesmith,0.4016998540549407,0.3987200774997686,36,40
algotune,livecodebench,0.40165816815108596,0.4106131071650918,40,40
mlgym,usaco,0.4012202833755665,0.403999741635048,2,40
arc-agi-2,scicode,0.4011499719743645,0.40871165440856116,40,40
quixbugs,spider2,0.4011020308459171,0.42714323731888837,40,36
hle,quixbugs,0.40091358252433545,0.3966713794226113,40,40
featurebench-modal,swesmith,0.4008121798569837,0.39069469047356903,40,40
dacode,humanevalfix,0.4007520407523554,0.3940475924824077,40,40
deepsynth,medagentbench,0.4002918605402571,0.3965075986099416,35,40
swesmith,terminal-bench,0.3999259965458063,0.3925767790322973,40,40
dacode,swesmith,0.39988515402017377,0.39589918382855593,40,40
pixiu,widesearch,0.3991819108731011,0.39523993809479596,40,40
skillsbench,spider2,0.3991335316941999,0.40090546514767345,40,36
crmarena,terminal-bench,0.39908561903708495,0.391658842790579,40,40
deepsynth,gpqa-diamond,0.39860248092107636,0.4084651051252989,35,40
aime,livecodebench,0.39852339720570423,0.41800254785121427,40,40
algotune,lawbench,0.39838307451797417,0.3917474122755018,40,40
reasoning-gym,widesearch,0.3981599287860947,0.40342802424988455,40,40
hle,kumo,0.39752319599996255,0.3917803433103639,40,40
crmarena,kumo,0.3971518173066698,0.3858918652856937,40,40
aider-polyglot,bixbench,0.3971054051709123,0.41359982342824375,40,39
gpqa-diamond,lawbench,0.3969145314199639,0.3939985301148318,40,40
algotune,crustbench,0.3969143114379967,0.3893347844260997,40,40
gso,swe-lancer,0.3968820854547398,0.4053496719453035,40,40
financeagent_terminal,swe-lancer,0.3968683438920793,0.40547624262728843,40,40
bixbench,featbench,0.3965051839459395,0.40664964654310404,39,1
aime,widesearch,0.396099069502527,0.39351986202212813,40,40
gso,simpleqa,0.3959037602271427,0.3889012120633582,40,40
algotune,gaia2,0.3958372629085847,0.38212427979212216,40,40
algotune,terminal-bench,0.3958168730717967,0.39523889633312775,40,40
gaia,kumo,0.39575761933966086,0.38974487191021057,40,40
compilebench,featurebench-modal,0.3954862284653453,0.4097807075745059,15,40
dacode,medagentbench,0.3954033408124601,0.40120957881970953,40,40
gpqa-diamond,swebenchpro,0.3953269068294838,0.3846566084675065,40,40
humanevalfix,qcircuitbench,0.3949076941303434,0.4352590773227779,40,25
replicationbench,swe-lancer,0.3948104538682603,0.39151459646196535,40,40
quixbugs,skillsbench,0.3946605579906147,0.40989054655832435,40,40
replicationbench,simpleqa,0.394523038474504,0.38186238988707744,40,40
compilebench,reasoning-gym,0.39447974460476865,0.3976183846278958,15,40
compilebench,hle,0.39440211995361435,0.40332119936270894,15,40
aime,gaia,0.3941677934449144,0.3897542169093643,40,40
dacode,quixbugs,0.3938726804146617,0.4147308465472433,40,40
aime,swebenchpro,0.3937902202805055,0.39240326901810973,40,40
humanevalfix,swebenchpro,0.39378705911975553,0.40211043868649327,40,40
gpqa-diamond,quixbugs,0.39377851033886224,0.3911519887013376,40,40
bixbench,widesearch,0.3936107205077879,0.4100301571167395,39,40
deepsynth,skillsbench,0.39334519050010547,0.39974882339551104,35,40
aider-polyglot,omnimath,0.39329582997257717,0.3903500850224823,40,40
reasoning-gym,swebench-verified,0.3928558757892627,0.40835135740816497,40,40
featbench,scicode,0.39282426737816867,0.39178740981681276,1,40
lawbench,skillsbench,0.3927812419205404,0.39658107506077955,40,40
gaia,swtbench,0.392690048929672,0.38587004137338277,40,40
hle,scicode,0.39257671063229604,0.3968728827986244,40,40
medagentbench,swtbench,0.3925553236040675,0.39340904004835037,40,40
labbench,widesearch,0.3923652144732089,0.38614993947652004,40,40
medagentbench,swesmith,0.39212786112658254,0.3831720804604997,40,40
gaia,spider2,0.39125012752394683,0.3948584280608052,40,36
livecodebench,replicationbench,0.3909478566625253,0.4148406194187963,40,40
swesmith,widesearch,0.39083927280040603,0.38755690328556114,40,40
gpqa-diamond,spreadsheetbench,0.3907275163710694,0.3929023670828389,40,40
arc-agi-2,labbench,0.390624999504664,0.3937929583917918,40,40
swe-lancer,terminal-bench,0.39060912902311873,0.39539693637784834,40,40
pixiu,replicationbench,0.39031461378721755,0.3867559514220038,40,40
algotune,arc-agi-2,0.38975732815730146,0.3891506973018085,40,40
dacode,qcircuitbench,0.38935031593942765,0.39287460662458407,40,25
replicationbench,spider2,0.3889677195776363,0.39019863497432145,40,36
financeagent_terminal,seal0,0.38883667769865116,0.39299160548037887,40,40
strongreject,strongreject,0.3887315034874089,0.4186857718089061,40,40
gaia,replicationbench,0.3887129604108268,0.38335094053630664,40,40
aider-polyglot,seal0,0.38869254614661397,0.3890625113253667,40,40
bixbench,replicationbench,0.3886900270979568,0.3930413230550812,39,40
mlgym,mmau,0.38865343055024226,0.35509522370130053,2,40
bixbench,hle,0.3884640636101957,0.3930285112010784,39,40
gaia2,mlgym,0.38830441424789897,0.3648859717938112,40,2
gaia,swesmith,0.3879836775397194,0.38003365126333305,40,40
bigcodebench,lawbench,0.38774596553781115,0.3737724281432346,40,40
arc-agi-2,sldbench,0.3876637765489505,0.37412062399370827,40,8
research-code-bench,skillsbench,0.3872183390948196,0.3965487254909945,40,40
aider-polyglot,simpleqa,0.3871228285854195,0.37145176125902524,40,40
bigcodebench,swebench-verified,0.38708191583718105,0.37247351443007676,40,40
crustbench,reasoning-gym,0.3865442786168436,0.387508610740834,40,40
hle,swe-lancer,0.386478866881932,0.39187831053413175,40,40
gaia,gpqa-diamond,0.38637969101491876,0.3850538010236474,40,40
simpleqa,skillsbench,0.3861021005220678,0.37072164619316633,40,40
algotune,quixbugs,0.38600741598719573,0.395835816523401,40,40
seal0,simpleqa,0.3859387630999336,0.38420772675424336,40,40
quixbugs,reasoning-gym,0.3858552527500321,0.3787065334902715,40,40
dacode,hle,0.38574619450594394,0.3718731098413165,40,40
humanevalfix,terminal-bench,0.3856977510565467,0.401080544363931,40,40
aime,gso,0.3852746020038361,0.3874021565004729,40,40
financeagent_terminal,mmau,0.3852305334648207,0.37890016985211644,40,40
gso,omnimath,0.3851744967824656,0.3730004625612142,40,40
deepsynth,swtbench,0.38513224521420014,0.38367747469375885,35,40
featbench,pixiu,0.384430944459094,0.36328205025019755,1,40
skillsbench,sldbench,0.38421281971056265,0.38443730293010125,40,8
featurebench-modal,omnimath,0.3841621349852884,0.3747942293914089,40,40
featbench,seal0,0.3834863389788653,0.3922947447035027,1,40
crustbench,hle,0.38345816313245706,0.377649550401399,40,40
financeagent_terminal,reasoning-gym,0.38330986160501046,0.3866106041531087,40,40
algotune,featurebench-modal,0.38329753951114254,0.37780518310596795,40,40
featurebench-modal,kumo,0.38323649183283237,0.38638059738466557,40,40
bixbench,financeagent_terminal,0.3830301655561539,0.39693875705854614,39,40
reasoning-gym,terminal-bench,0.38253460441767134,0.3865374847728697,40,40
mlgym,pixiu,0.38181294696867374,0.3913264019790018,2,40
gaia2,simpleqa,0.3813336981918709,0.387811456638542,40,40
crmarena,financeagent_terminal,0.3812038568196571,0.39280009720314796,40,40
gaia,quixbugs,0.3811274107713804,0.3721379115153665,40,40
aime,featurebench-modal,0.38076139218599936,0.38185713440054925,40,40
gso,scicode,0.3802585846920104,0.3715039123077628,40,40
algotune,spreadsheetbench,0.3801387106554225,0.38644522354503424,40,40
gpqa-diamond,pixiu,0.3798764091909476,0.3880152581620433,40,40
aider-polyglot,scicode,0.3786065501889325,0.371915402321594,40,40
compilebench,replicationbench,0.37838852961615593,0.38698539006381316,15,40
labbench,swebenchpro,0.37837411625566775,0.3724106385109022,40,40
aime,arc-agi-2,0.3783205993911283,0.3818370008679963,40,40
crmarena,skillsbench,0.37825806401152,0.37300100276993264,40,40
gaia,omnimath,0.37752838930867205,0.37825784880120344,40,40
simpleqa,terminal-bench,0.3770664788160719,0.3718423828898406,40,40
lawbench,swesmith,0.3770422272217107,0.3872099842647667,40,40
algotune,deepsynth,0.37688555434021165,0.3802731496332924,40,35
qcircuitbench,spider2,0.3767438166197201,0.38148373279996867,25,36
kumo,simpleqa,0.37648001902423667,0.3709402274135924,40,40
livecodebench,pixiu,0.3761930925906175,0.40243209669136315,40,40
livecodebench,skillsbench,0.37605532234104155,0.38186002749897097,40,40
featurebench-modal,quixbugs,0.37592624885314296,0.3855858211479733,40,40
arc-agi-2,reasoning-gym,0.3754897387523067,0.3946103433096453,40,40
compilebench,gaia,0.37544499525503067,0.3824158387714601,15,40
mmmlu,skillsbench,0.37517804882656725,0.3958245469612641,40,40
humanevalfix,spreadsheetbench,0.374705644650474,0.3774594683444249,40,40
deepsynth,quixbugs,0.3744725511114735,0.3710213740727566,35,40
aime,omnimath,0.3743901849141916,0.3895747853558572,40,40
crmarena,quixbugs,0.3742281891635709,0.3659397003875985,40,40
algotune,hle,0.37394689830514843,0.38135312045128134,40,40
aime,hle,0.37345250184126544,0.3701097965101818,40,40
bixbench,swebenchpro,0.3731863557448487,0.3937306869511648,39,40
swe-lancer,swebench-verified,0.37300583432535983,0.38538237885863935,40,40
codepde,scicode,0.3729682043187562,0.36876042425501177,3,40
dacode,deepsynth,0.3724239814968267,0.3711724060159852,40,35
gpqa-diamond,qcircuitbench,0.3720581788578843,0.38131388139235084,40,25
bixbench,gso,0.37173788468817925,0.38692295662511805,39,40
aider-polyglot,aime,0.3717131892933113,0.3750228976486709,40,40
algotune,swebench-verified,0.3716203491401018,0.36673733360623034,40,40
algotune,replicationbench,0.37127571830611994,0.3696838868079634,40,40
arc-agi-2,seal0,0.3712495615511908,0.3743998253799923,40,40
bigcodebench,compilebench,0.37123885614898167,0.36422714726235267,40,15
crmarena,swtbench,0.37117336241431087,0.3691882689185817,40,40
aime,gaia2,0.3710871426639072,0.3701089224294762,40,40
reasoning-gym,scicode,0.3710352500266021,0.3690270818791109,40,40
featurebench-modal,gpqa-diamond,0.37085145344882064,0.3598342924325497,40,40
omnimath,widesearch,0.3707307969223965,0.36329330288909717,40,40
qcircuitbench,reasoning-gym,0.37067191511471165,0.3686120629967541,25,40
gaia2,qcircuitbench,0.37063072866749336,0.36069248251003716,40,25
pixiu,swebenchpro,0.3705010356756366,0.37809802688248806,40,40
replicationbench,swtbench,0.3704989965275134,0.3662735364502747,40,40
algotune,algotune,0.37047833188059154,0.3695989345373305,40,40
crustbench,swe-lancer,0.3701568062029762,0.37731814300999383,40,40
medagentbench,qcircuitbench,0.37014698762941217,0.3845711394778863,40,25
swe-lancer,widesearch,0.3700679529097477,0.39500567798964764,40,40
deepsynth,qcircuitbench,0.37004019620931333,0.3757195521202319,35,25
humanevalfix,reasoning-gym,0.36983300632302446,0.34737491440686485,40,40
aider-polyglot,reasoning-gym,0.3693860912135889,0.39105393507263314,40,40
medagentbench,replicationbench,0.3692108665356612,0.3800589364256183,40,40
qcircuitbench,replicationbench,0.3690963227042894,0.37757279765245655,25,40
reasoning-gym,sldbench,0.36861084125039295,0.3639138819651948,40,8
aime,quixbugs,0.36852188976169775,0.37780185677609507,40,40
featurebench-modal,livecodebench,0.3684312769948647,0.35613890683380417,40,40
scicode,swtbench,0.3684157096655852,0.3688046355535951,40,40
lawbench,livecodebench,0.3683572911544343,0.37142497988125706,40,40
gpqa-diamond,scicode,0.3679561949733525,0.3662110993648436,40,40
compilebench,deepsynth,0.36773818697721106,0.38111081573805267,15,35
dacode,scicode,0.36751386001792397,0.36233773081040693,40,40
featurebench-modal,qcircuitbench,0.36751042341410817,0.35543112667746396,40,25
bixbench,terminal-bench,0.3667934543112207,0.3896759475268369,39,40
gaia,skillsbench,0.36667837878650933,0.3731330666650214,40,40
pixiu,spreadsheetbench,0.36646079198689135,0.37878432012112356,40,40
omnimath,omnimath,0.3663807321125544,0.3863873289244825,40,40
crmarena,medagentbench,0.36582547417106337,0.37657703833889977,40,40
dacode,skillsbench,0.3654724665918718,0.3613502257517811,40,40
featbench,qcircuitbench,0.3654346083785729,0.35759551334125717,1,25
gpqa-diamond,swebench-verified,0.36536142942590044,0.3719295089591458,40,40
lawbench,replicationbench,0.3652689559093281,0.38222338162189035,40,40
gpqa-diamond,medagentbench,0.3650166299374685,0.36963482093565664,40,40
spreadsheetbench,swe-lancer,0.36489056096798805,0.38452022457188917,40,40
featbench,research-code-bench,0.3644740435384722,0.3791960420124482,1,40
crustbench,gaia,0.3642736513428002,0.36562378655169014,40,40
featurebench-modal,sldbench,0.3642403688323435,0.38164057493877,40,8
gso,mmau,0.3642354081183645,0.37309815968380433,40,40
deepsynth,omnimath,0.364021212020027,0.3623223388836286,35,40
replicationbench,seal0,0.36307812507668713,0.36379164385401386,40,40
deepsynth,sldbench,0.3629156538011271,0.3506282933156862,35,8
lawbench,swe-lancer,0.3628724246224554,0.38438991874789585,40,40
algotune,compilebench,0.36270250792497427,0.3701200389667549,40,15
livecodebench,spreadsheetbench,0.36268958631776316,0.36519014924439813,40,40
kumo,swesmith,0.3623847207322667,0.368669135644962,40,40
sldbench,swesmith,0.36224552294857154,0.36631606163860253,8,40
pixiu,swebench-verified,0.36189944960762455,0.37780217059969506,40,40
livecodebench,seal0,0.3615576369823204,0.3612679240394513,40,40
kumo,skillsbench,0.36086129930991095,0.3727770645777997,40,40
humanevalfix,spider2,0.36082686981736456,0.37992096728943114,40,36
featurebench-modal,scicode,0.3604224480101755,0.3633534937336321,40,40
crmarena,swesmith,0.3598825680090605,0.35259607919369224,40,40
bigcodebench,codepde,0.3598165813993981,0.3468753234799257,40,3
crmarena,crustbench,0.35979375127029356,0.3622742752194067,40,40
hle,sldbench,0.35891196266632974,0.3553489290266191,40,8
kumo,qcircuitbench,0.35835127284962776,0.37467775006663034,40,25
deepsynth,simpleqa,0.35798264226601456,0.35709005693407453,35,40
omnimath,terminal-bench,0.3579582463829901,0.35872239106945886,40,40
qcircuitbench,usaco,0.356888566346485,0.36312561161418827,25,40
hle,seal0,0.3567480813582796,0.36282306658240315,40,40
bixbench,gpqa-diamond,0.356606885777509,0.3654647419090355,39,40
gaia2,livecodebench,0.35646844177226067,0.35593605301177095,40,40
deepsynth,kumo,0.35615026581438447,0.36659845371999883,35,40
livecodebench,omnimath,0.35561335496541924,0.36756825478773164,40,40
spider2,swe-lancer,0.3556112774536395,0.35465837211901635,36,40
codepde,mmmlu,0.3554616155985206,0.34438230962188776,3,40
scicode,swebenchpro,0.3551701769481278,0.3488330233266545,40,40
algotune,scicode,0.3547682977967009,0.35537680748199824,40,40
crustbench,gpqa-diamond,0.3544994143659618,0.3598832748699866,40,40
codepde,research-code-bench,0.3544071683503543,0.33760015500260854,3,40
hle,swesmith,0.3540652326007835,0.35511028015032764,40,40
hle,usaco,0.354009205563116,0.35837704548508464,40,40
crustbench,livecodebench,0.3539690868298567,0.3619980713599733,40,40
deepsynth,swe-lancer,0.353727877857659,0.37330406183484605,35,40
aime,terminal-bench,0.3534967318274042,0.36158181687935054,40,40
hle,simpleqa,0.3534883287817957,0.3499637784392011,40,40
simpleqa,spreadsheetbench,0.3532609747760511,0.3584259165399416,40,40
financeagent_terminal,usaco,0.35325597881990545,0.3516929044860649,40,40
crmarena,gaia,0.35288695467484676,0.35567572347212123,40,40
dacode,gaia,0.3527788297238533,0.3578404240950291,40,40
livecodebench,sldbench,0.35205754594849414,0.3401553505029936,40,8
replicationbench,sldbench,0.3518575241207182,0.3572583795729959,40,8
omnimath,replicationbench,0.3514776732964015,0.34742312263552905,40,40
deepsynth,pixiu,0.3513727979820809,0.3628314542336631,35,40
deepsynth,scicode,0.3509911275780706,0.3564978435416738,35,40
simpleqa,spider2,0.35093386933200016,0.3495108116864158,40,36
gpqa-diamond,omnimath,0.3507940893937728,0.36430786338966115,40,40
gaia,sldbench,0.3504187898738349,0.3511129602233399,40,8
labbench,terminal-bench,0.3503220321050107,0.3561898510578789,40,40
algotune,gpqa-diamond,0.3502018594430494,0.36163819693033344,40,40
gpqa-diamond,swe-lancer,0.3499558558354561,0.35792224680366047,40,40
gpqa-diamond,spider2,0.3498071800510304,0.3519853413081842,40,36
kumo,replicationbench,0.34974598095215903,0.36545984842699175,40,40
reasoning-gym,spreadsheetbench,0.34960860915058023,0.36791439354210204,40,40
featbench,swe-lancer,0.34865443728964185,0.3910980128624727,1,40
codepde,lawbench,0.3483981055162867,0.4177114232223821,3,40
featbench,mmau,0.34829280841325183,0.3680134786995617,1,40
gaia2,pixiu,0.3482679396542846,0.35743927221528665,40,40
lawbench,pixiu,0.34781270786513374,0.36667648309580353,40,40
algotune,qcircuitbench,0.3474459432262106,0.35896259588078483,40,25
quixbugs,replicationbench,0.3471700120915623,0.36872302654576816,40,40
compilebench,livecodebench,0.34713753878074083,0.3549279090834691,15,40
medagentbench,swe-lancer,0.3468655716634188,0.3511266940907663,40,40
qcircuitbench,skillsbench,0.346635879950028,0.3581981876310509,25,40
compilebench,swe-lancer,0.3462786279781447,0.3577036706649949,15,40
pixiu,spider2,0.34616949796377744,0.3507532222536908,40,36
swe-lancer,swebenchpro,0.34590893250295496,0.3623145875089913,40,40
quixbugs,usaco,0.34582331598879573,0.3515683309504014,40,40
aider-polyglot,humanevalfix,0.34575717288130137,0.3521572413012691,40,40
gaia2,scicode,0.34543288842205294,0.34067309844550747,40,40
gso,reasoning-gym,0.3452405234498218,0.3631536547295894,40,40
bigcodebench,sldbench,0.34521144190848296,0.3401908873302747,40,8
algotune,skillsbench,0.3449906499092724,0.3573665535450729,40,40
gpqa-diamond,skillsbench,0.344834074352429,0.358002801136891,40,40
medagentbench,simpleqa,0.34402757798588746,0.35427948375249907,40,40
gpqa-diamond,kumo,0.3436636699944696,0.34724990963473085,40,40
bixbench,spreadsheetbench,0.343011166050614,0.3697502009325075,39,40
gaia,seal0,0.34294132133090727,0.35738461141453065,40,40
codepde,humanevalfix,0.3427785044728171,0.4848039963181627,3,40
labbench,seal0,0.3427363770237406,0.34570199150549996,40,40
featbench,reasoning-gym,0.3427263042939158,0.36658487145951196,1,40
gaia2,swe-lancer,0.34254305523728823,0.35280061040025984,40,40
gaia2,gpqa-diamond,0.34246092890918534,0.3501964661596755,40,40
scicode,spider2,0.3424136497455989,0.340867902779324,40,36
kumo,reasoning-gym,0.3422643949618305,0.33958826122985486,40,40
bixbench,lawbench,0.34203212845491715,0.37321039770064723,39,40
aider-polyglot,crmarena,0.34183596284098555,0.34971387499954515,40,40
pixiu,qcircuitbench,0.34174266424951216,0.3561880917233434,40,25
livecodebench,scicode,0.34164127571749203,0.34362422671716675,40,40
bigcodebench,crustbench,0.34144364505191604,0.3326540101902904,40,40
aime,lawbench,0.3413487018570393,0.34948186306448503,40,40
bigcodebench,dacode,0.3409707529963536,0.34404383007888556,40,40
lawbench,mmau,0.34080323204214436,0.35827688949984915,40,40
aime,spreadsheetbench,0.3402902342815567,0.34812191264074743,40,40
dacode,replicationbench,0.3396890019069032,0.3432133936177499,40,40
gaia2,replicationbench,0.33963035854725576,0.3426075125346658,40,40
crmarena,humanevalfix,0.3395678486430639,0.33392457428473066,40,40
seal0,swebenchpro,0.33947146281289964,0.3574764189906307,40,40
aime,deepsynth,0.3392610211944389,0.36004055233792776,40,35
omnimath,swebenchpro,0.33916623989585126,0.34472075443278327,40,40
gaia,scicode,0.3391637660868419,0.3496220149890772,40,40
compilebench,swesmith,0.3391541106584557,0.35868617293173005,15,40
bixbench,skillsbench,0.3390723100796714,0.35471897149391063,39,40
quixbugs,simpleqa,0.3387537429470791,0.3453721787662611,40,40
quixbugs,swe-lancer,0.33874713988206306,0.35003128736200895,40,40
hle,reasoning-gym,0.3381413995563149,0.36676247306894516,40,40
deepsynth,swesmith,0.33799596244555374,0.3459760088398955,35,40
seal0,widesearch,0.3371671644059808,0.35244374268209294,40,40
aider-polyglot,mmau,0.3371661681308799,0.354416293258765,40,40
reasoning-gym,swebenchpro,0.336901583964577,0.35043722514733927,40,40
seal0,seal0,0.33612715301504636,0.34703738156544117,40,40
compilebench,gpqa-diamond,0.3360537729058417,0.3513975022206652,15,40
crmarena,hle,0.3359948490887891,0.33555322327844905,40,40
pixiu,swtbench,0.3358221387914326,0.34144484971323535,40,40
bixbench,labbench,0.33515924438603917,0.33910709626642266,39,40
gpqa-diamond,seal0,0.334864280732165,0.3405808954426137,40,40
kumo,scicode,0.3346888216882275,0.3301817975120053,40,40
deepsynth,seal0,0.33468718150741567,0.34503619555008996,35,40
featurebench-modal,pixiu,0.3343255205345198,0.3419912145868212,40,40
seal0,terminal-bench,0.3343012139229619,0.3463327217577546,40,40
medagentbench,pixiu,0.3342887807334125,0.34172661340259197,40,40
gaia,livecodebench,0.33421256420648243,0.34039493177715385,40,40
bigcodebench,humanevalfix,0.3341931300373737,0.34580014224080885,40,40
bixbench,livecodebench,0.3341095279496491,0.3649072486346143,39,40
gpqa-diamond,usaco,0.33400732723419435,0.34705409213641963,40,40
reasoning-gym,spider2,0.3337066126020919,0.35058134826295145,40,36
pixiu,quixbugs,0.33354952063337495,0.36779369098593506,40,40
algotune,spider2,0.33343785914465146,0.3437627842831732,40,36
pixiu,pixiu,0.3333571624838658,0.355597808258644,40,40
gpqa-diamond,swtbench,0.3328004705316357,0.3406321214262175,40,40
gpqa-diamond,reasoning-gym,0.332325235182793,0.34480899702337836,40,40
bigcodebench,spreadsheetbench,0.33221576351423787,0.34991956428398896,40,40
aime,gpqa-diamond,0.3321773714369056,0.34487587403422737,40,40
mmau,widesearch,0.33184143432215196,0.35753370434176435,40,40
bigcodebench,gso,0.33171645215381185,0.34842392384997384,40,40
gpqa-diamond,sldbench,0.3316219970483799,0.32339390958859937,40,8
mlgym,swesmith,0.3314208951039611,0.31909645255262264,2,40
featurebench-modal,reasoning-gym,0.33128881157888923,0.3304019947862213,40,40
quixbugs,swesmith,0.33123934585138315,0.33691760143735455,40,40
terminal-bench,usaco,0.33119076646997236,0.3343777851390128,40,40
humanevalfix,mmau,0.33097897779259655,0.355900293293076,40,40
omnimath,spreadsheetbench,0.3309376556035555,0.3497584829123002,40,40
bixbench,deepsynth,0.33084218807132454,0.35783963254142637,39,35
bixbench,swebench-verified,0.3306844102888469,0.3719489556212324,39,40
gaia2,mmau,0.33061429685933014,0.3422108303488735,40,40
crmarena,deepsynth,0.3303572756336707,0.3345810596826654,40,35
gaia2,omnimath,0.3302232544894659,0.3374697995915939,40,40
crustbench,labbench,0.329931252301882,0.3364551419504515,40,40
algotune,humanevalfix,0.32980071175079506,0.35551222639380214,40,40
swe-lancer,swtbench,0.3297476799676158,0.34858324167616955,40,40
medagentbench,omnimath,0.3297095078842788,0.3421932622859677,40,40
algotune,swtbench,0.32961155693064803,0.3380332298465838,40,40
mmau,terminal-bench,0.32935943037697224,0.34667265663484964,40,40
skillsbench,swe-lancer,0.32933953119241266,0.346976191338929,40,40
mmau,spreadsheetbench,0.3291983875940229,0.3484584935704358,40,40
algotune,gaia,0.3291661268754632,0.34465973760755325,40,40
bixbench,crustbench,0.3291654472445331,0.3646681776482748,39,40
gaia,pixiu,0.32881815318912255,0.34031708005617484,40,40
dacode,swe-lancer,0.32877974528513665,0.34286813840279506,40,40
dacode,reasoning-gym,0.32864028539476386,0.3482549055428443,40,40
compilebench,pixiu,0.32854728847207093,0.3471571099081153,15,40
crustbench,swesmith,0.32828447923992465,0.3296220478251892,40,40
labbench,mlgym,0.32815881835624894,0.32883615471479505,40,2
codepde,qcircuitbench,0.32815084126924243,0.342633753254342,3,25
crustbench,pixiu,0.3278506372950574,0.35251347942604205,40,40
algotune,medagentbench,0.3270417338186394,0.32368830454952585,40,40
aider-polyglot,labbench,0.3267970280451749,0.34088359253148326,40,40
medagentbench,reasoning-gym,0.3266631803005006,0.34690451056141486,40,40
dacode,pixiu,0.3265583949606725,0.33353343205602626,40,40
livecodebench,swe-lancer,0.3265389897065246,0.3428451437029206,40,40
codepde,crustbench,0.3264165583714117,0.34892648863726416,3,40
gaia,qcircuitbench,0.326188082039498,0.3343858399806478,40,25
aime,medagentbench,0.32606209059394853,0.3403296486012545,40,40
swe-lancer,swe-lancer,0.325434559400433,0.34035561787841595,40,40
gso,humanevalfix,0.3253956867279843,0.34681371583821674,40,40
livecodebench,reasoning-gym,0.3252926363075713,0.3344956124791079,40,40
featbench,mmmlu,0.32527058001234654,0.3329581006457841,1,40
qcircuitbench,swe-lancer,0.3247377330034341,0.35206974378318606,25,40
mmau,scicode,0.3246534326774973,0.34054426654405,40,40
arc-agi-2,mmau,0.3244388024167012,0.34578034884964637,40,40
bigcodebench,quixbugs,0.3243646693801834,0.32802519641096967,40,40
bixbench,featurebench-modal,0.3241126059513596,0.3405373241674916,39,40
bixbench,qcircuitbench,0.32410420767601583,0.34715201531240536,39,25
bixbench,gaia,0.3231332777804228,0.3448606947835616,39,40
livecodebench,spider2,0.3228820756635662,0.3302371318077801,40,36
arc-agi-2,strongreject,0.3228405348883653,0.33130443981208385,40,40
gaia2,humanevalfix,0.3226514410807625,0.32525420621844164,40,40
featbench,labbench,0.3225131062984841,0.32233582426721014,1,40
algotune,pixiu,0.32250506869927653,0.3393587733513339,40,40
scicode,swe-lancer,0.32249594459614384,0.33381409489045377,40,40
aime,scicode,0.32171663717135984,0.3420122805419168,40,40
mlgym,omnimath,0.3209861238191166,0.3194540506991027,2,40
pixiu,swe-lancer,0.3208672505864563,0.3352012585868239,40,40
mmau,swebench-verified,0.3207786409465484,0.3466835214991288,40,40
bixbench,compilebench,0.32053648724660233,0.37080315860163837,39,15
aime,swesmith,0.3203405538598182,0.321828619419764,40,40
bixbench,quixbugs,0.31990447169270186,0.37123648675095766,39,40
gso,seal0,0.3198498054018888,0.33815475354416064,40,40
mmau,swebenchpro,0.31929494636624534,0.34259820790241363,40,40
algotune,dacode,0.31925956858758625,0.32856655069599683,40,40
compilebench,mmau,0.31858327918072704,0.3432211198963646,15,40
bixbench,pixiu,0.31842862010850514,0.33635933988909056,39,40
kumo,labbench,0.3181288532003702,0.31256224569752505,40,40
kumo,swe-lancer,0.3178990632162639,0.33450518866838036,40,40
livecodebench,mmau,0.3174403944844051,0.33845618355261564,40,40
dacode,gpqa-diamond,0.3170895199864302,0.32161164411747306,40,40
featurebench-modal,mmau,0.3170284073298204,0.32284253706635385,40,40
gaia2,reasoning-gym,0.31699208521305766,0.3373605521463228,40,40
simpleqa,swtbench,0.3165371175819073,0.32190522434927615,40,40
omnimath,swesmith,0.3164599651274158,0.33467518082837344,40,40
livecodebench,swtbench,0.3162907381544466,0.32080857912734173,40,40
reasoning-gym,swtbench,0.3162329964016102,0.33818319906666827,40,40
deepsynth,reasoning-gym,0.31619035192762585,0.34059218727302304,35,40
replicationbench,scicode,0.3161261687790641,0.3272292407966331,40,40
sldbench,swe-lancer,0.3159271092273579,0.32797360667411934,8,40
reasoning-gym,replicationbench,0.3159254527041261,0.32471803164021174,40,40
bixbench,spider2,0.3158572996666227,0.3495277113478532,39,36
crmarena,labbench,0.3155613311829209,0.32746789254973535,40,40
bixbench,gaia2,0.3153364873922808,0.3401588564447166,39,40
crustbench,mmau,0.31491393904578446,0.3345574860646765,40,40
pixiu,skillsbench,0.3144488997970011,0.33398909261077775,40,40
labbench,livecodebench,0.31414299879914864,0.32138965436441175,40,40
hle,mmau,0.31408545575059515,0.3322189128592511,40,40
gpqa-diamond,labbench,0.3135540682160093,0.32085807416405115,40,40
kumo,pixiu,0.31337233818524557,0.3403064618915621,40,40
simpleqa,sldbench,0.3130787857368799,0.3136662801274569,40,8
codepde,usaco,0.3125906765397424,0.3197612395677244,3,40
mmau,qcircuitbench,0.31222097117003694,0.33500412649280153,40,25
hle,strongreject,0.31211800230471237,0.32859030247492854,40,40
gaia,swe-lancer,0.311983177328687,0.33106121028889596,40,40
omnimath,spider2,0.3118457704095384,0.3184169841875505,40,36
gpqa-diamond,simpleqa,0.31168239128332753,0.3138219085083663,40,40
bixbench,sldbench,0.31166097881051696,0.3531101533222565,39,8
aime,algotune,0.31132863198671157,0.3304884435601375,40,40
crmarena,qcircuitbench,0.31104142706238314,0.31703200108098245,40,25
bixbench,swtbench,0.31100283525424754,0.33536062184978016,39,40
simpleqa,swebench-verified,0.31088791846062014,0.3232368680450348,40,40
algotune,bixbench,0.31027418981747423,0.3303191379939164,40,39
algotune,kumo,0.3102672819365433,0.31895629887803617,40,40
swebenchpro,usaco,0.31013005457769904,0.3146871816447142,40,40
bixbench,swe-lancer,0.31012806752020333,0.32822689853951226,39,40
pixiu,seal0,0.3101276329295441,0.3253240415536811,40,40
algotune,usaco,0.30997063218439636,0.32679416252923604,40,40
medagentbench,skillsbench,0.30995680499043454,0.31916746258667195,40,40
bigcodebench,gaia2,0.3099486137268518,0.32708736672701777,40,40
labbench,quixbugs,0.30959601037525264,0.314286110361939,40,40
aime,sldbench,0.3087495933203602,0.322724162378999,40,8
gso,usaco,0.308375289850467,0.3100302905997351,40,40
usaco,widesearch,0.30816112033973553,0.3166480559542567,40,40
pixiu,sldbench,0.30803653679454435,0.3323989419164771,40,8
bixbench,simpleqa,0.3077974763557861,0.3248571050014018,39,40
pixiu,usaco,0.30745085913142295,0.3273092415986355,40,40
humanevalfix,swtbench,0.3072117917126885,0.32316545544492653,40,40
algotune,mmau,0.30698808968649827,0.3235754162674027,40,40
simpleqa,swesmith,0.3068363589433179,0.3181349881969568,40,40
algotune,swe-lancer,0.3067501718471284,0.33180111370244203,40,40
omnimath,simpleqa,0.3066580647352709,0.3172458756849617,40,40
pixiu,simpleqa,0.306644126804972,0.3209179760096981,40,40
compilebench,labbench,0.3063680594872721,0.3167508175828827,15,40
aime,simpleqa,0.30596295470172136,0.317021908794374,40,40
mmau,usaco,0.3058758873483651,0.31515466758679983,40,40
omnimath,quixbugs,0.3055251204061721,0.32027718668663085,40,40
arc-agi-2,usaco,0.3054342037389708,0.3151184810879382,40,40
bixbench,medagentbench,0.30513489127257915,0.33036795770580596,39,40
bigcodebench,terminal-bench,0.3050933834079448,0.32284814680158946,40,40
swesmith,swtbench,0.3049351507377581,0.31644227948311454,40,40
mmau,sldbench,0.3044969917307283,0.3356215842662266,40,8
bigcodebench,qcircuitbench,0.30442255238792226,0.3170567725695389,40,25
labbench,spider2,0.3040300175896071,0.31033455538492216,40,36
gaia,reasoning-gym,0.30352749091975073,0.32491122541550965,40,40
bigcodebench,widesearch,0.30345910898555395,0.3147341941571825,40,40
humanevalfix,kumo,0.30344697992526054,0.32864105858231973,40,40
bigcodebench,spider2,0.3027867183978645,0.31685185578741343,40,36
humanevalfix,skillsbench,0.3025316904537666,0.329304919794395,40,40
hle,labbench,0.30211971224533196,0.3165167112505404,40,40
crustbench,simpleqa,0.3017959249246575,0.30778470696841503,40,40
featurebench-modal,labbench,0.3016460344883938,0.3057505029367541,40,40
seal0,skillsbench,0.3007623340430071,0.3137652236900897,40,40
labbench,pixiu,0.30038790887638744,0.303909350929467,40,40
bixbench,scicode,0.3002820812031207,0.31971416397525987,39,40
bixbench,omnimath,0.2999180679993053,0.31051977379151896,39,40
algotune,swesmith,0.2993403853076509,0.3106530885619431,40,40
skillsbench,swesmith,0.2991229241380935,0.3109842159756745,40,40
research-code-bench,swebenchpro,0.2990601066966362,0.3018897438503655,40,40
aime,usaco,0.29893952279674735,0.3124760533488662,40,40
lawbench,omnimath,0.29887708429575116,0.31619906399970305,40,40
crmarena,research-code-bench,0.29821002598961355,0.317718211028878,40,40
crmarena,replicationbench,0.29727169279815324,0.30227066499323874,40,40
reasoning-gym,usaco,0.29699824790142637,0.3024279419478081,40,40
mmmlu,swebenchpro,0.29686961109807897,0.2985810691551556,40,40
aider-polyglot,strongreject,0.2961611111032132,0.32480790663243225,40,40
qcircuitbench,swesmith,0.29517307418684186,0.30029902534219105,25,40
arc-agi-2,bigcodebench,0.2945476731448857,0.32257500517793913,40,40
bixbench,seal0,0.2944908240989878,0.31199510301121364,39,40
mmau,swtbench,0.2944898944249529,0.3193541022652198,40,40
algotune,reasoning-gym,0.2939473736075432,0.3147011189651368,40,40
aider-polyglot,bigcodebench,0.2939000234803633,0.3181545072713687,40,40
bigcodebench,swtbench,0.29360809213237915,0.3044609337473671,40,40
mmau,replicationbench,0.29349349378769685,0.30210415656234113,40,40
aime,replicationbench,0.2931928178068834,0.30384208626861164,40,40
crmarena,mmmlu,0.29186463517594263,0.3166287807606517,40,40
bigcodebench,kumo,0.29174705235535126,0.2959595310395815,40,40
featbench,usaco,0.2915211301488417,0.2826381031288651,1,40
dacode,mmau,0.29146468976623496,0.31711054402294697,40,40
crmarena,scicode,0.2911140037745268,0.30164988095167994,40,40
crmarena,swe-lancer,0.29097707148269103,0.30091709884227624,40,40
codepde,mmau,0.2909063861503539,0.32717568314545414,3,40
bixbench,dacode,0.2906048698069574,0.3325146426854072,39,40
gaia2,seal0,0.2905385103526716,0.3149346380636746,40,40
compilebench,simpleqa,0.2895648394937623,0.30452812628660103,15,40
gaia,mmmlu,0.28918799329251155,0.3228881308914048,40,40
bixbench,reasoning-gym,0.28891903748995523,0.31449070442126614,39,40
reasoning-gym,skillsbench,0.2886130624089396,0.3146583466202281,40,40
financeagent_terminal,humanevalfix,0.288478878897358,0.2921961600404792,40,40
pixiu,swesmith,0.2881319932721764,0.3035959466033761,40,40
algotune,omnimath,0.2880295716410966,0.313601465283936,40,40
codepde,quixbugs,0.2879048009122118,0.32786191631460576,3,40
aime,mlgym,0.2878406167595899,0.3090599359777147,40,2
omnimath,pixiu,0.2877698661529526,0.3099826741041032,40,40
mlgym,simpleqa,0.2873608128243913,0.30836021181337875,2,40
mmau,quixbugs,0.2871133991772109,0.32902314099847113,40,40
omnimath,seal0,0.2870110903514996,0.3071065956781696,40,40
quixbugs,seal0,0.2869720215917757,0.3027712394525967,40,40
gso,labbench,0.28647479993419944,0.2944573718500239,40,40
pixiu,scicode,0.28631916054904477,0.31285868672348877,40,40
aime,spider2,0.2857418681649726,0.3026789093095792,40,36
ineqmath,scicode,0.2857035212481418,0.2908886811690871,40,40
omnimath,scicode,0.28566090086088236,0.30570026990100074,40,40
pixiu,reasoning-gym,0.28565300684633405,0.3199091425773794,40,40
aime,seal0,0.2856072029940976,0.29500730980693957,40,40
algotune,crmarena,0.2850971374260503,0.3005508550815179,40,40
mmau,mmau,0.2846285194790682,0.3152582174912164,40,40
seal0,spreadsheetbench,0.28445956091854807,0.31754081636968906,40,40
gaia,labbench,0.28434387215869417,0.292474108458466,40,40
livecodebench,swebench-verified,0.28421310828364366,0.312011983548629,40,40
bigcodebench,scicode,0.28416019981531465,0.30219257269922906,40,40
bixbench,kumo,0.2840886538255546,0.33958414637936074,39,40
featurebench-modal,seal0,0.2836005771764134,0.3053037472220834,40,40
reasoning-gym,reasoning-gym,0.28346531473475123,0.32357915305272156,40,40
bixbench,crmarena,0.2833522968354799,0.3066876854541333,39,40
bigcodebench,mlgym,0.2832713129124423,0.31448877982399676,40,2
livecodebench,simpleqa,0.2832193309239094,0.292129479016366,40,40
gpqa-diamond,mmau,0.2829388833377732,0.3103530197521432,40,40
bigcodebench,swebenchpro,0.282882648888516,0.30355874191426485,40,40
mlgym,seal0,0.28261083895840344,0.30394100280301317,2,40
crmarena,reasoning-gym,0.282457149343679,0.2986122649217563,40,40
bfcl,featbench,0.2824530734540298,0.3170454018697617,40,1
bixbench,bixbench,0.28200696935213954,0.3261023524351819,39,39
mmau,spider2,0.2819275945024198,0.30661447987893103,40,36
deepsynth,labbench,0.28157297749317634,0.2927273995597965,35,40
hle,humanevalfix,0.28156826532393403,0.2895892744128312,40,40
arc-agi-2,humanevalfix,0.281568265323934,0.3079439901229407,40,40
labbench,swtbench,0.28145573999731777,0.2846458374870535,40,40
lawbench,usaco,0.280990675238602,0.2841911137876506,40,40
omnimath,skillsbench,0.28093266110450377,0.2977674237132855,40,40
kumo,seal0,0.2808973907340232,0.30282328236182054,40,40
humanevalfix,medagentbench,0.2808132319908278,0.2913083236733207,40,40
dacode,simpleqa,0.2808001347302992,0.29332978338459675,40,40
omnimath,qcircuitbench,0.2799202826247552,0.2971256057529491,40,25
aime,skillsbench,0.2796602997025913,0.2984581185155782,40,40
simpleqa,swe-lancer,0.2789237337993692,0.2929806341742908,40,40
crmarena,simpleqa,0.2784267560989988,0.3000606003776246,40,40
devopsgym,lawbench,0.2781260977455249,0.2864320669624975,1,40
gaia,humanevalfix,0.2779825161830302,0.2783276343702166,40,40
bigcodebench,featbench,0.27785559402797144,0.2977763669384813,40,1
codepde,swebench-verified,0.27765192921838744,0.3355685185546832,3,40
reasoning-gym,swe-lancer,0.2775750526344569,0.3124865963225606,40,40
bixbench,swesmith,0.2771509869085691,0.29924558493343834,39,40
gpqa-diamond,strongreject,0.2766089702857075,0.29857266646044617,40,40
seal0,spider2,0.27643730074471956,0.3007895808490071,40,36
bigcodebench,financeagent_terminal,0.2756766393913217,0.3085083291173287,40,40
omnimath,usaco,0.2750422067307734,0.28895775713491956,40,40
omnimath,sldbench,0.27503799143994856,0.29409692659164693,40,8
humanevalfix,swesmith,0.2749659018127836,0.2884672417050374,40,40
deepsynth,mmau,0.2743310495482982,0.31229815177865333,35,40
mmau,pixiu,0.2737968957619648,0.3049344022190255,40,40
algotune,seal0,0.273124179195561,0.29542609704253736,40,40
algotune,simpleqa,0.27308658904277017,0.2845940895766058,40,40
bigcodebench,featurebench-modal,0.2728919361637463,0.2935995508517791,40,40
strongreject,usaco,0.2728764160962586,0.2932303465708312,40,40
scicode,swesmith,0.2726556235696041,0.2846122753772154,40,40
sldbench,usaco,0.27228269154444706,0.27158416318279244,8,40
swe-lancer,swesmith,0.2721492804697219,0.293770590781497,40,40
codepde,spreadsheetbench,0.2718361152336026,0.30590235677081984,3,40
scicode,skillsbench,0.27154462560905557,0.292179703153965,40,40
qcircuitbench,strongreject,0.27144490834404145,0.30325587066899007,25,40
gpqa-diamond,swesmith,0.2714274140476425,0.29039177667301896,40,40
aime,humanevalfix,0.2712901933561422,0.35241955815675946,40,40
codepde,livecodebench,0.2712507232452695,0.2671719211963054,3,40
mmmlu,seal0,0.27097334672579604,0.31719865068374764,40,40
algotune,codepde,0.2703369744987021,0.27148482560396314,40,3
mmau,reasoning-gym,0.2701601009899135,0.29872423759129957,40,40
mmmlu,widesearch,0.2701526443736503,0.2796641951553114,40,40
replicationbench,swesmith,0.2700773533765922,0.29300673552558604,40,40
featurebench-modal,humanevalfix,0.26997380454113484,0.3079033197728739,40,40
mmau,swe-lancer,0.26979645034883115,0.3012984370035159,40,40
labbench,swebench-verified,0.26939557880138776,0.2705269901693312,40,40
gaia,research-code-bench,0.26904657400017795,0.31843783083444327,40,40
mmau,skillsbench,0.2689237509555351,0.2957656108383118,40,40
aime,qcircuitbench,0.2681238594852248,0.3060818826129706,40,25
omnimath,swebench-verified,0.26781247713304235,0.2840306401380905,40,40
codepde,dacode,0.2675839085853187,0.3263972309251763,3,40
algotune,bigcodebench,0.2673800352011746,0.292093179002856,40,40
mmau,swesmith,0.2673107972010648,0.28829767055541305,40,40
bigcodebench,crmarena,0.2672527616575454,0.2903236189394553,40,40
bigcodebench,mmau,0.2668992680533576,0.2912231628518806,40,40
gaia,mmau,0.2668174603032595,0.29893960922778207,40,40
crustbench,seal0,0.2661028129518562,0.28915710564697084,40,40
bixbench,humanevalfix,0.2660458593439244,0.31968109496284985,39,40
aime,crustbench,0.26598714370927523,0.29771538705177236,40,40
bixbench,usaco,0.26533252291404175,0.28746302349222663,39,40
compilebench,usaco,0.26530364487899694,0.2723683666093204,15,40
aime,reasoning-gym,0.26407103926842074,0.28538151431677133,40,40
compilebench,seal0,0.2639847326706167,0.28532954535082505,15,40
medagentbench,mmau,0.2639211963430036,0.29556890644141104,40,40
aime,swebench-verified,0.263457118867613,0.29373254237609286,40,40
reasoning-gym,swesmith,0.2633996749798576,0.29336684458698853,40,40
bigcodebench,swe-lancer,0.2633504363868838,0.2823768349573669,40,40
codepde,devopsgym,0.2632746074134914,0.24321391607413076,3,1
aime,pixiu,0.26285629802305366,0.2966578527484318,40,40
crmarena,pixiu,0.26271054984109965,0.2830071805696343,40,40
kumo,livecodebench,0.26270608009987645,0.29147125286125397,40,40
aime,bixbench,0.2626136507813166,0.30019371349472496,40,39
omnimath,swe-lancer,0.2625420675600043,0.29180702669561265,40,40
spreadsheetbench,strongreject,0.26251897772837063,0.3018842753984796,40,40
bigcodebench,pixiu,0.2620576847186756,0.28821511234517544,40,40
scicode,usaco,0.2620290049432282,0.2840681994346884,40,40
ineqmath,labbench,0.26196779464812725,0.2559771421382229,40,40
aime,swtbench,0.2610431470989032,0.2796037122696538,40,40
codepde,reasoning-gym,0.26096639879297767,0.28551604461585073,3,40
crmarena,gpqa-diamond,0.2607950936207142,0.2858071639010975,40,40
bigcodebench,hle,0.2605001529653803,0.29032379731122243,40,40
kumo,mmau,0.26014741927400475,0.29488568878492283,40,40
bigcodebench,bigcodebench,0.2598916316594727,0.2904844219349662,40,40
featurebench-modal,research-code-bench,0.25905314812653174,0.2745459784184774,40,40
replicationbench,usaco,0.25901614642921755,0.27551997003839085,40,40
codepde,compilebench,0.2589244686841389,0.37742249101074593,3,15
bigcodebench,reasoning-gym,0.25880264475696735,0.28199187481374355,40,40
seal0,swe-lancer,0.2586523095447101,0.2842647814619414,40,40
seal0,usaco,0.2583029347823944,0.27487284880941953,40,40
seal0,sldbench,0.25815006273681684,0.27128238685445466,40,8
gpqa-diamond,humanevalfix,0.25783921799610604,0.27136522708292626,40,40
kumo,omnimath,0.257823673568501,0.28796061031871695,40,40
deepsynth,usaco,0.25771221680070977,0.28515821789518303,35,40
codepde,sldbench,0.2577022599181905,0.31207796655742404,3,8
labbench,swe-lancer,0.2576675083783321,0.2700209523081286,40,40
spreadsheetbench,usaco,0.25739462142090463,0.280311487454955,40,40
codepde,gso,0.2566321443129864,0.28093161248023185,3,40
seal0,swesmith,0.256519231023514,0.2874768478235831,40,40
deepsynth,humanevalfix,0.2564340877656429,0.2791114028936756,35,40
swtbench,usaco,0.25637241895921337,0.27180464393747683,40,40
dacode,omnimath,0.2562572499982477,0.27231946713772454,40,40
qcircuitbench,seal0,0.2561838148052759,0.2839052628281967,25,40
research-code-bench,seal0,0.25588413466596144,0.3142816039247396,40,40
seal0,swtbench,0.25573794383874715,0.28117526792993286,40,40
seal0,swebench-verified,0.25526823015605826,0.28764184456969927,40,40
omnimath,reasoning-gym,0.25517110804775167,0.2803972008109153,40,40
bigcodebench,livecodebench,0.2549646090209973,0.2899565602955941,40,40
humanevalfix,replicationbench,0.25450269626087496,0.28099084341392666,40,40
labbench,omnimath,0.2544412994821207,0.2694754822620527,40,40
bfcl,gaia2,0.2534329144321995,0.2789366515797893,40,40
bigcodebench,deepsynth,0.25278656834396784,0.284238571764521,40,35
labbench,spreadsheetbench,0.2527577286402008,0.2707020269685961,40,40
medagentbench,seal0,0.25263541558654334,0.28604612307960836,40,40
codepde,kumo,0.25153975021371133,0.268797548764871,3,40
financeagent_terminal,labbench,0.2515216535026159,0.263539023560126,40,40
bigcodebench,swesmith,0.2514988952543331,0.2836633463584686,40,40
bixbench,mmau,0.251022822010568,0.28618991044146197,39,40
bfcl,swesmith,0.25092619883734785,0.2740277337350348,40,40
compilebench,omnimath,0.2503476131915996,0.26350184100229174,15,40
aime,mmau,0.2502951609263546,0.2863435420827908,40,40
livecodebench,swesmith,0.25028633857514915,0.2636071395972747,40,40
aime,swe-lancer,0.25021150138834947,0.2799195134976089,40,40
bigcodebench,bixbench,0.25020593719164275,0.27000611627658394,40,39
gso,strongreject,0.24896433291513032,0.28774953512241647,40,40
research-code-bench,widesearch,0.2484792309153489,0.25670182327864055,40,40
omnimath,strongreject,0.24781888571135266,0.266106666202719,40,40
bfcl,replicationbench,0.24777544022922118,0.2719695503919822,40,40
labbench,sldbench,0.2475910821513262,0.24690382078840695,40,8
humanevalfix,swe-lancer,0.24735507383146868,0.2653032530409324,40,40
bfcl,crustbench,0.24681809565131618,0.27046835756903137,40,40
lawbench,simpleqa,0.24671739633081188,0.280408204426747,40,40
omnimath,swtbench,0.2461498508348976,0.2666094204562191,40,40
livecodebench,medagentbench,0.24608801127250357,0.2682988580998842,40,40
bfcl,spreadsheetbench,0.24524283100314664,0.2742967017413705,40,40
bigcodebench,medagentbench,0.2449523695623095,0.27293641274781594,40,40
bfcl,gso,0.24451987682136575,0.27460549351500946,40,40
codepde,gpqa-diamond,0.24427964158025944,0.24912773249943101,3,40
bixbench,research-code-bench,0.24400466103151244,0.22637616770302016,39,40
bixbench,mmmlu,0.24386803257910886,0.24294227186654696,39,40
bfcl,bfcl,0.24367368826993147,0.27034909682152813,40,40
qcircuitbench,simpleqa,0.2431699923720127,0.2564259294804488,25,40
pixiu,strongreject,0.24310202805133452,0.27096252052902975,40,40
strongreject,swebench-verified,0.24285065764197658,0.2800808672333119,40,40
mmau,strongreject,0.24253562503633297,0.26609059226629994,40,40
bigcodebench,gpqa-diamond,0.24203645580358957,0.27387998813574893,40,40
crmarena,seal0,0.2418720118154724,0.2687591348868164,40,40
codepde,gaia2,0.24150071949233798,0.2615003223299538,3,40
aime,compilebench,0.24104634036763767,0.2948575347447725,40,15
bigcodebench,skillsbench,0.2409485421229382,0.2705200988621587,40,40
dacode,strongreject,0.24068920645712066,0.2764860173288457,40,40
strongreject,swesmith,0.24059077525882883,0.26193753946459475,40,40
lawbench,seal0,0.24024599824931753,0.276366775386981,40,40
bfcl,medagentbench,0.2402333011486576,0.25388360437474444,40,40
bfcl,financeagent_terminal,0.24016756868806993,0.26870986306863404,40,40
strongreject,widesearch,0.23973054294317359,0.2608719483796782,40,40
gaia,ineqmath,0.23945389868415723,0.26119828883882834,40,40
bfcl,featurebench-modal,0.23916678102113226,0.2720451978085447,40,40
bigcodebench,replicationbench,0.23911882671765783,0.2634256414539838,40,40
aime,dacode,0.23909776332440788,0.26078783965275415,40,40
algotune,bfcl,0.23906698311819446,0.2611787777376631,40,40
reasoning-gym,seal0,0.2388144237982785,0.2739994813328224,40,40
humanevalfix,omnimath,0.2384158242717078,0.2539994874996865,40,40
crustbench,omnimath,0.23728070213006452,0.2565372632537119,40,40
aime,kumo,0.23713580586042105,0.2871445956719269,40,40
mmmlu,replicationbench,0.237006974699001,0.25635428953403133,40,40
reasoning-gym,strongreject,0.23671552889269493,0.26840258996544153,40,40
mmau,omnimath,0.23635216426032876,0.26629593698223075,40,40
codepde,terminal-bench,0.23595018484768449,0.2871109269958565,3,40
featbench,ineqmath,0.2354597649300223,0.21901056240073763,1,40
devopsgym,simpleqa,0.23528746481121582,0.22705269515647125,1,40
featbench,strongreject,0.23526698345822994,0.2483278414857355,1,40
humanevalfix,labbench,0.23487587782232316,0.23869408140352505,40,40
crmarena,omnimath,0.23485257229972092,0.2650484828826154,40,40
codepde,swtbench,0.23454081097344143,0.2692857775654685,3,40
dacode,labbench,0.23438089241944887,0.24944395297150634,40,40
algotune,labbench,0.23412124502355713,0.2503920400079711,40,40
gaia2,usaco,0.23389743197732626,0.2469858307528267,40,40
skillsbench,usaco,0.23383338080591565,0.2672185793813451,40,40
featurebench-modal,usaco,0.23359582902294063,0.24696357221148083,40,40
codepde,spider2,0.2332223832554033,0.2875757644577686,3,36
strongreject,terminal-bench,0.2331147244732544,0.2738471806087213,40,40
bfcl,deepsynth,0.23272784892414652,0.258707624921426,40,35
featurebench-modal,mmmlu,0.2323567119607733,0.2523076092102827,40,40
aider-polyglot,bfcl,0.2318748598357113,0.2580672527585856,40,40
bfcl,swe-lancer,0.23185161116950131,0.257014926394085,40,40
codepde,crmarena,0.23150694882634498,0.25992592402154713,3,40
financeagent_terminal,strongreject,0.23139737350136674,0.265736802923577,40,40
crustbench,usaco,0.231337438738693,0.2529087355350013,40,40
humanevalfix,pixiu,0.23095027229481785,0.2743310139811663,40,40
crmarena,mmau,0.2304273457528172,0.2661264557140352,40,40
gaia,usaco,0.22950279157788916,0.2560350523846412,40,40
bfcl,spider2,0.22878957811656064,0.2551487936756041,40,36
swesmith,usaco,0.22877628540998918,0.24649670279134614,40,40
aime,mmmlu,0.22814578985617776,0.22764366244160059,40,40
lawbench,strongreject,0.22790017223163375,0.2749777336500759,40,40
codepde,swebenchpro,0.22699984353902833,0.2505140931823553,3,40
swe-lancer,usaco,0.22664879783320388,0.2573910149424783,40,40
medagentbench,usaco,0.2264549744099825,0.2460157960282205,40,40
dacode,seal0,0.2262823514944984,0.2653323650803475,40,40
financeagent_terminal,research-code-bench,0.22604178930221921,0.22138738371330452,40,40
seal0,strongreject,0.22599507758539716,0.23661199499970814,40,40
aime,bigcodebench,0.2258875916004658,0.24551815121167947,40,40
algotune,strongreject,0.22544801829164943,0.2538641969039687,40,40
bfcl,omnimath,0.22479569278800804,0.24745943508199622,40,40
bfcl,swebenchpro,0.22474634374317326,0.25038576487822967,40,40
bigcodebench,strongreject,0.2239205062085246,0.2508893310654433,40,40
reasoning-gym,simpleqa,0.22354588084536242,0.2529808539492055,40,40
livecodebench,strongreject,0.2234848127829357,0.2653467997710285,40,40
bfcl,mmau,0.22332410973139538,0.25138910870216746,40,40
aime,crmarena,0.22253390526261418,0.2563853009020612,40,40
strongreject,swe-lancer,0.2223521717931242,0.25133967405637647,40,40
aime,research-code-bench,0.22227086008237598,0.2082975532360851,40,40
bfcl,dacode,0.22213250175408358,0.24857792504742462,40,40
gaia2,research-code-bench,0.2219459274296615,0.25858452585606384,40,40
bfcl,lawbench,0.2216512806789196,0.2506892230782507,40,40
labbench,swesmith,0.22160504661596514,0.2504038296360948,40,40
mmau,seal0,0.2215832114115946,0.25366955272419117,40,40
bfcl,bixbench,0.22153804602547905,0.24344160278487095,40,39
ineqmath,omnimath,0.22151809013824136,0.24244844752031944,40,40
bfcl,bigcodebench,0.22079078845853228,0.25026278551927283,40,40
bfcl,hle,0.22076272849207962,0.252116024733541,40,40
arc-agi-2,bfcl,0.22035009384235657,0.25132804686443355,40,40
mmau,simpleqa,0.21977658365834418,0.25684575146354943,40,40
devopsgym,medagentbench,0.2194679714933011,0.24825765310255576,1,40
dacode,livecodebench,0.21936788797976772,0.24894791249238893,40,40
labbench,reasoning-gym,0.2189600387400537,0.24807232542320784,40,40
financeagent_terminal,mmmlu,0.21880482383212274,0.22531992612148385,40,40
bfcl,livecodebench,0.21872487806571378,0.23954003505140606,40,40
bfcl,sldbench,0.21872416763606242,0.24314092638749552,40,8
labbench,medagentbench,0.21870641256402013,0.2405202205403785,40,40
labbench,qcircuitbench,0.21867467113768568,0.23850815543741846,40,25
strongreject,swtbench,0.21826532204876636,0.2507218333142209,40,40
gaia,strongreject,0.21786012376341912,0.24523721645213162,40,40
codepde,skillsbench,0.21765991724828904,0.24992074493132949,3,40
scicode,strongreject,0.2172514742615011,0.24469780274873615,40,40
arc-agi-2,codepde,0.21694907930457502,0.25589061740452357,40,3
mmmlu,omnimath,0.21637807811369134,0.22974486883602516,40,40
bixbench,strongreject,0.21596240990983528,0.2480549454180024,39,40
bfcl,crmarena,0.21593860430974432,0.23749064390194563,40,40
strongreject,swebenchpro,0.21576592600105143,0.2453817836243693,40,40
aime,labbench,0.21564510769116976,0.21915289081883363,40,40
bfcl,terminal-bench,0.21531457085059447,0.24630203327072053,40,40
gaia2,labbench,0.21456153048422005,0.24318971415679325,40,40
bfcl,pixiu,0.21447813916861905,0.24557479869192825,40,40
ineqmath,reasoning-gym,0.21443650108046977,0.23744952148291162,40,40
bfcl,simpleqa,0.21442712595309926,0.23281454519759273,40,40
spider2,strongreject,0.21357442517239583,0.25302927474669773,36,40
bigcodebench,gaia,0.21347491847194366,0.24850277778649266,40,40
bigcodebench,omnimath,0.2134393187512167,0.24506448849569318,40,40
codepde,swe-lancer,0.21334583402104726,0.24642102061443352,3,40
bfcl,widesearch,0.21270069868904407,0.23837469153579252,40,40
gaia2,mmmlu,0.21237108637061222,0.2402315770423764,40,40
scicode,seal0,0.21192445294748297,0.24714264755394222,40,40
bfcl,mlgym,0.21181332406187842,0.22135091231528242,40,2
codepde,hle,0.21171938523067046,0.23922118607869358,3,40
bfcl,gpqa-diamond,0.2115393529853325,0.24359489912780563,40,40
humanevalfix,seal0,0.21153925982542482,0.22343132744651922,40,40
spider2,usaco,0.21148806761448163,0.23841615273314803,36,40
codepde,medagentbench,0.21132771343488968,0.2346181921076934,3,40
devopsgym,seal0,0.21021822029479803,0.21987155630333186,1,40
bfcl,scicode,0.21015344322789645,0.236801733741001,40,40
dacode,ineqmath,0.210114981261053,0.2225880451173222,40,40
codepde,mlgym,0.21007729238459302,0.34605497331453056,3,2
research-code-bench,scicode,0.2093618658999739,0.21235831115335416,40,40
gaia2,strongreject,0.20906263601633931,0.2481348903212249,40,40
bigcodebench,usaco,0.20901204666511852,0.2574939524395063,40,40
mlgym,strongreject,0.2089932630243772,0.2559719120819771,2,40
medagentbench,strongreject,0.2085193144871161,0.22851862648017496,40,40
replicationbench,research-code-bench,0.20851441405707472,0.23425469617729328,40,40
bfcl,reasoning-gym,0.20844817726490072,0.24131211599489255,40,40
ineqmath,skillsbench,0.2081507048933444,0.22371839939222163,40,40
swebench-verified,usaco,0.20796706221203717,0.23635885839836748,40,40
bfcl,swebench-verified,0.20794182750171164,0.23625516997743268,40,40
quixbugs,strongreject,0.2073632464910991,0.2510972222806663,40,40
deepsynth,strongreject,0.2069759341547191,0.2410598062782241,35,40
financeagent_terminal,ineqmath,0.20687341296293027,0.2175985764762246,40,40
aime,bfcl,0.20659326226697072,0.23803018338702986,40,40
bfcl,quixbugs,0.20636119638152758,0.2389837248660779,40,40
devopsgym,humanevalfix,0.20620301898704127,0.1876813181710062,1,40
deepsynth,mmmlu,0.2057843624714143,0.2350335463022969,35,40
bfcl,skillsbench,0.20574456712761036,0.23047180821581148,40,40
bfcl,swtbench,0.20543114817874414,0.23227906860342545,40,40
compilebench,strongreject,0.20496539568522915,0.24540257114016067,15,40
featurebench-modal,strongreject,0.20476167627543645,0.2236066492809222,40,40
kumo,strongreject,0.2046303325535287,0.2507927392756757,40,40
bfcl,seal0,0.20458805110979544,0.23370988662789066,40,40
humanevalfix,research-code-bench,0.20412414523193154,0.19905070241322945,40,40
codepde,gaia,0.20399277610878053,0.22366262527966038,3,40
codepde,swesmith,0.20390122950448036,0.22735777404325846,3,40
labbench,lawbench,0.20365122036767552,0.24784521715442473,40,40
bfcl,usaco,0.20313665276425705,0.22751279252375953,40,40
bfcl,kumo,0.20276737373887394,0.23101523721403097,40,40
bixbench,codepde,0.20215142571473824,0.2440671380701632,39,3
bfcl,gaia,0.20122801454416203,0.23449739407021689,40,40
bigcodebench,seal0,0.2012270560357228,0.23715762950326258,40,40
compilebench,devopsgym,0.20008870163425352,0.21020771909978195,15,1
bfcl,codepde,0.1999872333427567,0.2371277427228677,40,3
kumo,usaco,0.19985799251200026,0.23492320930804197,40,40
research-code-bench,strongreject,0.19949395955968074,0.18888043076669803,40,40
codepde,pixiu,0.1993962874478119,0.24059813349994996,3,40
algotune,ineqmath,0.19933223781979198,0.20874045376869368,40,40
codepde,replicationbench,0.19884057184367093,0.233753495193015,3,40
labbench,mmau,0.1986647542099551,0.2153350133692821,40,40
sldbench,strongreject,0.19797270254499116,0.24089328419313416,8,40
ineqmath,medagentbench,0.19795294197655022,0.23769497956368632,40,40
bfcl,strongreject,0.19773438531429738,0.24227719617343138,40,40
aime,codepde,0.1969684861545186,0.22773134958483426,40,3
kumo,research-code-bench,0.19657028349268782,0.19703241758202117,40,40
codepde,featbench,0.19644164488348956,0.20478314949977597,3,1
aime,ineqmath,0.19472446904230048,0.2412599805836451,40,40
mmmlu,terminal-bench,0.19468027166497884,0.24294639007052873,40,40
bfcl,qcircuitbench,0.19373498434030267,0.22721268341169518,40,25
aime,strongreject,0.19369919939163724,0.23406970628561233,40,40
codepde,ineqmath,0.19249216291553256,0.20049487218894826,3,40
codepde,widesearch,0.1920548753588118,0.26485639000065603,3,40
deepsynth,research-code-bench,0.1918228555026007,0.2286958092146576,35,40
aider-polyglot,codepde,0.19166027433503274,0.23696369229905395,40,3
humanevalfix,mmmlu,0.1908854288927334,0.18347760091309911,40,40
kumo,mmmlu,0.19036369977480558,0.19989215501432445,40,40
labbench,usaco,0.18962628469480833,0.22955555998190166,40,40
simpleqa,strongreject,0.1890051977144067,0.20386854221804954,40,40
codepde,seal0,0.18825035735652781,0.2182482996985406,3,40
bfcl,compilebench,0.18757257039326886,0.21913221046673423,40,15
ineqmath,swesmith,0.18722651311729577,0.20060292516347109,40,40
bfcl,labbench,0.18704412114123362,0.22141530540539647,40,40
codepde,strongreject,0.1868706368604627,0.2334903693072418,3,40
codepde,deepsynth,0.18660188283052184,0.2268978287027232,3,35
codepde,featurebench-modal,0.18633811630005437,0.2128406456192001,3,40
arc-agi-2,mmmlu,0.1846720881678991,0.20254678583643881,40,40
gso,research-code-bench,0.1846372364689991,0.2017247887855511,40,40
gso,mmmlu,0.1840622160180429,0.20859946767324733,40,40
skillsbench,strongreject,0.18372330862207728,0.22016787164379445,40,40
crmarena,strongreject,0.1835312474579478,0.2115484851613029,40,40
bfcl,ineqmath,0.18343049551797025,0.22361533834313732,40,40
mmmlu,scicode,0.18328089598533373,0.1977334362038575,40,40
gpqa-diamond,mmmlu,0.1823439659200038,0.22101016906649737,40,40
replicationbench,strongreject,0.18208645776948257,0.21278837238770934,40,40
ineqmath,spider2,0.18194199578953035,0.1939686096645639,40,36
hle,ineqmath,0.1814140618599664,0.20701581932367874,40,40
labbench,strongreject,0.18058827997441046,0.19071285140702288,40,40
bigcodebench,simpleqa,0.1802753207649072,0.21043224096537594,40,40
bigcodebench,ineqmath,0.1801955093774834,0.19695914366121164,40,40
arc-agi-2,ineqmath,0.1798521464283655,0.20491978466472324,40,40
devopsgym,reasoning-gym,0.1797650281127796,0.22391247946128842,1,40
aider-polyglot,ineqmath,0.17973233839965405,0.20181051286962653,40,40
crustbench,strongreject,0.1794470893094542,0.21184948130770553,40,40
crmarena,ineqmath,0.17879935694872218,0.19546079211178316,40,40
deepsynth,ineqmath,0.17874652591711448,0.18830328233484214,35,40
ineqmath,spreadsheetbench,0.17858477020678354,0.1960921723155712,40,40
scicode,simpleqa,0.17834168323211047,0.20171649801409358,40,40
codepde,financeagent_terminal,0.17783361462007213,0.20940916846791377,3,40
omnimath,research-code-bench,0.17764097614576763,0.20204501576018616,40,40
devopsgym,skillsbench,0.1771173282901716,0.20176438033194682,1,40
codepde,omnimath,0.17559032719133802,0.21767803333813868,3,40
crmarena,devopsgym,0.17421127974173922,0.1790944054219101,40,1
dacode,usaco,0.17397517893221823,0.20000030269449148,40,40
ineqmath,swe-lancer,0.1736427572730705,0.20463240068366795,40,40
devopsgym,swesmith,0.17293790456563699,0.18146675928430417,1,40
compilebench,mmmlu,0.17272213408818676,0.20449210626390144,15,40
ineqmath,swebench-verified,0.17243662442667143,0.18253204630559294,40,40
bixbench,devopsgym,0.17215981442112388,0.19233577433849236,39,1
research-code-bench,terminal-bench,0.1717924033018248,0.22977074855801644,40,40
hle,mmmlu,0.17174817841558698,0.1994006458516143,40,40
research-code-bench,usaco,0.17172256285491957,0.16532231021362329,40,40
mmmlu,swtbench,0.17117374260128315,0.1963854048454237,40,40
bigcodebench,devopsgym,0.17011752914658074,0.17749515489013548,40,1
research-code-bench,spreadsheetbench,0.16984155512168936,0.16974106686183504,40,40
ineqmath,replicationbench,0.16972686932437714,0.18479596964166675,40,40
research-code-bench,spider2,0.169484496723364,0.1932996720508125,40,36
mmmlu,spider2,0.16880544663783514,0.20671852835234036,40,36
ineqmath,terminal-bench,0.16859933522383203,0.18580403436010934,40,40
devopsgym,gpqa-diamond,0.16832416604663006,0.17643018855224726,1,40
arc-agi-2,research-code-bench,0.16770509831248426,0.16677535397566362,40,40
codepde,simpleqa,0.16729839469412444,0.18907612245563155,3,40
simpleqa,usaco,0.16596721480792553,0.19713016046333223,40,40
mmmlu,strongreject,0.16490618665802714,0.17347705507318975,40,40
bfcl,devopsgym,0.16470798592353797,0.20173328994073803,40,1
ineqmath,seal0,0.1642772733558172,0.1866154745489963,40,40
ineqmath,widesearch,0.1637910747468915,0.185276397693901,40,40
devopsgym,strongreject,0.16360581753730224,0.18855973950290977,1,40
gaia2,ineqmath,0.16234528550429767,0.1863444839604908,40,40
ineqmath,swtbench,0.1623371847424186,0.19061995876972507,40,40
ineqmath,strongreject,0.16142475921376245,0.20674549988885885,40,40
mmmlu,spreadsheetbench,0.16088028977461932,0.18379965809344043,40,40
devopsgym,qcircuitbench,0.16038012587880981,0.17364467656411936,1,25
compilebench,research-code-bench,0.15945378503137553,0.18921575066071586,15,40
lawbench,mmmlu,0.15940768276945544,0.18813892506519025,40,40
gso,ineqmath,0.1582261393247194,0.17693044054124818,40,40
labbench,scicode,0.15566160655088696,0.18083368852851994,40,40
devopsgym,swebench-verified,0.1556471837115081,0.16768284967334707,1,40
humanevalfix,simpleqa,0.1553465952123038,0.17239342059678464,40,40
bfcl,humanevalfix,0.15516780126352464,0.21651153983103158,40,40
compilebench,ineqmath,0.15466394833977593,0.17570079939920352,15,40
ineqmath,lawbench,0.15462008749116662,0.18033160779122479,40,40
bixbench,ineqmath,0.15459895903326487,0.19214726805389368,39,40
bfcl,mmmlu,0.15427251550087728,0.1832972800673965,40,40
featurebench-modal,ineqmath,0.15418136378629388,0.1711364098853503,40,40
gpqa-diamond,ineqmath,0.1541250812436613,0.18541341719990867,40,40
ineqmath,pixiu,0.1531891876773921,0.17463489421991155,40,40
mmmlu,swesmith,0.15221564138699575,0.1865442865955464,40,40
devopsgym,sldbench,0.15172207530585793,0.17920847719557031,1,8
devopsgym,terminal-bench,0.15153145102506926,0.19432774306247408,1,40
mmmlu,quixbugs,0.15112349214291682,0.18572592839568336,40,40
research-code-bench,swesmith,0.15093156387017792,0.18387473852831934,40,40
crmarena,livecodebench,0.15023770581772405,0.2048211425493259,40,40
devopsgym,gaia,0.1498295600464784,0.1741165497094067,1,40
ineqmath,sldbench,0.1497949823473727,0.15246090091968637,40,8
crmarena,usaco,0.14919893740989648,0.1960744238793702,40,40
lawbench,research-code-bench,0.14892712196402358,0.17763755004886278,40,40
aime,devopsgym,0.14867728179170242,0.16436110774059245,40,1
bigcodebench,labbench,0.14813816811768216,0.17747939441280458,40,40
qcircuitbench,research-code-bench,0.14759494941990436,0.15181860237509356,25,40
algotune,devopsgym,0.14747230576516954,0.17162677779847407,40,1
devopsgym,usaco,0.14694682308640605,0.16972157152328657,1,40
codepde,labbench,0.1468132816720221,0.191305676223886,3,40
ineqmath,mmau,0.14679073052604852,0.16366440667771642,40,40
ineqmath,kumo,0.14582639587835497,0.16585515336526707,40,40
mmmlu,reasoning-gym,0.14537095115739518,0.19816845154793383,40,40
research-code-bench,swtbench,0.14471492105848432,0.17753009362840808,40,40
devopsgym,spider2,0.14470236661681452,0.14828404506499712,1,36
aider-polyglot,mmmlu,0.14458397681616114,0.1731811507790864,40,40
crustbench,ineqmath,0.1442254349550709,0.15502729814392505,40,40
dacode,devopsgym,0.14391271933450175,0.17168574758733032,40,1
aider-polyglot,devopsgym,0.14299419608609437,0.1462216647332283,40,1
bfcl,research-code-bench,0.14297390392514892,0.16792826283520923,40,40
mmmlu,pixiu,0.1420637054063918,0.16849456541723196,40,40
mmmlu,qcircuitbench,0.1411779475058993,0.163823214620405,40,25
algotune,mmmlu,0.1407508205111529,0.17331453148700837,40,40
devopsgym,livecodebench,0.14007091658328508,0.15928477596132756,1,40
deepsynth,devopsgym,0.13966169107594176,0.17027310677428623,35,1
devopsgym,mmau,0.13938679142733598,0.14126885595366423,1,40
algotune,research-code-bench,0.13870592885553817,0.14905545336119627,40,40
gpqa-diamond,research-code-bench,0.1386750490563073,0.1801952851428174,40,40
hle,research-code-bench,0.13648589812635606,0.1510734589834045,40,40
medagentbench,mmmlu,0.1361759510548346,0.16054497735584555,40,40
devopsgym,widesearch,0.13605718387015167,0.14094994822071666,1,40
mmau,mmmlu,0.13517482414791832,0.1686325151167265,40,40
devopsgym,financeagent_terminal,0.13455854451716504,0.14634237077310078,1,40
mmmlu,usaco,0.13445696962867743,0.14464433476031502,40,40
mmmlu,swe-lancer,0.13412029141688572,0.16327737175680657,40,40
ineqmath,usaco,0.13276114418169133,0.1517861997605748,40,40
ineqmath,swebenchpro,0.1309871830051514,0.15881200019269867,40,40
humanevalfix,strongreject,0.13047807946031076,0.19403993055709762,40,40
dacode,mmmlu,0.13045311147685368,0.1497907757170349,40,40
ineqmath,quixbugs,0.13040612269965024,0.14490559908153505,40,40
devopsgym,hle,0.12977597712595396,0.1464718516846258,1,40
devopsgym,swe-lancer,0.12964569524764813,0.15784458652315586,1,40
devopsgym,omnimath,0.12759423473536122,0.17424390041146648,1,40
medagentbench,research-code-bench,0.1273100388573182,0.15423856780125514,40,40
ineqmath,mmmlu,0.12729683377061984,0.1403110939971131,40,40
devopsgym,mlgym,0.1264946403557587,0.1264946403557587,1,2
ineqmath,qcircuitbench,0.12641164232182495,0.14283619392191718,40,25
ineqmath,livecodebench,0.12510879322985682,0.1441593341970594,40,40
aider-polyglot,research-code-bench,0.12477479161211047,0.14079630062379947,40,40
bigcodebench,mmmlu,0.12472041829608355,0.15099569908490765,40,40
ineqmath,research-code-bench,0.12380637956044549,0.1381410893164179,40,40
quixbugs,research-code-bench,0.12049957584580458,0.1409368323442341,40,40
mmmlu,swebench-verified,0.12037028433877393,0.15230059201500157,40,40
devopsgym,quixbugs,0.11899217742115184,0.1221211044304249,1,40
devopsgym,pixiu,0.11806065552560457,0.15513849266035765,1,40
crustbench,mmmlu,0.11696094496411771,0.14496443222626063,40,40
research-code-bench,swe-lancer,0.11624763874381923,0.14966163365471954,40,40
dacode,research-code-bench,0.11588359458167076,0.1319657936903612,40,40
crustbench,devopsgym,0.11587347648314564,0.12329508770471949,40,1
devopsgym,spreadsheetbench,0.11572995413995833,0.13923956084486794,1,40
bigcodebench,research-code-bench,0.11512943346800045,0.1339210098891229,40,40
devopsgym,swtbench,0.114226293484039,0.1621706150849968,1,40
pixiu,research-code-bench,0.11286652959662011,0.13611598053962756,40,40
livecodebench,mmmlu,0.1119860868808718,0.15236056358184677,40,40
crustbench,research-code-bench,0.11188112109423023,0.1252006978533072,40,40
humanevalfix,ineqmath,0.11118610444496918,0.11973824731008069,40,40
research-code-bench,swebench-verified,0.109471554775324,0.12577440676877616,40,40
arc-agi-2,devopsgym,0.10760595185361307,0.11512656634938967,40,1
ineqmath,simpleqa,0.10718447354883104,0.12425588840378497,40,40
mmau,research-code-bench,0.10543694143070563,0.15078154812515548,40,40
devopsgym,replicationbench,0.10222245976121203,0.13596073388476201,1,40
devopsgym,swebenchpro,0.1019246306998704,0.1330010726369565,1,40
mmmlu,sldbench,0.10178336681904619,0.12168868170992216,40,8
reasoning-gym,research-code-bench,0.09758540542385782,0.1668322140379858,40,40
ineqmath,mlgym,0.09724838748055459,0.12097876909425546,40,2
research-code-bench,sldbench,0.09620572838553645,0.10077052085601801,40,8
devopsgym,featurebench-modal,0.09558763845419564,0.11870624900517504,1,40
devopsgym,gso,0.09558294177595367,0.11600234764320608,1,40
devopsgym,gaia2,0.09387472303910971,0.12225091946154967,1,40
devopsgym,kumo,0.08272854607148367,0.09868317913879862,1,40
mlgym,mmmlu,0.07736933083061366,0.11039268325990456,2,40
mlgym,research-code-bench,0.07499949334749641,0.08140288421678481,2,40
livecodebench,research-code-bench,0.06804138174397717,0.10951416154286484,40,40
devopsgym,featbench,0.026951534587256264,0.026951534587256264,1,1
devopsgym,devopsgym,,,1,1
featbench,featbench,,,1,1
