left,right,spearman,abs_spearman,left_domain,right_domain,same_domain,domain_pair
aider-polyglot,swe-lancer,0.9735294117647059,0.9735294117647059,Software Engineering,Software Engineering,True,Software Engineering
arc-agi-2,kumo,0.9697865566156565,0.9697865566156565,Mathematics & Reasoning,Mathematics & Reasoning,True,Mathematics & Reasoning
deepsynth,terminal-bench,0.9647058823529412,0.9647058823529412,"Agents, Tools & Systems","Agents, Tools & Systems",True,"Agents, Tools & Systems"
gaia2,spreadsheetbench,0.9639443374923636,0.9639443374923636,"Agents, Tools & Systems",Professional Domains,False,"Agents, Tools & Systems × Professional Domains"
gaia2,spider2,0.9521709715382585,0.9521709715382585,"Agents, Tools & Systems",Data & Analytics,False,"Agents, Tools & Systems × Data & Analytics"
pixiu,qcircuitbench,0.95,0.95,Professional Domains,Scientific Research,False,Professional Domains × Scientific Research
aider-polyglot,arc-agi-2,0.9499273924964456,0.9499273924964456,Software Engineering,Mathematics & Reasoning,False,Mathematics & Reasoning × Software Engineering
arc-agi-2,swe-lancer,0.9499273924964456,0.9499273924964456,Mathematics & Reasoning,Software Engineering,False,Mathematics & Reasoning × Software Engineering
spider2,spreadsheetbench,0.9470588235294117,0.9470588235294117,Data & Analytics,Professional Domains,False,Data & Analytics × Professional Domains
aider-polyglot,terminal-bench,0.9470588235294117,0.9470588235294117,Software Engineering,"Agents, Tools & Systems",False,"Agents, Tools & Systems × Software Engineering"
aider-polyglot,pixiu,0.9470588235294117,0.9470588235294117,Software Engineering,Professional Domains,False,Professional Domains × Software Engineering
gpqa-diamond,hle,0.9411764705882353,0.9411764705882353,Knowledge & Long Context,Knowledge & Long Context,True,Knowledge & Long Context
arc-agi-2,bixbench,0.9410908586127578,0.9410908586127578,Mathematics & Reasoning,Scientific Research,False,Mathematics & Reasoning × Scientific Research
swe-lancer,terminal-bench,0.9382352941176471,0.9382352941176471,Software Engineering,"Agents, Tools & Systems",False,"Agents, Tools & Systems × Software Engineering"
arc-agi-2,terminal-bench,0.9381453473181952,0.9381453473181952,Mathematics & Reasoning,"Agents, Tools & Systems",False,"Agents, Tools & Systems × Mathematics & Reasoning"
pixiu,swe-lancer,0.9352941176470588,0.9352941176470588,Professional Domains,Software Engineering,False,Professional Domains × Software Engineering
deepsynth,swe-lancer,0.9323529411764706,0.9323529411764706,"Agents, Tools & Systems",Software Engineering,False,"Agents, Tools & Systems × Software Engineering"
swebench-verified,terminal-bench,0.9323529411764706,0.9323529411764706,Software Engineering,"Agents, Tools & Systems",False,"Agents, Tools & Systems × Software Engineering"
humanevalfix,swebench-verified,0.931366565644,0.931366565644,Software Engineering,Software Engineering,True,Software Engineering
aider-polyglot,swebench-verified,0.9294117647058824,0.9294117647058824,Software Engineering,Software Engineering,True,Software Engineering
gso,spreadsheetbench,0.9294117647058824,0.9294117647058824,Software Engineering,Professional Domains,False,Professional Domains × Software Engineering
arc-agi-2,swebench-verified,0.9293088134345073,0.9293088134345073,Mathematics & Reasoning,Software Engineering,False,Mathematics & Reasoning × Software Engineering
arc-agi-2,deepsynth,0.9293088134345073,0.9293088134345073,Mathematics & Reasoning,"Agents, Tools & Systems",False,"Agents, Tools & Systems × Mathematics & Reasoning"
aider-polyglot,kumo,0.928624239630048,0.928624239630048,Software Engineering,Mathematics & Reasoning,False,Mathematics & Reasoning × Software Engineering
gaia2,gso,0.928624239630048,0.928624239630048,"Agents, Tools & Systems",Software Engineering,False,"Agents, Tools & Systems × Software Engineering"
humanevalfix,terminal-bench,0.9238917135922825,0.9238917135922825,Software Engineering,"Agents, Tools & Systems",False,"Agents, Tools & Systems × Software Engineering"
aider-polyglot,replicationbench,0.9235294117647059,0.9235294117647059,Software Engineering,Scientific Research,False,Scientific Research × Software Engineering
hle,pixiu,0.9235294117647059,0.9235294117647059,Knowledge & Long Context,Professional Domains,False,Knowledge & Long Context × Professional Domains
aider-polyglot,deepsynth,0.9235294117647059,0.9235294117647059,Software Engineering,"Agents, Tools & Systems",False,"Agents, Tools & Systems × Software Engineering"
replicationbench,swe-lancer,0.9235294117647059,0.9235294117647059,Scientific Research,Software Engineering,False,Scientific Research × Software Engineering
hle,swe-lancer,0.9176470588235294,0.9176470588235294,Knowledge & Long Context,Software Engineering,False,Knowledge & Long Context × Software Engineering
algotune,deepsynth,0.9176470588235294,0.9176470588235294,Software Engineering,"Agents, Tools & Systems",False,"Agents, Tools & Systems × Software Engineering"
arc-agi-2,pixiu,0.9160540126089755,0.9160540126089755,Mathematics & Reasoning,Professional Domains,False,Mathematics & Reasoning × Professional Domains
kumo,terminal-bench,0.9153792029316797,0.9153792029316797,Mathematics & Reasoning,"Agents, Tools & Systems",False,"Agents, Tools & Systems × Mathematics & Reasoning"
algotune,terminal-bench,0.9147058823529411,0.9147058823529411,Software Engineering,"Agents, Tools & Systems",False,"Agents, Tools & Systems × Software Engineering"
kumo,swe-lancer,0.9139075321874166,0.9139075321874166,Mathematics & Reasoning,Software Engineering,False,Mathematics & Reasoning × Software Engineering
arc-agi-2,replicationbench,0.9131085013144129,0.9131085013144129,Mathematics & Reasoning,Scientific Research,False,Mathematics & Reasoning × Scientific Research
bixbench,hle,0.9117647058823529,0.9117647058823529,Scientific Research,Knowledge & Long Context,False,Knowledge & Long Context × Scientific Research
bixbench,replicationbench,0.9117647058823529,0.9117647058823529,Scientific Research,Scientific Research,True,Scientific Research
deepsynth,hle,0.9117647058823529,0.9117647058823529,"Agents, Tools & Systems",Knowledge & Long Context,False,"Agents, Tools & Systems × Knowledge & Long Context"
aider-polyglot,bixbench,0.9117647058823529,0.9117647058823529,Software Engineering,Scientific Research,False,Scientific Research × Software Engineering
bixbench,kumo,0.9109641906988902,0.9109641906988902,Scientific Research,Mathematics & Reasoning,False,Mathematics & Reasoning × Scientific Research
deepsynth,kumo,0.9094925199546271,0.9094925199546271,"Agents, Tools & Systems",Mathematics & Reasoning,False,"Agents, Tools & Systems × Mathematics & Reasoning"
swe-lancer,swebench-verified,0.9088235294117647,0.9088235294117647,Software Engineering,Software Engineering,True,Software Engineering
aider-polyglot,hle,0.9088235294117647,0.9088235294117647,Software Engineering,Knowledge & Long Context,False,Knowledge & Long Context × Software Engineering
bixbench,pixiu,0.9088235294117647,0.9088235294117647,Scientific Research,Professional Domains,False,Professional Domains × Scientific Research
gpqa-diamond,omnimath,0.9050775077218377,0.9050775077218377,Knowledge & Long Context,Mathematics & Reasoning,False,Knowledge & Long Context × Mathematics & Reasoning
livecodebench,replicationbench,0.9029411764705882,0.9029411764705882,Software Engineering,Scientific Research,False,Scientific Research × Software Engineering
livecodebench,seal0,0.9029411764705882,0.9029411764705882,Software Engineering,"Agents, Tools & Systems",False,"Agents, Tools & Systems × Software Engineering"
gaia2,swebenchpro,0.90272684791351,0.90272684791351,"Agents, Tools & Systems",Software Engineering,False,"Agents, Tools & Systems × Software Engineering"
bixbench,swe-lancer,0.9,0.9,Scientific Research,Software Engineering,False,Scientific Research × Software Engineering
kumo,swebench-verified,0.8991908247447851,0.8991908247447851,Mathematics & Reasoning,Software Engineering,False,Mathematics & Reasoning × Software Engineering
gpqa-diamond,scicode,0.8970588235294118,0.8970588235294118,Knowledge & Long Context,Scientific Research,False,Knowledge & Long Context × Scientific Research
replicationbench,skillsbench,0.8970588235294118,0.8970588235294118,Scientific Research,"Agents, Tools & Systems",False,"Agents, Tools & Systems × Scientific Research"
aider-polyglot,humanevalfix,0.8969822462060996,0.8969822462060996,Software Engineering,Software Engineering,True,Software Engineering
kumo,pixiu,0.8962474832562588,0.8962474832562588,Mathematics & Reasoning,Professional Domains,False,Mathematics & Reasoning × Professional Domains
aime,omnimath,0.8947758125119956,0.8947758125119956,Mathematics & Reasoning,Mathematics & Reasoning,True,Mathematics & Reasoning
hle,seal0,0.8941176470588236,0.8941176470588236,Knowledge & Long Context,"Agents, Tools & Systems",False,"Agents, Tools & Systems × Knowledge & Long Context"
algotune,gso,0.8941176470588236,0.8941176470588236,Software Engineering,Software Engineering,True,Software Engineering
deepsynth,humanevalfix,0.8924973349750691,0.8924973349750691,"Agents, Tools & Systems",Software Engineering,False,"Agents, Tools & Systems × Software Engineering"
kumo,replicationbench,0.888889129534943,0.888889129534943,Mathematics & Reasoning,Scientific Research,False,Mathematics & Reasoning × Scientific Research
replicationbench,terminal-bench,0.888235294117647,0.888235294117647,Scientific Research,"Agents, Tools & Systems",False,"Agents, Tools & Systems × Scientific Research"
deepsynth,swebench-verified,0.888235294117647,0.888235294117647,"Agents, Tools & Systems",Software Engineering,False,"Agents, Tools & Systems × Software Engineering"
lawbench,swtbench,0.888235294117647,0.888235294117647,Professional Domains,Software Engineering,False,Professional Domains × Software Engineering
deepsynth,replicationbench,0.8852941176470588,0.8852941176470588,"Agents, Tools & Systems",Scientific Research,False,"Agents, Tools & Systems × Scientific Research"
aider-polyglot,qcircuitbench,0.8852941176470588,0.8852941176470588,Software Engineering,Scientific Research,False,Scientific Research × Software Engineering
mmau,reasoning-gym,0.8852941176470588,0.8852941176470588,Multimodal,Mathematics & Reasoning,False,Mathematics & Reasoning × Multimodal
compilebench,quixbugs,0.8847945069913267,0.8847945069913267,Software Engineering,Software Engineering,True,Software Engineering
arc-agi-2,compilebench,0.8846192562462452,0.8846192562462452,Mathematics & Reasoning,Software Engineering,False,Mathematics & Reasoning × Software Engineering
arc-agi-2,skillsbench,0.8836533883687867,0.8836533883687867,Mathematics & Reasoning,"Agents, Tools & Systems",False,"Agents, Tools & Systems × Mathematics & Reasoning"
aime,gpqa-diamond,0.8823529411764706,0.8823529411764706,Mathematics & Reasoning,Knowledge & Long Context,False,Knowledge & Long Context × Mathematics & Reasoning
algotune,skillsbench,0.8823529411764706,0.8823529411764706,Software Engineering,"Agents, Tools & Systems",False,"Agents, Tools & Systems × Software Engineering"
arc-agi-2,hle,0.880707877074224,0.880707877074224,Mathematics & Reasoning,Knowledge & Long Context,False,Knowledge & Long Context × Mathematics & Reasoning
lawbench,terminal-bench,0.8794117647058823,0.8794117647058823,Professional Domains,"Agents, Tools & Systems",False,"Agents, Tools & Systems × Professional Domains"
lawbench,medagentbench,0.8794117647058823,0.8794117647058823,Professional Domains,Professional Domains,True,Professional Domains
bixbench,deepsynth,0.8794117647058823,0.8794117647058823,Scientific Research,"Agents, Tools & Systems",False,"Agents, Tools & Systems × Scientific Research"
qcircuitbench,swe-lancer,0.8794117647058823,0.8794117647058823,Scientific Research,Software Engineering,False,Scientific Research × Software Engineering
deepsynth,skillsbench,0.8794117647058823,0.8794117647058823,"Agents, Tools & Systems","Agents, Tools & Systems",True,"Agents, Tools & Systems"
pixiu,replicationbench,0.8794117647058823,0.8794117647058823,Professional Domains,Scientific Research,False,Professional Domains × Scientific Research
financeagent_terminal,swebenchpro,0.8777623657796614,0.8777623657796614,Professional Domains,Software Engineering,False,Professional Domains × Software Engineering
algotune,humanevalfix,0.8775476308716341,0.8775476308716341,Software Engineering,Software Engineering,True,Software Engineering
aider-polyglot,algotune,0.8764705882352941,0.8764705882352941,Software Engineering,Software Engineering,True,Software Engineering
skillsbench,swe-lancer,0.8764705882352941,0.8764705882352941,"Agents, Tools & Systems",Software Engineering,False,"Agents, Tools & Systems × Software Engineering"
aider-polyglot,livecodebench,0.8764705882352941,0.8764705882352941,Software Engineering,Software Engineering,True,Software Engineering
hle,terminal-bench,0.8764705882352941,0.8764705882352941,Knowledge & Long Context,"Agents, Tools & Systems",False,"Agents, Tools & Systems × Knowledge & Long Context"
bixbench,livecodebench,0.8735294117647059,0.8735294117647059,Scientific Research,Software Engineering,False,Scientific Research × Software Engineering
lawbench,qcircuitbench,0.8735294117647059,0.8735294117647059,Professional Domains,Scientific Research,False,Professional Domains × Scientific Research
spider2,swebenchpro,0.8718713431905362,0.8718713431905362,Data & Analytics,Software Engineering,False,Data & Analytics × Software Engineering
crustbench,terminal-bench,0.8712290806037852,0.8712290806037852,Software Engineering,"Agents, Tools & Systems",False,"Agents, Tools & Systems × Software Engineering"
swtbench,widesearch,0.8705882352941177,0.8705882352941177,Software Engineering,"Agents, Tools & Systems",False,"Agents, Tools & Systems × Software Engineering"
bixbench,terminal-bench,0.8705882352941177,0.8705882352941177,Scientific Research,"Agents, Tools & Systems",False,"Agents, Tools & Systems × Scientific Research"
bixbench,seal0,0.8705882352941177,0.8705882352941177,Scientific Research,"Agents, Tools & Systems",False,"Agents, Tools & Systems × Scientific Research"
algotune,spreadsheetbench,0.8705882352941177,0.8705882352941177,Software Engineering,Professional Domains,False,Professional Domains × Software Engineering
arc-agi-2,qcircuitbench,0.8689258318959735,0.8689258318959735,Mathematics & Reasoning,Scientific Research,False,Mathematics & Reasoning × Scientific Research
humanevalfix,spreadsheetbench,0.8685778084095731,0.8685778084095731,Software Engineering,Professional Domains,False,Professional Domains × Software Engineering
arc-agi-2,humanevalfix,0.8683607795003686,0.8683607795003686,Mathematics & Reasoning,Software Engineering,False,Mathematics & Reasoning × Software Engineering
skillsbench,terminal-bench,0.8676470588235294,0.8676470588235294,"Agents, Tools & Systems","Agents, Tools & Systems",True,"Agents, Tools & Systems"
pixiu,terminal-bench,0.8676470588235294,0.8676470588235294,Professional Domains,"Agents, Tools & Systems",False,"Agents, Tools & Systems × Professional Domains"
lawbench,scicode,0.8676470588235294,0.8676470588235294,Professional Domains,Scientific Research,False,Professional Domains × Scientific Research
spider2,swebench-verified,0.8676470588235294,0.8676470588235294,Data & Analytics,Software Engineering,False,Data & Analytics × Software Engineering
algotune,swe-lancer,0.8676470588235294,0.8676470588235294,Software Engineering,Software Engineering,True,Software Engineering
spreadsheetbench,swebench-verified,0.8647058823529412,0.8647058823529412,Professional Domains,Software Engineering,False,Professional Domains × Software Engineering
deepsynth,financeagent_terminal,0.8647058823529412,0.8647058823529412,"Agents, Tools & Systems",Professional Domains,False,"Agents, Tools & Systems × Professional Domains"
livecodebench,pixiu,0.8647058823529412,0.8647058823529412,Software Engineering,Professional Domains,False,Professional Domains × Software Engineering
hle,omnimath,0.8638707268824695,0.8638707268824695,Knowledge & Long Context,Mathematics & Reasoning,False,Knowledge & Long Context × Mathematics & Reasoning
kumo,qcircuitbench,0.8623990561382063,0.8623990561382063,Mathematics & Reasoning,Scientific Research,False,Mathematics & Reasoning × Scientific Research
bixbench,skillsbench,0.861764705882353,0.861764705882353,Scientific Research,"Agents, Tools & Systems",False,"Agents, Tools & Systems × Scientific Research"
spreadsheetbench,swebenchpro,0.861562053659567,0.861562053659567,Professional Domains,Software Engineering,False,Professional Domains × Software Engineering
humanevalfix,swe-lancer,0.8611029563578556,0.8611029563578556,Software Engineering,Software Engineering,True,Software Engineering
skillsbench,swebenchpro,0.8586165423650044,0.8586165423650044,"Agents, Tools & Systems",Software Engineering,False,"Agents, Tools & Systems × Software Engineering"
compilebench,skillsbench,0.8582063582002685,0.8582063582002685,Software Engineering,"Agents, Tools & Systems",False,"Agents, Tools & Systems × Software Engineering"
algotune,financeagent_terminal,0.8558823529411764,0.8558823529411764,Software Engineering,Professional Domains,False,Professional Domains × Software Engineering
lawbench,swebench-verified,0.8558823529411764,0.8558823529411764,Professional Domains,Software Engineering,False,Professional Domains × Software Engineering
arc-agi-2,widesearch,0.8556710310704417,0.8556710310704417,Mathematics & Reasoning,"Agents, Tools & Systems",False,"Agents, Tools & Systems × Mathematics & Reasoning"
arc-agi-2,lawbench,0.8556710310704417,0.8556710310704417,Mathematics & Reasoning,Professional Domains,False,Mathematics & Reasoning × Professional Domains
hle,kumo,0.8550407024168906,0.8550407024168906,Knowledge & Long Context,Mathematics & Reasoning,False,Knowledge & Long Context × Mathematics & Reasoning
humanevalfix,kumo,0.8542564651599464,0.8542564651599464,Software Engineering,Mathematics & Reasoning,False,Mathematics & Reasoning × Software Engineering
humanevalfix,spider2,0.8536281043061381,0.8536281043061381,Software Engineering,Data & Analytics,False,Data & Analytics × Software Engineering
crustbench,replicationbench,0.8535690316726274,0.8535690316726274,Software Engineering,Scientific Research,False,Scientific Research × Software Engineering
qcircuitbench,swtbench,0.8529411764705882,0.8529411764705882,Scientific Research,Software Engineering,False,Scientific Research × Software Engineering
deepsynth,gpqa-diamond,0.8529411764705882,0.8529411764705882,"Agents, Tools & Systems",Knowledge & Long Context,False,"Agents, Tools & Systems × Knowledge & Long Context"
swebenchpro,terminal-bench,0.8512527641285978,0.8512527641285978,Software Engineering,"Agents, Tools & Systems",False,"Agents, Tools & Systems × Software Engineering"
gpqa-diamond,terminal-bench,0.85,0.85,Knowledge & Long Context,"Agents, Tools & Systems",False,"Agents, Tools & Systems × Knowledge & Long Context"
aime,deepsynth,0.85,0.85,Mathematics & Reasoning,"Agents, Tools & Systems",False,"Agents, Tools & Systems × Mathematics & Reasoning"
gpqa-diamond,swe-lancer,0.85,0.85,Knowledge & Long Context,Software Engineering,False,Knowledge & Long Context × Software Engineering
seal0,simpleqa,0.85,0.85,"Agents, Tools & Systems",Knowledge & Long Context,False,"Agents, Tools & Systems × Knowledge & Long Context"
financeagent_terminal,gaia2,0.8476823486955748,0.8476823486955748,Professional Domains,"Agents, Tools & Systems",False,"Agents, Tools & Systems × Professional Domains"
hle,livecodebench,0.8470588235294118,0.8470588235294118,Knowledge & Long Context,Software Engineering,False,Knowledge & Long Context × Software Engineering
deepsynth,pixiu,0.8470588235294118,0.8470588235294118,"Agents, Tools & Systems",Professional Domains,False,"Agents, Tools & Systems × Professional Domains"
deepsynth,spider2,0.8470588235294118,0.8470588235294118,"Agents, Tools & Systems",Data & Analytics,False,"Agents, Tools & Systems × Data & Analytics"
deepsynth,spreadsheetbench,0.8470588235294118,0.8470588235294118,"Agents, Tools & Systems",Professional Domains,False,"Agents, Tools & Systems × Professional Domains"
aider-polyglot,skillsbench,0.8470588235294118,0.8470588235294118,Software Engineering,"Agents, Tools & Systems",False,"Agents, Tools & Systems × Software Engineering"
lawbench,widesearch,0.8470588235294118,0.8470588235294118,Professional Domains,"Agents, Tools & Systems",False,"Agents, Tools & Systems × Professional Domains"
pixiu,swebench-verified,0.8470588235294118,0.8470588235294118,Professional Domains,Software Engineering,False,Professional Domains × Software Engineering
bixbench,compilebench,0.8463894031820204,0.8463894031820204,Scientific Research,Software Engineering,False,Scientific Research × Software Engineering
spider2,swesmith,0.8447390072070485,0.8447390072070485,Data & Analytics,Software Engineering,False,Data & Analytics × Software Engineering
gaia,omnimath,0.8447390072070485,0.8447390072070485,"Agents, Tools & Systems",Mathematics & Reasoning,False,"Agents, Tools & Systems × Mathematics & Reasoning"
hle,replicationbench,0.8441176470588235,0.8441176470588235,Knowledge & Long Context,Scientific Research,False,Knowledge & Long Context × Scientific Research
livecodebench,swe-lancer,0.8441176470588235,0.8441176470588235,Software Engineering,Software Engineering,True,Software Engineering
replicationbench,swebench-verified,0.8441176470588235,0.8441176470588235,Scientific Research,Software Engineering,False,Scientific Research × Software Engineering
gso,humanevalfix,0.8431633114337336,0.8431633114337336,Software Engineering,Software Engineering,True,Software Engineering
compilebench,pixiu,0.8419580450501774,0.8419580450501774,Software Engineering,Professional Domains,False,Professional Domains × Software Engineering
lawbench,swe-lancer,0.8411764705882353,0.8411764705882353,Professional Domains,Software Engineering,False,Professional Domains × Software Engineering
gso,spider2,0.8411764705882353,0.8411764705882353,Software Engineering,Data & Analytics,False,Data & Analytics × Software Engineering
aider-polyglot,compilebench,0.8404809256728963,0.8404809256728963,Software Engineering,Software Engineering,True,Software Engineering
deepsynth,swebenchpro,0.8394707189503473,0.8394707189503473,"Agents, Tools & Systems",Software Engineering,False,"Agents, Tools & Systems × Software Engineering"
medagentbench,scicode,0.8382352941176471,0.8382352941176471,Professional Domains,Scientific Research,False,Professional Domains × Scientific Research
qcircuitbench,terminal-bench,0.8382352941176471,0.8382352941176471,Scientific Research,"Agents, Tools & Systems",False,"Agents, Tools & Systems × Scientific Research"
spreadsheetbench,terminal-bench,0.8382352941176471,0.8382352941176471,Professional Domains,"Agents, Tools & Systems",False,"Agents, Tools & Systems × Professional Domains"
compilebench,swtbench,0.8375266869183343,0.8375266869183343,Software Engineering,Software Engineering,True,Software Engineering
aime,humanevalfix,0.8371834297923596,0.8371834297923596,Mathematics & Reasoning,Software Engineering,False,Mathematics & Reasoning × Software Engineering
algotune,arc-agi-2,0.8365252076557848,0.8365252076557848,Software Engineering,Mathematics & Reasoning,False,Mathematics & Reasoning × Software Engineering
compilebench,swe-lancer,0.8360495675410533,0.8360495675410533,Software Engineering,Software Engineering,True,Software Engineering
gpqa-diamond,pixiu,0.8352941176470589,0.8352941176470589,Knowledge & Long Context,Professional Domains,False,Knowledge & Long Context × Professional Domains
deepsynth,widesearch,0.8352941176470589,0.8352941176470589,"Agents, Tools & Systems","Agents, Tools & Systems",True,"Agents, Tools & Systems"
bixbench,gpqa-diamond,0.8352941176470589,0.8352941176470589,Scientific Research,Knowledge & Long Context,False,Knowledge & Long Context × Scientific Research
humanevalfix,swesmith,0.8340595084530125,0.8340595084530125,Software Engineering,Software Engineering,True,Software Engineering
algotune,swebenchpro,0.8335796963612221,0.8335796963612221,Software Engineering,Software Engineering,True,Software Engineering
replicationbench,seal0,0.8323529411764706,0.8323529411764706,Scientific Research,"Agents, Tools & Systems",False,"Agents, Tools & Systems × Scientific Research"
compilebench,qcircuitbench,0.8301410900319293,0.8301410900319293,Software Engineering,Scientific Research,False,Scientific Research × Software Engineering
qcircuitbench,scicode,0.8294117647058824,0.8294117647058824,Scientific Research,Scientific Research,True,Scientific Research
algotune,swebench-verified,0.8294117647058824,0.8294117647058824,Software Engineering,Software Engineering,True,Software Engineering
gso,skillsbench,0.8294117647058824,0.8294117647058824,Software Engineering,"Agents, Tools & Systems",False,"Agents, Tools & Systems × Software Engineering"
medagentbench,terminal-bench,0.8294117647058824,0.8294117647058824,Professional Domains,"Agents, Tools & Systems",False,"Agents, Tools & Systems × Professional Domains"
aider-polyglot,gpqa-diamond,0.8294117647058824,0.8294117647058824,Software Engineering,Knowledge & Long Context,False,Knowledge & Long Context × Software Engineering
compilebench,replicationbench,0.8286639706546483,0.8286639706546483,Software Engineering,Scientific Research,False,Scientific Research × Software Engineering
gso,swebenchpro,0.8276886737720969,0.8276886737720969,Software Engineering,Software Engineering,True,Software Engineering
kumo,skillsbench,0.8270789582758906,0.8270789582758906,Mathematics & Reasoning,"Agents, Tools & Systems",False,"Agents, Tools & Systems × Mathematics & Reasoning"
swe-lancer,widesearch,0.8264705882352941,0.8264705882352941,Software Engineering,"Agents, Tools & Systems",False,"Agents, Tools & Systems × Software Engineering"
pixiu,seal0,0.8264705882352941,0.8264705882352941,Professional Domains,"Agents, Tools & Systems",False,"Agents, Tools & Systems × Professional Domains"
gaia,seal0,0.8264705882352941,0.8264705882352941,"Agents, Tools & Systems","Agents, Tools & Systems",True,"Agents, Tools & Systems"
deepsynth,seal0,0.8264705882352941,0.8264705882352941,"Agents, Tools & Systems","Agents, Tools & Systems",True,"Agents, Tools & Systems"
gaia,simpleqa,0.8264705882352941,0.8264705882352941,"Agents, Tools & Systems",Knowledge & Long Context,False,"Agents, Tools & Systems × Knowledge & Long Context"
aime,terminal-bench,0.8264705882352941,0.8264705882352941,Mathematics & Reasoning,"Agents, Tools & Systems",False,"Agents, Tools & Systems × Mathematics & Reasoning"
terminal-bench,widesearch,0.8264705882352941,0.8264705882352941,"Agents, Tools & Systems","Agents, Tools & Systems",True,"Agents, Tools & Systems"
humanevalfix,swebenchpro,0.8256913274042298,0.8256913274042298,Software Engineering,Software Engineering,True,Software Engineering
algotune,bigcodebench,0.8256072875316275,0.8256072875316275,Software Engineering,Software Engineering,True,Software Engineering
humanevalfix,lawbench,0.8237286960992681,0.8237286960992681,Software Engineering,Professional Domains,False,Professional Domains × Software Engineering
gpqa-diamond,widesearch,0.8235294117647058,0.8235294117647058,Knowledge & Long Context,"Agents, Tools & Systems",False,"Agents, Tools & Systems × Knowledge & Long Context"
financeagent_terminal,terminal-bench,0.8235294117647058,0.8235294117647058,Professional Domains,"Agents, Tools & Systems",False,"Agents, Tools & Systems × Professional Domains"
bixbench,widesearch,0.8235294117647058,0.8235294117647058,Scientific Research,"Agents, Tools & Systems",False,"Agents, Tools & Systems × Scientific Research"
algotune,gpqa-diamond,0.8235294117647058,0.8235294117647058,Software Engineering,Knowledge & Long Context,False,Knowledge & Long Context × Software Engineering
gpqa-diamond,lawbench,0.8235294117647058,0.8235294117647058,Knowledge & Long Context,Professional Domains,False,Knowledge & Long Context × Professional Domains
aime,hle,0.8235294117647058,0.8235294117647058,Mathematics & Reasoning,Knowledge & Long Context,False,Knowledge & Long Context × Mathematics & Reasoning
compilebench,widesearch,0.8227554931455242,0.8227554931455242,Software Engineering,"Agents, Tools & Systems",False,"Agents, Tools & Systems × Software Engineering"
compilebench,kumo,0.8218829217881034,0.8218829217881034,Software Engineering,Mathematics & Reasoning,False,Mathematics & Reasoning × Software Engineering
arc-agi-2,spider2,0.8217976511829715,0.8217976511829715,Mathematics & Reasoning,Data & Analytics,False,Data & Analytics × Mathematics & Reasoning
gaia2,humanevalfix,0.82134290608198,0.82134290608198,"Agents, Tools & Systems",Software Engineering,False,"Agents, Tools & Systems × Software Engineering"
kumo,medagentbench,0.8211922752988381,0.8211922752988381,Mathematics & Reasoning,Professional Domains,False,Mathematics & Reasoning × Professional Domains
aider-polyglot,crustbench,0.8211922752988381,0.8211922752988381,Software Engineering,Software Engineering,True,Software Engineering
hle,qcircuitbench,0.8205882352941176,0.8205882352941176,Knowledge & Long Context,Scientific Research,False,Knowledge & Long Context × Scientific Research
spider2,terminal-bench,0.8205882352941176,0.8205882352941176,Data & Analytics,"Agents, Tools & Systems",False,"Agents, Tools & Systems × Data & Analytics"
bixbench,swebench-verified,0.8205882352941176,0.8205882352941176,Scientific Research,Software Engineering,False,Scientific Research × Software Engineering
lawbench,pixiu,0.8205882352941176,0.8205882352941176,Professional Domains,Professional Domains,True,Professional Domains
financeagent_terminal,spreadsheetbench,0.8205882352941176,0.8205882352941176,Professional Domains,Professional Domains,True,Professional Domains
skillsbench,widesearch,0.8205882352941176,0.8205882352941176,"Agents, Tools & Systems","Agents, Tools & Systems",True,"Agents, Tools & Systems"
quixbugs,skillsbench,0.8205882352941176,0.8205882352941176,Software Engineering,"Agents, Tools & Systems",False,"Agents, Tools & Systems × Software Engineering"
hle,scicode,0.8205882352941176,0.8205882352941176,Knowledge & Long Context,Scientific Research,False,Knowledge & Long Context × Scientific Research
spreadsheetbench,swesmith,0.819720604554575,0.819720604554575,Professional Domains,Software Engineering,False,Professional Domains × Software Engineering
kumo,lawbench,0.819720604554575,0.819720604554575,Mathematics & Reasoning,Professional Domains,False,Mathematics & Reasoning × Professional Domains
swebenchpro,widesearch,0.818852139888409,0.818852139888409,Software Engineering,"Agents, Tools & Systems",False,"Agents, Tools & Systems × Software Engineering"
aime,algotune,0.8176470588235294,0.8176470588235294,Mathematics & Reasoning,Software Engineering,False,Mathematics & Reasoning × Software Engineering
scicode,terminal-bench,0.8176470588235294,0.8176470588235294,Scientific Research,"Agents, Tools & Systems",False,"Agents, Tools & Systems × Scientific Research"
medagentbench,widesearch,0.8176470588235294,0.8176470588235294,Professional Domains,"Agents, Tools & Systems",False,"Agents, Tools & Systems × Professional Domains"
aider-polyglot,lawbench,0.8176470588235294,0.8176470588235294,Software Engineering,Professional Domains,False,Professional Domains × Software Engineering
aider-polyglot,seal0,0.8176470588235294,0.8176470588235294,Software Engineering,"Agents, Tools & Systems",False,"Agents, Tools & Systems × Software Engineering"
hle,widesearch,0.8176470588235294,0.8176470588235294,Knowledge & Long Context,"Agents, Tools & Systems",False,"Agents, Tools & Systems × Knowledge & Long Context"
algotune,gaia2,0.8167772630660486,0.8167772630660486,Software Engineering,"Agents, Tools & Systems",False,"Agents, Tools & Systems × Software Engineering"
deepsynth,lawbench,0.8147058823529412,0.8147058823529412,"Agents, Tools & Systems",Professional Domains,False,"Agents, Tools & Systems × Professional Domains"
scicode,swe-lancer,0.8147058823529412,0.8147058823529412,Scientific Research,Software Engineering,False,Scientific Research × Software Engineering
bixbench,quixbugs,0.8147058823529412,0.8147058823529412,Scientific Research,Software Engineering,False,Scientific Research × Software Engineering
scicode,widesearch,0.8147058823529412,0.8147058823529412,Scientific Research,"Agents, Tools & Systems",False,"Agents, Tools & Systems × Scientific Research"
skillsbench,spreadsheetbench,0.8147058823529412,0.8147058823529412,"Agents, Tools & Systems",Professional Domains,False,"Agents, Tools & Systems × Professional Domains"
arc-agi-2,gpqa-diamond,0.8129611172992838,0.8129611172992838,Mathematics & Reasoning,Knowledge & Long Context,False,Knowledge & Long Context × Mathematics & Reasoning
gaia,hle,0.8117647058823529,0.8117647058823529,"Agents, Tools & Systems",Knowledge & Long Context,False,"Agents, Tools & Systems × Knowledge & Long Context"
aime,financeagent_terminal,0.8117647058823529,0.8117647058823529,Mathematics & Reasoning,Professional Domains,False,Mathematics & Reasoning × Professional Domains
algotune,hle,0.8117647058823529,0.8117647058823529,Software Engineering,Knowledge & Long Context,False,Knowledge & Long Context × Software Engineering
qcircuitbench,swebench-verified,0.8117647058823529,0.8117647058823529,Scientific Research,Software Engineering,False,Scientific Research × Software Engineering
financeagent_terminal,widesearch,0.8117647058823529,0.8117647058823529,Professional Domains,"Agents, Tools & Systems",False,"Agents, Tools & Systems × Professional Domains"
omnimath,seal0,0.8108905800889961,0.8108905800889961,Mathematics & Reasoning,"Agents, Tools & Systems",False,"Agents, Tools & Systems × Mathematics & Reasoning"
crustbench,swebench-verified,0.8108905800889961,0.8108905800889961,Software Engineering,Software Engineering,True,Software Engineering
gaia2,skillsbench,0.8094189093447328,0.8094189093447328,"Agents, Tools & Systems","Agents, Tools & Systems",True,"Agents, Tools & Systems"
kumo,simpleqa,0.8094189093447328,0.8094189093447328,Mathematics & Reasoning,Knowledge & Long Context,False,Knowledge & Long Context × Mathematics & Reasoning
bixbench,simpleqa,0.8088235294117647,0.8088235294117647,Scientific Research,Knowledge & Long Context,False,Knowledge & Long Context × Scientific Research
skillsbench,swebench-verified,0.8088235294117647,0.8088235294117647,"Agents, Tools & Systems",Software Engineering,False,"Agents, Tools & Systems × Software Engineering"
deepsynth,gaia2,0.8079472386004697,0.8079472386004697,"Agents, Tools & Systems","Agents, Tools & Systems",True,"Agents, Tools & Systems"
bixbench,humanevalfix,0.8072840215854896,0.8072840215854896,Scientific Research,Software Engineering,False,Scientific Research × Software Engineering
hle,lawbench,0.8058823529411765,0.8058823529411765,Knowledge & Long Context,Professional Domains,False,Knowledge & Long Context × Professional Domains
financeagent_terminal,gpqa-diamond,0.8058823529411765,0.8058823529411765,Professional Domains,Knowledge & Long Context,False,Knowledge & Long Context × Professional Domains
algotune,quixbugs,0.8058823529411765,0.8058823529411765,Software Engineering,Software Engineering,True,Software Engineering
hle,humanevalfix,0.8057890511751461,0.8057890511751461,Knowledge & Long Context,Software Engineering,False,Knowledge & Long Context × Software Engineering
crustbench,skillsbench,0.8035322263676803,0.8035322263676803,Software Engineering,"Agents, Tools & Systems",False,"Agents, Tools & Systems × Software Engineering"
crustbench,deepsynth,0.8035322263676803,0.8035322263676803,Software Engineering,"Agents, Tools & Systems",False,"Agents, Tools & Systems × Software Engineering"
deepsynth,gaia,0.8029411764705883,0.8029411764705883,"Agents, Tools & Systems","Agents, Tools & Systems",True,"Agents, Tools & Systems"
financeagent_terminal,humanevalfix,0.8013041399441156,0.8013041399441156,Professional Domains,Software Engineering,False,Professional Domains × Software Engineering
arc-agi-2,spreadsheetbench,0.8011790721210332,0.8011790721210332,Mathematics & Reasoning,Professional Domains,False,Mathematics & Reasoning × Professional Domains
bigcodebench,spreadsheetbench,0.8005888848791539,0.8005888848791539,Software Engineering,Professional Domains,False,Professional Domains × Software Engineering
algotune,crustbench,0.8005888848791539,0.8005888848791539,Software Engineering,Software Engineering,True,Software Engineering
swtbench,terminal-bench,0.8,0.8,Software Engineering,"Agents, Tools & Systems",False,"Agents, Tools & Systems × Software Engineering"
quixbugs,swebenchpro,0.7997063164737519,0.7997063164737519,Software Engineering,Software Engineering,True,Software Engineering
kumo,livecodebench,0.7991172141348908,0.7991172141348908,Mathematics & Reasoning,Software Engineering,False,Mathematics & Reasoning × Software Engineering
crustbench,swe-lancer,0.7991172141348908,0.7991172141348908,Software Engineering,Software Engineering,True,Software Engineering
bigcodebench,gso,0.7991172141348908,0.7991172141348908,Software Engineering,Software Engineering,True,Software Engineering
kumo,seal0,0.7976455433906277,0.7976455433906277,Mathematics & Reasoning,"Agents, Tools & Systems",False,"Agents, Tools & Systems × Mathematics & Reasoning"
gso,swebench-verified,0.7970588235294118,0.7970588235294118,Software Engineering,Software Engineering,True,Software Engineering
gpqa-diamond,medagentbench,0.7970588235294118,0.7970588235294118,Knowledge & Long Context,Professional Domains,False,Knowledge & Long Context × Professional Domains
reasoning-gym,scicode,0.7970588235294118,0.7970588235294118,Mathematics & Reasoning,Scientific Research,False,Mathematics & Reasoning × Scientific Research
bixbench,qcircuitbench,0.7970588235294118,0.7970588235294118,Scientific Research,Scientific Research,True,Scientific Research
financeagent_terminal,spider2,0.7970588235294118,0.7970588235294118,Professional Domains,Data & Analytics,False,Data & Analytics × Professional Domains
algotune,bixbench,0.7970588235294118,0.7970588235294118,Software Engineering,Scientific Research,False,Scientific Research × Software Engineering
spreadsheetbench,swe-lancer,0.7970588235294118,0.7970588235294118,Professional Domains,Software Engineering,False,Professional Domains × Software Engineering
financeagent_terminal,hle,0.7970588235294118,0.7970588235294118,Professional Domains,Knowledge & Long Context,False,Knowledge & Long Context × Professional Domains
humanevalfix,pixiu,0.7968192287130851,0.7968192287130851,Software Engineering,Professional Domains,False,Professional Domains × Software Engineering
humanevalfix,replicationbench,0.7968192287130851,0.7968192287130851,Software Engineering,Scientific Research,False,Scientific Research × Software Engineering
gaia2,swebench-verified,0.7961738726463645,0.7961738726463645,"Agents, Tools & Systems",Software Engineering,False,"Agents, Tools & Systems × Software Engineering"
deepsynth,gso,0.7941176470588235,0.7941176470588235,"Agents, Tools & Systems",Software Engineering,False,"Agents, Tools & Systems × Software Engineering"
deepsynth,medagentbench,0.7941176470588235,0.7941176470588235,"Agents, Tools & Systems",Professional Domains,False,"Agents, Tools & Systems × Professional Domains"
pixiu,scicode,0.7941176470588235,0.7941176470588235,Professional Domains,Scientific Research,False,Professional Domains × Scientific Research
arc-agi-2,swtbench,0.7938152938846267,0.7938152938846267,Mathematics & Reasoning,Software Engineering,False,Mathematics & Reasoning × Software Engineering
arc-agi-2,medagentbench,0.7923425382373454,0.7923425382373454,Mathematics & Reasoning,Professional Domains,False,Mathematics & Reasoning × Professional Domains
financeagent_terminal,gso,0.7911764705882353,0.7911764705882353,Professional Domains,Software Engineering,False,Professional Domains × Software Engineering
replicationbench,widesearch,0.7911764705882353,0.7911764705882353,Scientific Research,"Agents, Tools & Systems",False,"Agents, Tools & Systems × Scientific Research"
swe-lancer,swtbench,0.7911764705882353,0.7911764705882353,Software Engineering,Software Engineering,True,Software Engineering
bixbench,omnimath,0.7902871896693119,0.7902871896693119,Scientific Research,Mathematics & Reasoning,False,Mathematics & Reasoning × Scientific Research
kumo,widesearch,0.7902871896693119,0.7902871896693119,Mathematics & Reasoning,"Agents, Tools & Systems",False,"Agents, Tools & Systems × Mathematics & Reasoning"
bigcodebench,gaia2,0.7893961708394698,0.7893961708394698,Software Engineering,"Agents, Tools & Systems",False,"Agents, Tools & Systems × Software Engineering"
humanevalfix,skillsbench,0.7893443766613676,0.7893443766613676,Software Engineering,"Agents, Tools & Systems",False,"Agents, Tools & Systems × Software Engineering"
bigcodebench,mmau,0.7888155189250488,0.7888155189250488,Software Engineering,Multimodal,False,Multimodal × Software Engineering
skillsbench,spider2,0.788235294117647,0.788235294117647,"Agents, Tools & Systems",Data & Analytics,False,"Agents, Tools & Systems × Data & Analytics"
gaia,gpqa-diamond,0.788235294117647,0.788235294117647,"Agents, Tools & Systems",Knowledge & Long Context,False,"Agents, Tools & Systems × Knowledge & Long Context"
aime,swe-lancer,0.788235294117647,0.788235294117647,Mathematics & Reasoning,Software Engineering,False,Mathematics & Reasoning × Software Engineering
qcircuitbench,replicationbench,0.788235294117647,0.788235294117647,Scientific Research,Scientific Research,True,Scientific Research
algotune,replicationbench,0.788235294117647,0.788235294117647,Software Engineering,Scientific Research,False,Scientific Research × Software Engineering
lawbench,spreadsheetbench,0.788235294117647,0.788235294117647,Professional Domains,Professional Domains,True,Professional Domains
quixbugs,swe-lancer,0.788235294117647,0.788235294117647,Software Engineering,Software Engineering,True,Software Engineering
kumo,spider2,0.7873438481807856,0.7873438481807856,Mathematics & Reasoning,Data & Analytics,False,Data & Analytics × Mathematics & Reasoning
algotune,kumo,0.7873438481807856,0.7873438481807856,Software Engineering,Mathematics & Reasoning,False,Mathematics & Reasoning × Software Engineering
aime,swebenchpro,0.7864515156482201,0.7864515156482201,Mathematics & Reasoning,Software Engineering,False,Mathematics & Reasoning × Software Engineering
gpqa-diamond,humanevalfix,0.7863544358406807,0.7863544358406807,Knowledge & Long Context,Software Engineering,False,Knowledge & Long Context × Software Engineering
aider-polyglot,scicode,0.7852941176470588,0.7852941176470588,Software Engineering,Scientific Research,False,Scientific Research × Software Engineering
aider-polyglot,quixbugs,0.7852941176470588,0.7852941176470588,Software Engineering,Software Engineering,True,Software Engineering
hle,swebench-verified,0.7852941176470588,0.7852941176470588,Knowledge & Long Context,Software Engineering,False,Knowledge & Long Context × Software Engineering
arc-agi-2,livecodebench,0.7849787600009388,0.7849787600009388,Mathematics & Reasoning,Software Engineering,False,Mathematics & Reasoning × Software Engineering
arc-agi-2,crustbench,0.7833458280261724,0.7833458280261724,Mathematics & Reasoning,Software Engineering,False,Mathematics & Reasoning × Software Engineering
compilebench,deepsynth,0.7828732699589368,0.7828732699589368,Software Engineering,"Agents, Tools & Systems",False,"Agents, Tools & Systems × Software Engineering"
lawbench,reasoning-gym,0.7823529411764706,0.7823529411764706,Professional Domains,Mathematics & Reasoning,False,Mathematics & Reasoning × Professional Domains
lawbench,spider2,0.7823529411764706,0.7823529411764706,Professional Domains,Data & Analytics,False,Data & Analytics × Professional Domains
gpqa-diamond,seal0,0.7823529411764706,0.7823529411764706,Knowledge & Long Context,"Agents, Tools & Systems",False,"Agents, Tools & Systems × Knowledge & Long Context"
quixbugs,widesearch,0.7823529411764706,0.7823529411764706,Software Engineering,"Agents, Tools & Systems",False,"Agents, Tools & Systems × Software Engineering"
compilebench,terminal-bench,0.7813961505816558,0.7813961505816558,Software Engineering,"Agents, Tools & Systems",False,"Agents, Tools & Systems × Software Engineering"
swebenchpro,swtbench,0.7805604930590949,0.7805604930590949,Software Engineering,Software Engineering,True,Software Engineering
mmmlu,research-code-bench,0.780163056058802,0.780163056058802,Knowledge & Long Context,Scientific Research,False,Knowledge & Long Context × Scientific Research
aime,medagentbench,0.7794117647058824,0.7794117647058824,Mathematics & Reasoning,Professional Domains,False,Mathematics & Reasoning × Professional Domains
arc-agi-2,quixbugs,0.7790877374118136,0.7790877374118136,Mathematics & Reasoning,Software Engineering,False,Mathematics & Reasoning × Software Engineering
arc-agi-2,swebenchpro,0.7787610619469026,0.7787610619469026,Mathematics & Reasoning,Software Engineering,False,Mathematics & Reasoning × Software Engineering
gpqa-diamond,kumo,0.7785138237152067,0.7785138237152067,Knowledge & Long Context,Mathematics & Reasoning,False,Knowledge & Long Context × Mathematics & Reasoning
gaia2,terminal-bench,0.7785138237152067,0.7785138237152067,"Agents, Tools & Systems","Agents, Tools & Systems",True,"Agents, Tools & Systems"
deepsynth,swtbench,0.7764705882352941,0.7764705882352941,"Agents, Tools & Systems",Software Engineering,False,"Agents, Tools & Systems × Software Engineering"
mmau,scicode,0.7764705882352941,0.7764705882352941,Multimodal,Scientific Research,False,Multimodal × Scientific Research
gso,terminal-bench,0.7764705882352941,0.7764705882352941,Software Engineering,"Agents, Tools & Systems",False,"Agents, Tools & Systems × Software Engineering"
deepsynth,qcircuitbench,0.7735294117647059,0.7735294117647059,"Agents, Tools & Systems",Scientific Research,False,"Agents, Tools & Systems × Scientific Research"
gso,quixbugs,0.7735294117647059,0.7735294117647059,Software Engineering,Software Engineering,True,Software Engineering
quixbugs,sldbench,0.7735294117647059,0.7735294117647059,Software Engineering,Scientific Research,False,Scientific Research × Software Engineering
deepsynth,scicode,0.7735294117647059,0.7735294117647059,"Agents, Tools & Systems",Scientific Research,False,"Agents, Tools & Systems × Scientific Research"
pixiu,swtbench,0.7735294117647059,0.7735294117647059,Professional Domains,Software Engineering,False,Professional Domains × Software Engineering
seal0,swe-lancer,0.7735294117647059,0.7735294117647059,"Agents, Tools & Systems",Software Engineering,False,"Agents, Tools & Systems × Software Engineering"
bigcodebench,humanevalfix,0.7727206028986205,0.7727206028986205,Software Engineering,Software Engineering,True,Software Engineering
compilebench,swebench-verified,0.7725334343179697,0.7725334343179697,Software Engineering,Software Engineering,True,Software Engineering
livecodebench,terminal-bench,0.7705882352941177,0.7705882352941177,Software Engineering,"Agents, Tools & Systems",False,"Agents, Tools & Systems × Software Engineering"
deepsynth,quixbugs,0.7705882352941177,0.7705882352941177,"Agents, Tools & Systems",Software Engineering,False,"Agents, Tools & Systems × Software Engineering"
aider-polyglot,spreadsheetbench,0.7705882352941177,0.7705882352941177,Software Engineering,Professional Domains,False,Professional Domains × Software Engineering
aider-polyglot,aime,0.7705882352941177,0.7705882352941177,Software Engineering,Mathematics & Reasoning,False,Mathematics & Reasoning × Software Engineering
spider2,swe-lancer,0.7705882352941177,0.7705882352941177,Data & Analytics,Software Engineering,False,Data & Analytics × Software Engineering
algotune,pixiu,0.7705882352941177,0.7705882352941177,Software Engineering,Professional Domains,False,Professional Domains × Software Engineering
hle,quixbugs,0.7705882352941177,0.7705882352941177,Knowledge & Long Context,Software Engineering,False,Knowledge & Long Context × Software Engineering
arc-agi-2,scicode,0.7702512035281257,0.7702512035281257,Mathematics & Reasoning,Scientific Research,False,Mathematics & Reasoning × Scientific Research
gaia2,swesmith,0.7702503681885126,0.7702503681885126,"Agents, Tools & Systems",Software Engineering,False,"Agents, Tools & Systems × Software Engineering"
spider2,widesearch,0.7676470588235295,0.7676470588235295,Data & Analytics,"Agents, Tools & Systems",False,"Agents, Tools & Systems × Data & Analytics"
gpqa-diamond,qcircuitbench,0.7676470588235295,0.7676470588235295,Knowledge & Long Context,Scientific Research,False,Knowledge & Long Context × Scientific Research
seal0,terminal-bench,0.7676470588235295,0.7676470588235295,"Agents, Tools & Systems","Agents, Tools & Systems",True,"Agents, Tools & Systems"
medagentbench,swtbench,0.7676470588235295,0.7676470588235295,Professional Domains,Software Engineering,False,Professional Domains × Software Engineering
arc-agi-2,seal0,0.7658329365862818,0.7658329365862818,Mathematics & Reasoning,"Agents, Tools & Systems",False,"Agents, Tools & Systems × Mathematics & Reasoning"
kumo,swtbench,0.7652687870168383,0.7652687870168383,Mathematics & Reasoning,Software Engineering,False,Mathematics & Reasoning × Software Engineering
bigcodebench,swebench-verified,0.7652687870168383,0.7652687870168383,Software Engineering,Software Engineering,True,Software Engineering
gaia,widesearch,0.7647058823529411,0.7647058823529411,"Agents, Tools & Systems","Agents, Tools & Systems",True,"Agents, Tools & Systems"
quixbugs,spreadsheetbench,0.7647058823529411,0.7647058823529411,Software Engineering,Professional Domains,False,Professional Domains × Software Engineering
financeagent_terminal,gaia,0.7647058823529411,0.7647058823529411,Professional Domains,"Agents, Tools & Systems",False,"Agents, Tools & Systems × Professional Domains"
spreadsheetbench,widesearch,0.7647058823529411,0.7647058823529411,Professional Domains,"Agents, Tools & Systems",False,"Agents, Tools & Systems × Professional Domains"
pixiu,quixbugs,0.7647058823529411,0.7647058823529411,Professional Domains,Software Engineering,False,Professional Domains × Software Engineering
aime,arc-agi-2,0.7643601809390005,0.7643601809390005,Mathematics & Reasoning,Mathematics & Reasoning,True,Mathematics & Reasoning
deepsynth,omnimath,0.762325445528312,0.762325445528312,"Agents, Tools & Systems",Mathematics & Reasoning,False,"Agents, Tools & Systems × Mathematics & Reasoning"
replicationbench,simpleqa,0.7617647058823529,0.7617647058823529,Scientific Research,Knowledge & Long Context,False,Knowledge & Long Context × Scientific Research
pixiu,widesearch,0.7617647058823529,0.7617647058823529,Professional Domains,"Agents, Tools & Systems",False,"Agents, Tools & Systems × Professional Domains"
algotune,spider2,0.7617647058823529,0.7617647058823529,Software Engineering,Data & Analytics,False,Data & Analytics × Software Engineering
scicode,swtbench,0.7617647058823529,0.7617647058823529,Scientific Research,Software Engineering,False,Scientific Research × Software Engineering
aime,bixbench,0.7617647058823529,0.7617647058823529,Mathematics & Reasoning,Scientific Research,False,Mathematics & Reasoning × Scientific Research
quixbugs,swtbench,0.7617647058823529,0.7617647058823529,Software Engineering,Software Engineering,True,Software Engineering
financeagent_terminal,skillsbench,0.7617647058823529,0.7617647058823529,Professional Domains,"Agents, Tools & Systems",False,"Agents, Tools & Systems × Professional Domains"
deepsynth,livecodebench,0.7617647058823529,0.7617647058823529,"Agents, Tools & Systems",Software Engineering,False,"Agents, Tools & Systems × Software Engineering"
omnimath,simpleqa,0.7608537747840489,0.7608537747840489,Mathematics & Reasoning,Knowledge & Long Context,False,Knowledge & Long Context × Mathematics & Reasoning
aime,swesmith,0.7608537747840489,0.7608537747840489,Mathematics & Reasoning,Software Engineering,False,Mathematics & Reasoning × Software Engineering
lawbench,swebenchpro,0.7599419139971565,0.7599419139971565,Professional Domains,Software Engineering,False,Professional Domains × Software Engineering
algotune,scicode,0.7588235294117647,0.7588235294117647,Software Engineering,Scientific Research,False,Scientific Research × Software Engineering
qcircuitbench,widesearch,0.7588235294117647,0.7588235294117647,Scientific Research,"Agents, Tools & Systems",False,"Agents, Tools & Systems × Scientific Research"
livecodebench,qcircuitbench,0.7588235294117647,0.7588235294117647,Software Engineering,Scientific Research,False,Scientific Research × Software Engineering
mmau,swtbench,0.7588235294117647,0.7588235294117647,Multimodal,Software Engineering,False,Multimodal × Software Engineering
swe-lancer,swebenchpro,0.7584691583498752,0.7584691583498752,Software Engineering,Software Engineering,True,Software Engineering
algotune,compilebench,0.7577622405451596,0.7577622405451596,Software Engineering,Software Engineering,True,Software Engineering
swebench-verified,swebenchpro,0.7569964027025939,0.7569964027025939,Software Engineering,Software Engineering,True,Software Engineering
crustbench,kumo,0.7569955817378498,0.7569955817378498,Software Engineering,Mathematics & Reasoning,False,Mathematics & Reasoning × Software Engineering
aider-polyglot,widesearch,0.7558823529411764,0.7558823529411764,Software Engineering,"Agents, Tools & Systems",False,"Agents, Tools & Systems × Software Engineering"
lawbench,mmau,0.7558823529411764,0.7558823529411764,Professional Domains,Multimodal,False,Multimodal × Professional Domains
algotune,sldbench,0.7558823529411764,0.7558823529411764,Software Engineering,Scientific Research,False,Scientific Research × Software Engineering
pixiu,skillsbench,0.7558823529411764,0.7558823529411764,Professional Domains,"Agents, Tools & Systems",False,"Agents, Tools & Systems × Professional Domains"
aime,gaia,0.7558823529411764,0.7558823529411764,Mathematics & Reasoning,"Agents, Tools & Systems",False,"Agents, Tools & Systems × Mathematics & Reasoning"
livecodebench,usaco,0.7558823529411764,0.7558823529411764,Software Engineering,Software Engineering,True,Software Engineering
algotune,widesearch,0.7558823529411764,0.7558823529411764,Software Engineering,"Agents, Tools & Systems",False,"Agents, Tools & Systems × Software Engineering"
financeagent_terminal,lawbench,0.7558823529411764,0.7558823529411764,Professional Domains,Professional Domains,True,Professional Domains
compilebench,hle,0.7548080017905976,0.7548080017905976,Software Engineering,Knowledge & Long Context,False,Knowledge & Long Context × Software Engineering
livecodebench,simpleqa,0.7529411764705882,0.7529411764705882,Software Engineering,Knowledge & Long Context,False,Knowledge & Long Context × Software Engineering
quixbugs,terminal-bench,0.7529411764705882,0.7529411764705882,Software Engineering,"Agents, Tools & Systems",False,"Agents, Tools & Systems × Software Engineering"
kumo,spreadsheetbench,0.75202375031847,0.75202375031847,Mathematics & Reasoning,Professional Domains,False,Mathematics & Reasoning × Professional Domains
medagentbench,omnimath,0.75202375031847,0.75202375031847,Professional Domains,Mathematics & Reasoning,False,Mathematics & Reasoning × Professional Domains
gaia,medagentbench,0.75,0.75,"Agents, Tools & Systems",Professional Domains,False,"Agents, Tools & Systems × Professional Domains"
medagentbench,swe-lancer,0.75,0.75,Professional Domains,Software Engineering,False,Professional Domains × Software Engineering
aider-polyglot,swtbench,0.75,0.75,Software Engineering,Software Engineering,True,Software Engineering
hle,medagentbench,0.75,0.75,Knowledge & Long Context,Professional Domains,False,Knowledge & Long Context × Professional Domains
arc-agi-2,gso,0.7496326244661874,0.7496326244661874,Mathematics & Reasoning,Software Engineering,False,Mathematics & Reasoning × Software Engineering
swebench-verified,swesmith,0.7490804088299436,0.7490804088299436,Software Engineering,Software Engineering,True,Software Engineering
aime,kumo,0.7490804088299436,0.7490804088299436,Mathematics & Reasoning,Mathematics & Reasoning,True,Mathematics & Reasoning
arc-agi-2,gaia2,0.7479736739854798,0.7479736739854798,Mathematics & Reasoning,"Agents, Tools & Systems",False,"Agents, Tools & Systems × Mathematics & Reasoning"
financeagent_terminal,swe-lancer,0.7470588235294118,0.7470588235294118,Professional Domains,Software Engineering,False,Professional Domains × Software Engineering
qcircuitbench,quixbugs,0.7441176470588236,0.7441176470588236,Scientific Research,Software Engineering,False,Scientific Research × Software Engineering
medagentbench,reasoning-gym,0.7441176470588236,0.7441176470588236,Professional Domains,Mathematics & Reasoning,False,Mathematics & Reasoning × Professional Domains
gpqa-diamond,livecodebench,0.7441176470588236,0.7441176470588236,Knowledge & Long Context,Software Engineering,False,Knowledge & Long Context × Software Engineering
aider-polyglot,spider2,0.7441176470588236,0.7441176470588236,Software Engineering,Data & Analytics,False,Data & Analytics × Software Engineering
gaia2,widesearch,0.7431937258528911,0.7431937258528911,"Agents, Tools & Systems","Agents, Tools & Systems",True,"Agents, Tools & Systems"
kumo,swebenchpro,0.7428152348545454,0.7428152348545454,Mathematics & Reasoning,Software Engineering,False,Mathematics & Reasoning × Software Engineering
kumo,quixbugs,0.7417220551086279,0.7417220551086279,Mathematics & Reasoning,Software Engineering,False,Mathematics & Reasoning × Software Engineering
crustbench,humanevalfix,0.7413031146878344,0.7413031146878344,Software Engineering,Software Engineering,True,Software Engineering
hle,swtbench,0.7411764705882353,0.7411764705882353,Knowledge & Long Context,Software Engineering,False,Knowledge & Long Context × Software Engineering
hle,skillsbench,0.7411764705882353,0.7411764705882353,Knowledge & Long Context,"Agents, Tools & Systems",False,"Agents, Tools & Systems × Knowledge & Long Context"
livecodebench,skillsbench,0.7411764705882353,0.7411764705882353,Software Engineering,"Agents, Tools & Systems",False,"Agents, Tools & Systems × Software Engineering"
medagentbench,swebenchpro,0.7407960905824995,0.7407960905824995,Professional Domains,Software Engineering,False,Professional Domains × Software Engineering
compilebench,swebenchpro,0.7389085593561864,0.7389085593561864,Software Engineering,Software Engineering,True,Software Engineering
bigcodebench,terminal-bench,0.7387787136201016,0.7387787136201016,Software Engineering,"Agents, Tools & Systems",False,"Agents, Tools & Systems × Software Engineering"
deepsynth,swesmith,0.7387787136201016,0.7387787136201016,"Agents, Tools & Systems",Software Engineering,False,"Agents, Tools & Systems × Software Engineering"
deepsynth,simpleqa,0.7382352941176471,0.7382352941176471,"Agents, Tools & Systems",Knowledge & Long Context,False,"Agents, Tools & Systems × Knowledge & Long Context"
bixbench,gaia,0.7382352941176471,0.7382352941176471,Scientific Research,"Agents, Tools & Systems",False,"Agents, Tools & Systems × Scientific Research"
livecodebench,omnimath,0.7373070428758385,0.7373070428758385,Software Engineering,Mathematics & Reasoning,False,Mathematics & Reasoning × Software Engineering
gaia2,quixbugs,0.7358353721315753,0.7358353721315753,"Agents, Tools & Systems",Software Engineering,False,"Agents, Tools & Systems × Software Engineering"
compilebench,lawbench,0.7356054498859445,0.7356054498859445,Software Engineering,Professional Domains,False,Professional Domains × Software Engineering
humanevalfix,qcircuitbench,0.7355254418890016,0.7355254418890016,Software Engineering,Scientific Research,False,Scientific Research × Software Engineering
algotune,lawbench,0.7352941176470589,0.7352941176470589,Software Engineering,Professional Domains,False,Professional Domains × Software Engineering
kumo,scicode,0.7343637013873122,0.7343637013873122,Mathematics & Reasoning,Scientific Research,False,Mathematics & Reasoning × Scientific Research
arc-agi-2,financeagent_terminal,0.733432312346093,0.733432312346093,Mathematics & Reasoning,Professional Domains,False,Mathematics & Reasoning × Professional Domains
omnimath,terminal-bench,0.732892030643049,0.732892030643049,Mathematics & Reasoning,"Agents, Tools & Systems",False,"Agents, Tools & Systems × Mathematics & Reasoning"
gso,swesmith,0.732892030643049,0.732892030643049,Software Engineering,Software Engineering,True,Software Engineering
aider-polyglot,gso,0.7323529411764705,0.7323529411764705,Software Engineering,Software Engineering,True,Software Engineering
hle,simpleqa,0.7323529411764705,0.7323529411764705,Knowledge & Long Context,Knowledge & Long Context,True,Knowledge & Long Context
bixbench,lawbench,0.7323529411764705,0.7323529411764705,Scientific Research,Professional Domains,False,Professional Domains × Scientific Research
gpqa-diamond,replicationbench,0.7323529411764705,0.7323529411764705,Knowledge & Long Context,Scientific Research,False,Knowledge & Long Context × Scientific Research
compilebench,gso,0.7296969723768204,0.7296969723768204,Software Engineering,Software Engineering,True,Software Engineering
bixbench,spider2,0.7294117647058823,0.7294117647058823,Scientific Research,Data & Analytics,False,Data & Analytics × Scientific Research
aime,spreadsheetbench,0.7294117647058823,0.7294117647058823,Mathematics & Reasoning,Professional Domains,False,Mathematics & Reasoning × Professional Domains
aime,spider2,0.7294117647058823,0.7294117647058823,Mathematics & Reasoning,Data & Analytics,False,Data & Analytics × Mathematics & Reasoning
gaia,terminal-bench,0.7294117647058823,0.7294117647058823,"Agents, Tools & Systems","Agents, Tools & Systems",True,"Agents, Tools & Systems"
medagentbench,swebench-verified,0.7294117647058823,0.7294117647058823,Professional Domains,Software Engineering,False,Professional Domains × Software Engineering
crustbench,pixiu,0.7284770184102596,0.7284770184102596,Software Engineering,Professional Domains,False,Professional Domains × Software Engineering
bigcodebench,crustbench,0.7282768777614138,0.7282768777614138,Software Engineering,Software Engineering,True,Software Engineering
aider-polyglot,swebenchpro,0.7275412897569676,0.7275412897569676,Software Engineering,Software Engineering,True,Software Engineering
compilebench,spreadsheetbench,0.7267427336222584,0.7267427336222584,Software Engineering,Professional Domains,False,Professional Domains × Software Engineering
spider2,swtbench,0.7264705882352941,0.7264705882352941,Data & Analytics,Software Engineering,False,Data & Analytics × Software Engineering
aime,widesearch,0.7264705882352941,0.7264705882352941,Mathematics & Reasoning,"Agents, Tools & Systems",False,"Agents, Tools & Systems × Mathematics & Reasoning"
replicationbench,swtbench,0.7264705882352941,0.7264705882352941,Scientific Research,Software Engineering,False,Scientific Research × Software Engineering
swebench-verified,swtbench,0.7264705882352941,0.7264705882352941,Software Engineering,Software Engineering,True,Software Engineering
gso,swe-lancer,0.7264705882352941,0.7264705882352941,Software Engineering,Software Engineering,True,Software Engineering
compilebench,gaia2,0.7243212799931128,0.7243212799931128,Software Engineering,"Agents, Tools & Systems",False,"Agents, Tools & Systems × Software Engineering"
gaia2,lawbench,0.7240620061774701,0.7240620061774701,"Agents, Tools & Systems",Professional Domains,False,"Agents, Tools & Systems × Professional Domains"
compilebench,livecodebench,0.7237884948676964,0.7237884948676964,Software Engineering,Software Engineering,True,Software Engineering
financeagent_terminal,swtbench,0.7235294117647059,0.7235294117647059,Professional Domains,Software Engineering,False,Professional Domains × Software Engineering
aime,scicode,0.7235294117647059,0.7235294117647059,Mathematics & Reasoning,Scientific Research,False,Mathematics & Reasoning × Scientific Research
reasoning-gym,terminal-bench,0.7235294117647059,0.7235294117647059,Mathematics & Reasoning,"Agents, Tools & Systems",False,"Agents, Tools & Systems × Mathematics & Reasoning"
bixbench,swebenchpro,0.7231230228151238,0.7231230228151238,Scientific Research,Software Engineering,False,Scientific Research × Software Engineering
aider-polyglot,medagentbench,0.7205882352941176,0.7205882352941176,Software Engineering,Professional Domains,False,Professional Domains × Software Engineering
medagentbench,qcircuitbench,0.7205882352941176,0.7205882352941176,Professional Domains,Scientific Research,False,Professional Domains × Scientific Research
arc-agi-2,simpleqa,0.7201775115205611,0.7201775115205611,Mathematics & Reasoning,Knowledge & Long Context,False,Knowledge & Long Context × Mathematics & Reasoning
compilebench,spider2,0.7193571367358532,0.7193571367358532,Software Engineering,Data & Analytics,False,Data & Analytics × Software Engineering
kumo,omnimath,0.7187039764359352,0.7187039764359352,Mathematics & Reasoning,Mathematics & Reasoning,True,Mathematics & Reasoning
compilebench,humanevalfix,0.7185203074229426,0.7185203074229426,Software Engineering,Software Engineering,True,Software Engineering
gpqa-diamond,swebench-verified,0.7176470588235294,0.7176470588235294,Knowledge & Long Context,Software Engineering,False,Knowledge & Long Context × Software Engineering
algotune,seal0,0.7176470588235294,0.7176470588235294,Software Engineering,"Agents, Tools & Systems",False,"Agents, Tools & Systems × Software Engineering"
gpqa-diamond,reasoning-gym,0.7176470588235294,0.7176470588235294,Knowledge & Long Context,Mathematics & Reasoning,False,Knowledge & Long Context × Mathematics & Reasoning
financeagent_terminal,quixbugs,0.7176470588235294,0.7176470588235294,Professional Domains,Software Engineering,False,Professional Domains × Software Engineering
aider-polyglot,omnimath,0.7167036524561544,0.7167036524561544,Software Engineering,Mathematics & Reasoning,False,Mathematics & Reasoning × Software Engineering
quixbugs,seal0,0.7147058823529412,0.7147058823529412,Software Engineering,"Agents, Tools & Systems",False,"Agents, Tools & Systems × Software Engineering"
bixbench,spreadsheetbench,0.7147058823529412,0.7147058823529412,Scientific Research,Professional Domains,False,Professional Domains × Scientific Research
aime,swebench-verified,0.7147058823529412,0.7147058823529412,Mathematics & Reasoning,Software Engineering,False,Mathematics & Reasoning × Software Engineering
livecodebench,quixbugs,0.7147058823529412,0.7147058823529412,Software Engineering,Software Engineering,True,Software Engineering
algotune,qcircuitbench,0.7147058823529412,0.7147058823529412,Software Engineering,Scientific Research,False,Scientific Research × Software Engineering
bixbench,financeagent_terminal,0.7147058823529412,0.7147058823529412,Scientific Research,Professional Domains,False,Professional Domains × Scientific Research
financeagent_terminal,mmau,0.7147058823529412,0.7147058823529412,Professional Domains,Multimodal,False,Multimodal × Professional Domains
aime,skillsbench,0.7147058823529412,0.7147058823529412,Mathematics & Reasoning,"Agents, Tools & Systems",False,"Agents, Tools & Systems × Mathematics & Reasoning"
bigcodebench,deepsynth,0.713760310967628,0.713760310967628,Software Engineering,"Agents, Tools & Systems",False,"Agents, Tools & Systems × Software Engineering"
aider-polyglot,bigcodebench,0.7122886402233649,0.7122886402233649,Software Engineering,Software Engineering,True,Software Engineering
omnimath,scicode,0.7122886402233649,0.7122886402233649,Mathematics & Reasoning,Scientific Research,False,Mathematics & Reasoning × Scientific Research
crustbench,qcircuitbench,0.7122886402233649,0.7122886402233649,Software Engineering,Scientific Research,False,Scientific Research × Software Engineering
bigcodebench,swebenchpro,0.7118646000689394,0.7118646000689394,Software Engineering,Software Engineering,True,Software Engineering
aime,lawbench,0.711764705882353,0.711764705882353,Mathematics & Reasoning,Professional Domains,False,Mathematics & Reasoning × Professional Domains
swebench-verified,widesearch,0.711764705882353,0.711764705882353,Software Engineering,"Agents, Tools & Systems",False,"Agents, Tools & Systems × Software Engineering"
quixbugs,replicationbench,0.711764705882353,0.711764705882353,Software Engineering,Scientific Research,False,Scientific Research × Software Engineering
medagentbench,spider2,0.711764705882353,0.711764705882353,Professional Domains,Data & Analytics,False,Data & Analytics × Professional Domains
humanevalfix,seal0,0.7116059153235057,0.7116059153235057,Software Engineering,"Agents, Tools & Systems",False,"Agents, Tools & Systems × Software Engineering"
labbench,mmmlu,0.710917547354678,0.710917547354678,Scientific Research,Knowledge & Long Context,False,Knowledge & Long Context × Scientific Research
gaia2,swe-lancer,0.7108169694791018,0.7108169694791018,"Agents, Tools & Systems",Software Engineering,False,"Agents, Tools & Systems × Software Engineering"
gaia2,swtbench,0.7108169694791018,0.7108169694791018,"Agents, Tools & Systems",Software Engineering,False,"Agents, Tools & Systems × Software Engineering"
replicationbench,swebenchpro,0.709868221989592,0.709868221989592,Scientific Research,Software Engineering,False,Scientific Research × Software Engineering
swesmith,terminal-bench,0.7093452987348386,0.7093452987348386,Software Engineering,"Agents, Tools & Systems",False,"Agents, Tools & Systems × Software Engineering"
gso,sldbench,0.7088235294117647,0.7088235294117647,Software Engineering,Scientific Research,False,Scientific Research × Software Engineering
spreadsheetbench,swtbench,0.7088235294117647,0.7088235294117647,Professional Domains,Software Engineering,False,Professional Domains × Software Engineering
aider-polyglot,financeagent_terminal,0.7088235294117647,0.7088235294117647,Software Engineering,Professional Domains,False,Professional Domains × Software Engineering
humanevalfix,medagentbench,0.7071210040924751,0.7071210040924751,Software Engineering,Professional Domains,False,Professional Domains × Software Engineering
lawbench,replicationbench,0.7058823529411765,0.7058823529411765,Professional Domains,Scientific Research,False,Professional Domains × Scientific Research
quixbugs,spider2,0.7058823529411765,0.7058823529411765,Software Engineering,Data & Analytics,False,Data & Analytics × Software Engineering
labbench,simpleqa,0.7058823529411765,0.7058823529411765,Scientific Research,Knowledge & Long Context,False,Knowledge & Long Context × Scientific Research
replicationbench,spider2,0.7058823529411765,0.7058823529411765,Scientific Research,Data & Analytics,False,Data & Analytics × Scientific Research
bigcodebench,spider2,0.703458615757786,0.703458615757786,Software Engineering,Data & Analytics,False,Data & Analytics × Software Engineering
aime,seal0,0.7029411764705882,0.7029411764705882,Mathematics & Reasoning,"Agents, Tools & Systems",False,"Agents, Tools & Systems × Mathematics & Reasoning"
financeagent_terminal,swebench-verified,0.7029411764705882,0.7029411764705882,Professional Domains,Software Engineering,False,Professional Domains × Software Engineering
skillsbench,swtbench,0.7029411764705882,0.7029411764705882,"Agents, Tools & Systems",Software Engineering,False,"Agents, Tools & Systems × Software Engineering"
reasoning-gym,swtbench,0.7029411764705882,0.7029411764705882,Mathematics & Reasoning,Software Engineering,False,Mathematics & Reasoning × Software Engineering
gpqa-diamond,quixbugs,0.7029411764705882,0.7029411764705882,Knowledge & Long Context,Software Engineering,False,Knowledge & Long Context × Software Engineering
hle,spreadsheetbench,0.7029411764705882,0.7029411764705882,Knowledge & Long Context,Professional Domains,False,Knowledge & Long Context × Professional Domains
gso,kumo,0.7019869450135229,0.7019869450135229,Software Engineering,Mathematics & Reasoning,False,Mathematics & Reasoning × Software Engineering
omnimath,swe-lancer,0.7019869450135229,0.7019869450135229,Mathematics & Reasoning,Software Engineering,False,Mathematics & Reasoning × Software Engineering
bigcodebench,skillsbench,0.7005152742692597,0.7005152742692597,Software Engineering,"Agents, Tools & Systems",False,"Agents, Tools & Systems × Software Engineering"
arc-agi-2,omnimath,0.6986000423036796,0.6986000423036796,Mathematics & Reasoning,Mathematics & Reasoning,True,Mathematics & Reasoning
bigcodebench,swe-lancer,0.6975719327807334,0.6975719327807334,Software Engineering,Software Engineering,True,Software Engineering
gpqa-diamond,spreadsheetbench,0.6970588235294117,0.6970588235294117,Knowledge & Long Context,Professional Domains,False,Knowledge & Long Context × Professional Domains
seal0,skillsbench,0.6970588235294117,0.6970588235294117,"Agents, Tools & Systems","Agents, Tools & Systems",True,"Agents, Tools & Systems"
humanevalfix,livecodebench,0.6951612408097272,0.6951612408097272,Software Engineering,Software Engineering,True,Software Engineering
crustbench,scicode,0.6946285912922071,0.6946285912922071,Software Engineering,Scientific Research,False,Scientific Research × Software Engineering
bixbench,gso,0.6941176470588235,0.6941176470588235,Scientific Research,Software Engineering,False,Scientific Research × Software Engineering
humanevalfix,quixbugs,0.6936662703993837,0.6936662703993837,Software Engineering,Software Engineering,True,Software Engineering
humanevalfix,omnimath,0.6919327760708848,0.6919327760708848,Software Engineering,Mathematics & Reasoning,False,Mathematics & Reasoning × Software Engineering
qcircuitbench,skillsbench,0.6911764705882353,0.6911764705882353,Scientific Research,"Agents, Tools & Systems",False,"Agents, Tools & Systems × Scientific Research"
hle,spider2,0.6911764705882353,0.6911764705882353,Knowledge & Long Context,Data & Analytics,False,Data & Analytics × Knowledge & Long Context
algotune,livecodebench,0.6911764705882353,0.6911764705882353,Software Engineering,Software Engineering,True,Software Engineering
replicationbench,scicode,0.6911764705882353,0.6911764705882353,Scientific Research,Scientific Research,True,Scientific Research
algotune,mmau,0.6911764705882353,0.6911764705882353,Software Engineering,Multimodal,False,Multimodal × Software Engineering
scicode,swebench-verified,0.6911764705882353,0.6911764705882353,Scientific Research,Software Engineering,False,Scientific Research × Software Engineering
mmau,terminal-bench,0.6911764705882353,0.6911764705882353,Multimodal,"Agents, Tools & Systems",False,"Agents, Tools & Systems × Multimodal"
gaia2,kumo,0.6907216494845361,0.6907216494845361,"Agents, Tools & Systems",Mathematics & Reasoning,False,"Agents, Tools & Systems × Mathematics & Reasoning"
bigcodebench,financeagent_terminal,0.6902135790594176,0.6902135790594176,Software Engineering,Professional Domains,False,Professional Domains × Software Engineering
bixbench,crustbench,0.6902135790594176,0.6902135790594176,Scientific Research,Software Engineering,False,Scientific Research × Software Engineering
omnimath,swesmith,0.6892488954344624,0.6892488954344624,Mathematics & Reasoning,Software Engineering,False,Mathematics & Reasoning × Software Engineering
compilebench,seal0,0.688337629812952,0.688337629812952,Software Engineering,"Agents, Tools & Systems",False,"Agents, Tools & Systems × Software Engineering"
bixbench,medagentbench,0.6882352941176471,0.6882352941176471,Scientific Research,Professional Domains,False,Professional Domains × Scientific Research
replicationbench,spreadsheetbench,0.6882352941176471,0.6882352941176471,Scientific Research,Professional Domains,False,Professional Domains × Scientific Research
gaia,replicationbench,0.6882352941176471,0.6882352941176471,"Agents, Tools & Systems",Scientific Research,False,"Agents, Tools & Systems × Scientific Research"
aime,replicationbench,0.6882352941176471,0.6882352941176471,Mathematics & Reasoning,Scientific Research,False,Mathematics & Reasoning × Scientific Research
qcircuitbench,seal0,0.6882352941176471,0.6882352941176471,Scientific Research,"Agents, Tools & Systems",False,"Agents, Tools & Systems × Scientific Research"
humanevalfix,widesearch,0.6876863887580097,0.6876863887580097,Software Engineering,"Agents, Tools & Systems",False,"Agents, Tools & Systems × Software Engineering"
algotune,swesmith,0.6872702375708913,0.6872702375708913,Software Engineering,Software Engineering,True,Software Engineering
gaia,kumo,0.6872702375708913,0.6872702375708913,"Agents, Tools & Systems",Mathematics & Reasoning,False,"Agents, Tools & Systems × Mathematics & Reasoning"
kumo,swesmith,0.6863033873343152,0.6863033873343152,Mathematics & Reasoning,Software Engineering,False,Mathematics & Reasoning × Software Engineering
crustbench,livecodebench,0.6857985668266282,0.6857985668266282,Software Engineering,Software Engineering,True,Software Engineering
labbench,livecodebench,0.6852941176470588,0.6852941176470588,Scientific Research,Software Engineering,False,Scientific Research × Software Engineering
bixbench,scicode,0.6852941176470588,0.6852941176470588,Scientific Research,Scientific Research,True,Scientific Research
bigcodebench,compilebench,0.6844096992587984,0.6844096992587984,Software Engineering,Software Engineering,True,Software Engineering
gpqa-diamond,skillsbench,0.6823529411764706,0.6823529411764706,Knowledge & Long Context,"Agents, Tools & Systems",False,"Agents, Tools & Systems × Knowledge & Long Context"
bixbench,swtbench,0.6823529411764706,0.6823529411764706,Scientific Research,Software Engineering,False,Scientific Research × Software Engineering
hle,swebenchpro,0.681885864691247,0.681885864691247,Knowledge & Long Context,Software Engineering,False,Knowledge & Long Context × Software Engineering
gaia,swebenchpro,0.6804131090439657,0.6804131090439657,"Agents, Tools & Systems",Software Engineering,False,"Agents, Tools & Systems × Software Engineering"
humanevalfix,swtbench,0.6802115367062922,0.6802115367062922,Software Engineering,Software Engineering,True,Software Engineering
bigcodebench,lawbench,0.6799118838495756,0.6799118838495756,Software Engineering,Professional Domains,False,Professional Domains × Software Engineering
omnimath,pixiu,0.6799118838495756,0.6799118838495756,Mathematics & Reasoning,Professional Domains,False,Mathematics & Reasoning × Professional Domains
omnimath,widesearch,0.6799118838495756,0.6799118838495756,Mathematics & Reasoning,"Agents, Tools & Systems",False,"Agents, Tools & Systems × Mathematics & Reasoning"
pixiu,strongreject,-0.6794117647058824,0.6794117647058824,Professional Domains,Safety & Security,False,Professional Domains × Safety & Security
bixbench,sldbench,0.6794117647058824,0.6794117647058824,Scientific Research,Scientific Research,True,Scientific Research
financeagent_terminal,scicode,0.6794117647058824,0.6794117647058824,Professional Domains,Scientific Research,False,Professional Domains × Scientific Research
gpqa-diamond,swebenchpro,0.6789403533966845,0.6789403533966845,Knowledge & Long Context,Software Engineering,False,Knowledge & Long Context × Software Engineering
aider-polyglot,gaia2,0.6784402131053124,0.6784402131053124,Software Engineering,"Agents, Tools & Systems",False,"Agents, Tools & Systems × Software Engineering"
algotune,omnimath,0.6769685423610493,0.6769685423610493,Software Engineering,Mathematics & Reasoning,False,Mathematics & Reasoning × Software Engineering
medagentbench,pixiu,0.6764705882352942,0.6764705882352942,Professional Domains,Professional Domains,True,Professional Domains
medagentbench,spreadsheetbench,0.6764705882352942,0.6764705882352942,Professional Domains,Professional Domains,True,Professional Domains
livecodebench,swebench-verified,0.6764705882352942,0.6764705882352942,Software Engineering,Software Engineering,True,Software Engineering
humanevalfix,scicode,0.6757266254752616,0.6757266254752616,Software Engineering,Scientific Research,False,Scientific Research × Software Engineering
aime,gaia2,0.674025200872523,0.674025200872523,Mathematics & Reasoning,"Agents, Tools & Systems",False,"Agents, Tools & Systems × Mathematics & Reasoning"
swebenchpro,swesmith,0.6735447665248556,0.6735447665248556,Software Engineering,Software Engineering,True,Software Engineering
pixiu,spreadsheetbench,0.6735294117647059,0.6735294117647059,Professional Domains,Professional Domains,True,Professional Domains
financeagent_terminal,medagentbench,0.6735294117647059,0.6735294117647059,Professional Domains,Professional Domains,True,Professional Domains
algotune,medagentbench,0.6735294117647059,0.6735294117647059,Software Engineering,Professional Domains,False,Professional Domains × Software Engineering
gpqa-diamond,swtbench,0.6735294117647059,0.6735294117647059,Knowledge & Long Context,Software Engineering,False,Knowledge & Long Context × Software Engineering
financeagent_terminal,swesmith,0.6725535301282598,0.6725535301282598,Professional Domains,Software Engineering,False,Professional Domains × Software Engineering
gpqa-diamond,sldbench,0.6705882352941176,0.6705882352941176,Knowledge & Long Context,Scientific Research,False,Knowledge & Long Context × Scientific Research
sldbench,widesearch,0.6705882352941176,0.6705882352941176,Scientific Research,"Agents, Tools & Systems",False,"Agents, Tools & Systems × Scientific Research"
algotune,swtbench,0.6705882352941176,0.6705882352941176,Software Engineering,Software Engineering,True,Software Engineering
quixbugs,swebench-verified,0.6705882352941176,0.6705882352941176,Software Engineering,Software Engineering,True,Software Engineering
financeagent_terminal,omnimath,0.6696101886397335,0.6696101886397335,Professional Domains,Mathematics & Reasoning,False,Mathematics & Reasoning × Professional Domains
financeagent_terminal,replicationbench,0.6676470588235294,0.6676470588235294,Professional Domains,Scientific Research,False,Professional Domains × Scientific Research
aider-polyglot,simpleqa,0.6676470588235294,0.6676470588235294,Software Engineering,Knowledge & Long Context,False,Knowledge & Long Context × Software Engineering
medagentbench,swesmith,0.6666668471512073,0.6666668471512073,Professional Domains,Software Engineering,False,Professional Domains × Software Engineering
compilebench,financeagent_terminal,0.6661808391537368,0.6661808391537368,Software Engineering,Professional Domains,False,Professional Domains × Software Engineering
mmau,swebenchpro,0.6656855525711526,0.6656855525711526,Multimodal,Software Engineering,False,Multimodal × Software Engineering
aime,simpleqa,0.6647058823529411,0.6647058823529411,Mathematics & Reasoning,Knowledge & Long Context,False,Knowledge & Long Context × Mathematics & Reasoning
financeagent_terminal,seal0,0.6647058823529411,0.6647058823529411,Professional Domains,"Agents, Tools & Systems",False,"Agents, Tools & Systems × Professional Domains"
lawbench,quixbugs,0.6647058823529411,0.6647058823529411,Professional Domains,Software Engineering,False,Professional Domains × Software Engineering
qcircuitbench,reasoning-gym,0.6647058823529411,0.6647058823529411,Scientific Research,Mathematics & Reasoning,False,Mathematics & Reasoning × Scientific Research
aime,livecodebench,0.6647058823529411,0.6647058823529411,Mathematics & Reasoning,Software Engineering,False,Mathematics & Reasoning × Software Engineering
simpleqa,terminal-bench,0.6647058823529411,0.6647058823529411,Knowledge & Long Context,"Agents, Tools & Systems",False,"Agents, Tools & Systems × Knowledge & Long Context"
crustbench,lawbench,0.6637235056626809,0.6637235056626809,Software Engineering,Professional Domains,False,Professional Domains × Software Engineering
arc-agi-2,bigcodebench,0.6624909683871392,0.6624909683871392,Mathematics & Reasoning,Software Engineering,False,Mathematics & Reasoning × Software Engineering
simpleqa,swe-lancer,0.6617647058823529,0.6617647058823529,Knowledge & Long Context,Software Engineering,False,Knowledge & Long Context × Software Engineering
pixiu,simpleqa,0.6617647058823529,0.6617647058823529,Professional Domains,Knowledge & Long Context,False,Knowledge & Long Context × Professional Domains
aime,gso,0.6617647058823529,0.6617647058823529,Mathematics & Reasoning,Software Engineering,False,Mathematics & Reasoning × Software Engineering
codepde,mmau,0.6617554859805107,0.6617554859805107,Scientific Research,Multimodal,False,Multimodal × Scientific Research
crustbench,swebenchpro,0.6617540485112914,0.6617540485112914,Software Engineering,Software Engineering,True,Software Engineering
arc-agi-2,gaia,0.6612672856293087,0.6612672856293087,Mathematics & Reasoning,"Agents, Tools & Systems",False,"Agents, Tools & Systems × Mathematics & Reasoning"
bfcl,spreadsheetbench,0.6588235294117647,0.6588235294117647,"Agents, Tools & Systems",Professional Domains,False,"Agents, Tools & Systems × Professional Domains"
lawbench,skillsbench,0.6588235294117647,0.6588235294117647,Professional Domains,"Agents, Tools & Systems",False,"Agents, Tools & Systems × Professional Domains"
deepsynth,sldbench,0.6588235294117647,0.6588235294117647,"Agents, Tools & Systems",Scientific Research,False,"Agents, Tools & Systems × Scientific Research"
qcircuitbench,usaco,0.6588235294117647,0.6588235294117647,Scientific Research,Software Engineering,False,Scientific Research × Software Engineering
simpleqa,skillsbench,0.6588235294117647,0.6588235294117647,Knowledge & Long Context,"Agents, Tools & Systems",False,"Agents, Tools & Systems × Knowledge & Long Context"
qcircuitbench,sldbench,0.6588235294117647,0.6588235294117647,Scientific Research,Scientific Research,True,Scientific Research
skillsbench,sldbench,0.6588235294117647,0.6588235294117647,"Agents, Tools & Systems",Scientific Research,False,"Agents, Tools & Systems × Scientific Research"
bigcodebench,swtbench,0.6563651519413652,0.6563651519413652,Software Engineering,Software Engineering,True,Software Engineering
sldbench,terminal-bench,0.6558823529411765,0.6558823529411765,Scientific Research,"Agents, Tools & Systems",False,"Agents, Tools & Systems × Scientific Research"
gaia,livecodebench,0.6558823529411765,0.6558823529411765,"Agents, Tools & Systems",Software Engineering,False,"Agents, Tools & Systems × Software Engineering"
gaia,swe-lancer,0.6558823529411765,0.6558823529411765,"Agents, Tools & Systems",Software Engineering,False,"Agents, Tools & Systems × Software Engineering"
seal0,widesearch,0.6558823529411765,0.6558823529411765,"Agents, Tools & Systems","Agents, Tools & Systems",True,"Agents, Tools & Systems"
pixiu,usaco,0.6558823529411765,0.6558823529411765,Professional Domains,Software Engineering,False,Professional Domains × Software Engineering
arc-agi-2,swesmith,0.6536479298769661,0.6536479298769661,Mathematics & Reasoning,Software Engineering,False,Mathematics & Reasoning × Software Engineering
humanevalfix,mmau,0.6533020693201091,0.6533020693201091,Software Engineering,Multimodal,False,Multimodal × Software Engineering
algotune,gaia,0.6529411764705882,0.6529411764705882,Software Engineering,"Agents, Tools & Systems",False,"Agents, Tools & Systems × Software Engineering"
gpqa-diamond,mmau,0.6529411764705882,0.6529411764705882,Knowledge & Long Context,Multimodal,False,Knowledge & Long Context × Multimodal
qcircuitbench,strongreject,-0.6529411764705882,0.6529411764705882,Scientific Research,Safety & Security,False,Safety & Security × Scientific Research
compilebench,crustbench,0.6526282553407332,0.6526282553407332,Software Engineering,Software Engineering,True,Software Engineering
lawbench,swesmith,0.6519501397085757,0.6519501397085757,Professional Domains,Software Engineering,False,Professional Domains × Software Engineering
humanevalfix,reasoning-gym,0.6518070989097656,0.6518070989097656,Software Engineering,Mathematics & Reasoning,False,Mathematics & Reasoning × Software Engineering
bixbench,gaia2,0.6504784689643126,0.6504784689643126,Scientific Research,"Agents, Tools & Systems",False,"Agents, Tools & Systems × Scientific Research"
quixbugs,strongreject,-0.65,0.65,Software Engineering,Safety & Security,False,Safety & Security × Software Engineering
sldbench,spreadsheetbench,0.65,0.65,Scientific Research,Professional Domains,False,Professional Domains × Scientific Research
qcircuitbench,spreadsheetbench,0.65,0.65,Scientific Research,Professional Domains,False,Professional Domains × Scientific Research
financeagent_terminal,kumo,0.6490067982200495,0.6490067982200495,Professional Domains,Mathematics & Reasoning,False,Mathematics & Reasoning × Professional Domains
crustbench,hle,0.6475351274757863,0.6475351274757863,Software Engineering,Knowledge & Long Context,False,Knowledge & Long Context × Software Engineering
financeagent_terminal,pixiu,0.6470588235294118,0.6470588235294118,Professional Domains,Professional Domains,True,Professional Domains
labbench,replicationbench,0.6470588235294118,0.6470588235294118,Scientific Research,Scientific Research,True,Scientific Research
aime,pixiu,0.6470588235294118,0.6470588235294118,Mathematics & Reasoning,Professional Domains,False,Mathematics & Reasoning × Professional Domains
financeagent_terminal,reasoning-gym,0.6470588235294118,0.6470588235294118,Professional Domains,Mathematics & Reasoning,False,Mathematics & Reasoning × Professional Domains
medagentbench,replicationbench,0.6470588235294118,0.6470588235294118,Professional Domains,Scientific Research,False,Professional Domains × Scientific Research
livecodebench,scicode,0.6470588235294118,0.6470588235294118,Software Engineering,Scientific Research,False,Scientific Research × Software Engineering
compilebench,sldbench,0.6469782872490837,0.6469782872490837,Software Engineering,Scientific Research,False,Scientific Research × Software Engineering
omnimath,replicationbench,0.6460634567315231,0.6460634567315231,Mathematics & Reasoning,Scientific Research,False,Mathematics & Reasoning × Scientific Research
compilebench,gpqa-diamond,0.6455011678718027,0.6455011678718027,Software Engineering,Knowledge & Long Context,False,Knowledge & Long Context × Software Engineering
gpqa-diamond,simpleqa,0.6441176470588236,0.6441176470588236,Knowledge & Long Context,Knowledge & Long Context,True,Knowledge & Long Context
pixiu,sldbench,0.6441176470588236,0.6441176470588236,Professional Domains,Scientific Research,False,Professional Domains × Scientific Research
livecodebench,widesearch,0.6441176470588236,0.6441176470588236,Software Engineering,"Agents, Tools & Systems",False,"Agents, Tools & Systems × Software Engineering"
aime,reasoning-gym,0.6441176470588236,0.6441176470588236,Mathematics & Reasoning,Mathematics & Reasoning,True,Mathematics & Reasoning
arc-agi-2,sldbench,0.6435942178619329,0.6435942178619329,Mathematics & Reasoning,Scientific Research,False,Mathematics & Reasoning × Scientific Research
compilebench,scicode,0.6425469291172407,0.6425469291172407,Software Engineering,Scientific Research,False,Scientific Research × Software Engineering
aider-polyglot,swesmith,0.6416484444987337,0.6416484444987337,Software Engineering,Software Engineering,True,Software Engineering
gso,lawbench,0.6411764705882353,0.6411764705882353,Software Engineering,Professional Domains,False,Professional Domains × Software Engineering
hle,reasoning-gym,0.6411764705882353,0.6411764705882353,Knowledge & Long Context,Mathematics & Reasoning,False,Knowledge & Long Context × Mathematics & Reasoning
bixbench,labbench,0.6411764705882353,0.6411764705882353,Scientific Research,Scientific Research,True,Scientific Research
labbench,seal0,0.6411764705882353,0.6411764705882353,Scientific Research,"Agents, Tools & Systems",False,"Agents, Tools & Systems × Scientific Research"
reasoning-gym,swebenchpro,0.6406487065673703,0.6406487065673703,Mathematics & Reasoning,Software Engineering,False,Mathematics & Reasoning × Software Engineering
gpqa-diamond,swesmith,0.6401767737544706,0.6401767737544706,Knowledge & Long Context,Software Engineering,False,Knowledge & Long Context × Software Engineering
crustbench,swtbench,0.6387051030102073,0.6387051030102073,Software Engineering,Software Engineering,True,Software Engineering
kumo,sldbench,0.6387051030102073,0.6387051030102073,Mathematics & Reasoning,Scientific Research,False,Mathematics & Reasoning × Scientific Research
gso,replicationbench,0.638235294117647,0.638235294117647,Software Engineering,Scientific Research,False,Scientific Research × Software Engineering
aime,quixbugs,0.638235294117647,0.638235294117647,Mathematics & Reasoning,Software Engineering,False,Mathematics & Reasoning × Software Engineering
bfcl,swebench-verified,0.638235294117647,0.638235294117647,"Agents, Tools & Systems",Software Engineering,False,"Agents, Tools & Systems × Software Engineering"
pixiu,spider2,0.638235294117647,0.638235294117647,Professional Domains,Data & Analytics,False,Data & Analytics × Professional Domains
gso,widesearch,0.638235294117647,0.638235294117647,Software Engineering,"Agents, Tools & Systems",False,"Agents, Tools & Systems × Software Engineering"
gaia,scicode,0.638235294117647,0.638235294117647,"Agents, Tools & Systems",Scientific Research,False,"Agents, Tools & Systems × Scientific Research"
bfcl,swesmith,0.6372334322659442,0.6372334322659442,"Agents, Tools & Systems",Software Engineering,False,"Agents, Tools & Systems × Software Engineering"
hle,swesmith,0.6372334322659442,0.6372334322659442,Knowledge & Long Context,Software Engineering,False,Knowledge & Long Context × Software Engineering
bigcodebench,scicode,0.6357617615216811,0.6357617615216811,Software Engineering,Scientific Research,False,Scientific Research × Software Engineering
lawbench,omnimath,0.6357617615216811,0.6357617615216811,Professional Domains,Mathematics & Reasoning,False,Mathematics & Reasoning × Professional Domains
mmau,widesearch,0.6352941176470588,0.6352941176470588,Multimodal,"Agents, Tools & Systems",False,"Agents, Tools & Systems × Multimodal"
gso,pixiu,0.6352941176470588,0.6352941176470588,Software Engineering,Professional Domains,False,Professional Domains × Software Engineering
research-code-bench,skillsbench,0.6346906679704016,0.6346906679704016,Scientific Research,"Agents, Tools & Systems",False,"Agents, Tools & Systems × Scientific Research"
gaia2,replicationbench,0.6342900907774179,0.6342900907774179,"Agents, Tools & Systems",Scientific Research,False,"Agents, Tools & Systems × Scientific Research"
crustbench,widesearch,0.6328184200331548,0.6328184200331548,Software Engineering,"Agents, Tools & Systems",False,"Agents, Tools & Systems × Software Engineering"
aime,bfcl,0.6323529411764706,0.6323529411764706,Mathematics & Reasoning,"Agents, Tools & Systems",False,"Agents, Tools & Systems × Mathematics & Reasoning"
seal0,swebench-verified,0.6323529411764706,0.6323529411764706,"Agents, Tools & Systems",Software Engineering,False,"Agents, Tools & Systems × Software Engineering"
gpqa-diamond,spider2,0.6323529411764706,0.6323529411764706,Knowledge & Long Context,Data & Analytics,False,Data & Analytics × Knowledge & Long Context
seal0,usaco,0.6323529411764706,0.6323529411764706,"Agents, Tools & Systems",Software Engineering,False,"Agents, Tools & Systems × Software Engineering"
labbench,research-code-bench,0.6317386183519347,0.6317386183519347,Scientific Research,Scientific Research,True,Scientific Research
mmmlu,widesearch,0.6312711831282203,0.6312711831282203,Knowledge & Long Context,"Agents, Tools & Systems",False,"Agents, Tools & Systems × Knowledge & Long Context"
crustbench,gso,0.6298750785446284,0.6298750785446284,Software Engineering,Software Engineering,True,Software Engineering
crustbench,spreadsheetbench,0.6298750785446284,0.6298750785446284,Software Engineering,Professional Domains,False,Professional Domains × Software Engineering
mmau,qcircuitbench,0.6294117647058823,0.6294117647058823,Multimodal,Scientific Research,False,Multimodal × Scientific Research
medagentbench,simpleqa,0.6294117647058823,0.6294117647058823,Professional Domains,Knowledge & Long Context,False,Knowledge & Long Context × Professional Domains
aider-polyglot,reasoning-gym,0.6294117647058823,0.6294117647058823,Software Engineering,Mathematics & Reasoning,False,Mathematics & Reasoning × Software Engineering
hle,sldbench,0.6294117647058823,0.6294117647058823,Knowledge & Long Context,Scientific Research,False,Knowledge & Long Context × Scientific Research
gso,hle,0.6294117647058823,0.6294117647058823,Software Engineering,Knowledge & Long Context,False,Knowledge & Long Context × Software Engineering
mmau,swe-lancer,0.6294117647058823,0.6294117647058823,Multimodal,Software Engineering,False,Multimodal × Software Engineering
reasoning-gym,usaco,0.6264705882352941,0.6264705882352941,Mathematics & Reasoning,Software Engineering,False,Mathematics & Reasoning × Software Engineering
aider-polyglot,gaia,0.6264705882352941,0.6264705882352941,Software Engineering,"Agents, Tools & Systems",False,"Agents, Tools & Systems × Software Engineering"
humanevalfix,strongreject,-0.6263926019339262,0.6263926019339262,Software Engineering,Safety & Security,False,Safety & Security × Software Engineering
bixbench,mmmlu,0.625371452444779,0.625371452444779,Scientific Research,Knowledge & Long Context,False,Knowledge & Long Context × Scientific Research
gaia,skillsbench,0.6235294117647059,0.6235294117647059,"Agents, Tools & Systems","Agents, Tools & Systems",True,"Agents, Tools & Systems"
reasoning-gym,swe-lancer,0.6235294117647059,0.6235294117647059,Mathematics & Reasoning,Software Engineering,False,Mathematics & Reasoning × Software Engineering
aider-polyglot,strongreject,-0.6235294117647059,0.6235294117647059,Software Engineering,Safety & Security,False,Safety & Security × Software Engineering
hle,strongreject,-0.6235294117647059,0.6235294117647059,Knowledge & Long Context,Safety & Security,False,Knowledge & Long Context × Safety & Security
crustbench,medagentbench,0.6210450540790495,0.6210450540790495,Software Engineering,Professional Domains,False,Professional Domains × Software Engineering
deepsynth,mmau,0.6205882352941177,0.6205882352941177,"Agents, Tools & Systems",Multimodal,False,"Agents, Tools & Systems × Multimodal"
bigcodebench,replicationbench,0.6195733833347864,0.6195733833347864,Software Engineering,Scientific Research,False,Scientific Research × Software Engineering
crustbench,reasoning-gym,0.6181017125905233,0.6181017125905233,Software Engineering,Mathematics & Reasoning,False,Mathematics & Reasoning × Software Engineering
crustbench,seal0,0.6181017125905233,0.6181017125905233,Software Engineering,"Agents, Tools & Systems",False,"Agents, Tools & Systems × Software Engineering"
scicode,sldbench,0.6176470588235294,0.6176470588235294,Scientific Research,Scientific Research,True,Scientific Research
aider-polyglot,mmau,0.6176470588235294,0.6176470588235294,Software Engineering,Multimodal,False,Multimodal × Software Engineering
strongreject,swebench-verified,-0.6176470588235294,0.6176470588235294,Safety & Security,Software Engineering,False,Safety & Security × Software Engineering
simpleqa,widesearch,0.6176470588235294,0.6176470588235294,Knowledge & Long Context,"Agents, Tools & Systems",False,"Agents, Tools & Systems × Knowledge & Long Context"
gso,strongreject,-0.6176470588235294,0.6176470588235294,Software Engineering,Safety & Security,False,Safety & Security × Software Engineering
humanevalfix,simpleqa,0.6174227794718652,0.6174227794718652,Software Engineering,Knowledge & Long Context,False,Knowledge & Long Context × Software Engineering
crustbench,financeagent_terminal,0.6166300418462601,0.6166300418462601,Software Engineering,Professional Domains,False,Professional Domains × Software Engineering
bfcl,humanevalfix,0.6159278090615217,0.6159278090615217,"Agents, Tools & Systems",Software Engineering,False,"Agents, Tools & Systems × Software Engineering"
gaia2,medagentbench,0.615158371101997,0.615158371101997,"Agents, Tools & Systems",Professional Domains,False,"Agents, Tools & Systems × Professional Domains"
gaia2,hle,0.615158371101997,0.615158371101997,"Agents, Tools & Systems",Knowledge & Long Context,False,"Agents, Tools & Systems × Knowledge & Long Context"
gpqa-diamond,gso,0.6147058823529412,0.6147058823529412,Knowledge & Long Context,Software Engineering,False,Knowledge & Long Context × Software Engineering
scicode,spreadsheetbench,0.6147058823529412,0.6147058823529412,Scientific Research,Professional Domains,False,Professional Domains × Scientific Research
gaia,pixiu,0.6147058823529412,0.6147058823529412,"Agents, Tools & Systems",Professional Domains,False,"Agents, Tools & Systems × Professional Domains"
algotune,reasoning-gym,0.6147058823529412,0.6147058823529412,Software Engineering,Mathematics & Reasoning,False,Mathematics & Reasoning × Software Engineering
scicode,skillsbench,0.6147058823529412,0.6147058823529412,Scientific Research,"Agents, Tools & Systems",False,"Agents, Tools & Systems × Scientific Research"
crustbench,mmau,0.6136867003577339,0.6136867003577339,Software Engineering,Multimodal,False,Multimodal × Software Engineering
scicode,seal0,0.611764705882353,0.611764705882353,Scientific Research,"Agents, Tools & Systems",False,"Agents, Tools & Systems × Scientific Research"
bfcl,spider2,0.611764705882353,0.611764705882353,"Agents, Tools & Systems",Data & Analytics,False,"Agents, Tools & Systems × Data & Analytics"
gaia,ineqmath,0.611764705882353,0.611764705882353,"Agents, Tools & Systems",Mathematics & Reasoning,False,"Agents, Tools & Systems × Mathematics & Reasoning"
pixiu,swebenchpro,0.6097208379744627,0.6097208379744627,Professional Domains,Software Engineering,False,Professional Domains × Software Engineering
gaia,swtbench,0.6088235294117647,0.6088235294117647,"Agents, Tools & Systems",Software Engineering,False,"Agents, Tools & Systems × Software Engineering"
deepsynth,reasoning-gym,0.6088235294117647,0.6088235294117647,"Agents, Tools & Systems",Mathematics & Reasoning,False,"Agents, Tools & Systems × Mathematics & Reasoning"
strongreject,swe-lancer,-0.6088235294117647,0.6088235294117647,Safety & Security,Software Engineering,False,Safety & Security × Software Engineering
aider-polyglot,sldbench,0.6088235294117647,0.6088235294117647,Software Engineering,Scientific Research,False,Scientific Research × Software Engineering
medagentbench,skillsbench,0.6088235294117647,0.6088235294117647,Professional Domains,"Agents, Tools & Systems",False,"Agents, Tools & Systems × Professional Domains"
gaia,spider2,0.6088235294117647,0.6088235294117647,"Agents, Tools & Systems",Data & Analytics,False,"Agents, Tools & Systems × Data & Analytics"
gaia,swesmith,0.6078000173806812,0.6078000173806812,"Agents, Tools & Systems",Software Engineering,False,"Agents, Tools & Systems × Software Engineering"
bixbench,swesmith,0.6078000173806812,0.6078000173806812,Scientific Research,Software Engineering,False,Scientific Research × Software Engineering
simpleqa,swesmith,0.6063283466364181,0.6063283466364181,Knowledge & Long Context,Software Engineering,False,Knowledge & Long Context × Software Engineering
spreadsheetbench,strongreject,-0.6058823529411764,0.6058823529411764,Professional Domains,Safety & Security,False,Professional Domains × Safety & Security
medagentbench,mmau,0.6058823529411764,0.6058823529411764,Professional Domains,Multimodal,False,Multimodal × Professional Domains
mmau,spreadsheetbench,0.6058823529411764,0.6058823529411764,Multimodal,Professional Domains,False,Multimodal × Professional Domains
quixbugs,usaco,0.6058823529411764,0.6058823529411764,Software Engineering,Software Engineering,True,Software Engineering
mmmlu,skillsbench,0.6047223950527344,0.6047223950527344,Knowledge & Long Context,"Agents, Tools & Systems",False,"Agents, Tools & Systems × Knowledge & Long Context"
qcircuitbench,swebenchpro,0.6038298153853375,0.6038298153853375,Scientific Research,Software Engineering,False,Scientific Research × Software Engineering
crustbench,gpqa-diamond,0.6033850051478917,0.6033850051478917,Software Engineering,Knowledge & Long Context,False,Knowledge & Long Context × Software Engineering
omnimath,quixbugs,0.6019133344036286,0.6019133344036286,Mathematics & Reasoning,Software Engineering,False,Mathematics & Reasoning × Software Engineering
mmmlu,simpleqa,0.6017725297110138,0.6017725297110138,Knowledge & Long Context,Knowledge & Long Context,True,Knowledge & Long Context
bigcodebench,kumo,0.6008836524300442,0.6008836524300442,Software Engineering,Mathematics & Reasoning,False,Mathematics & Reasoning × Software Engineering
seal0,swtbench,0.6,0.6,"Agents, Tools & Systems",Software Engineering,False,"Agents, Tools & Systems × Software Engineering"
gaia,sldbench,0.6,0.6,"Agents, Tools & Systems",Scientific Research,False,"Agents, Tools & Systems × Scientific Research"
seal0,sldbench,0.6,0.6,"Agents, Tools & Systems",Scientific Research,False,"Agents, Tools & Systems × Scientific Research"
gaia,lawbench,0.6,0.6,"Agents, Tools & Systems",Professional Domains,False,"Agents, Tools & Systems × Professional Domains"
reasoning-gym,widesearch,0.6,0.6,Mathematics & Reasoning,"Agents, Tools & Systems",False,"Agents, Tools & Systems × Mathematics & Reasoning"
gaia,humanevalfix,0.5994831345477432,0.5994831345477432,"Agents, Tools & Systems",Software Engineering,False,"Agents, Tools & Systems × Software Engineering"
hle,mmau,0.5970588235294118,0.5970588235294118,Knowledge & Long Context,Multimodal,False,Knowledge & Long Context × Multimodal
qcircuitbench,spider2,0.5970588235294118,0.5970588235294118,Scientific Research,Data & Analytics,False,Data & Analytics × Scientific Research
quixbugs,scicode,0.5970588235294118,0.5970588235294118,Software Engineering,Scientific Research,False,Scientific Research × Software Engineering
pixiu,reasoning-gym,0.5970588235294118,0.5970588235294118,Professional Domains,Mathematics & Reasoning,False,Mathematics & Reasoning × Professional Domains
scicode,swebenchpro,0.596466037148931,0.596466037148931,Scientific Research,Software Engineering,False,Scientific Research × Software Engineering
swe-lancer,swesmith,0.5960266514265761,0.5960266514265761,Software Engineering,Software Engineering,True,Software Engineering
bigcodebench,quixbugs,0.5945549806823128,0.5945549806823128,Software Engineering,Software Engineering,True,Software Engineering
financeagent_terminal,sldbench,0.5941176470588235,0.5941176470588235,Professional Domains,Scientific Research,False,Professional Domains × Scientific Research
livecodebench,swtbench,0.5941176470588235,0.5941176470588235,Software Engineering,Software Engineering,True,Software Engineering
gaia,quixbugs,0.5941176470588235,0.5941176470588235,"Agents, Tools & Systems",Software Engineering,False,"Agents, Tools & Systems × Software Engineering"
sldbench,swe-lancer,0.5941176470588235,0.5941176470588235,Scientific Research,Software Engineering,False,Scientific Research × Software Engineering
sldbench,swebenchpro,0.5935205258543683,0.5935205258543683,Scientific Research,Software Engineering,False,Scientific Research × Software Engineering
bigcodebench,swesmith,0.593519882179676,0.593519882179676,Software Engineering,Software Engineering,True,Software Engineering
gaia,mmmlu,0.5929229336858518,0.5929229336858518,"Agents, Tools & Systems",Knowledge & Long Context,False,"Agents, Tools & Systems × Knowledge & Long Context"
seal0,swebenchpro,0.5920477702070871,0.5920477702070871,"Agents, Tools & Systems",Software Engineering,False,"Agents, Tools & Systems × Software Engineering"
omnimath,reasoning-gym,0.5916116391937866,0.5916116391937866,Mathematics & Reasoning,Mathematics & Reasoning,True,Mathematics & Reasoning
bigcodebench,qcircuitbench,0.5901399684495234,0.5901399684495234,Software Engineering,Scientific Research,False,Scientific Research × Software Engineering
gaia2,gpqa-diamond,0.5886682977052603,0.5886682977052603,"Agents, Tools & Systems",Knowledge & Long Context,False,"Agents, Tools & Systems × Knowledge & Long Context"
omnimath,swebenchpro,0.5873251410506674,0.5873251410506674,Mathematics & Reasoning,Software Engineering,False,Mathematics & Reasoning × Software Engineering
gso,qcircuitbench,0.5852941176470589,0.5852941176470589,Software Engineering,Scientific Research,False,Scientific Research × Software Engineering
lawbench,strongreject,-0.5852941176470589,0.5852941176470589,Professional Domains,Safety & Security,False,Professional Domains × Safety & Security
gso,swtbench,0.5852941176470589,0.5852941176470589,Software Engineering,Software Engineering,True,Software Engineering
crustbench,gaia2,0.5846833578792342,0.5846833578792342,Software Engineering,"Agents, Tools & Systems",False,"Agents, Tools & Systems × Software Engineering"
gaia2,sldbench,0.5827816147282077,0.5827816147282077,"Agents, Tools & Systems",Scientific Research,False,"Agents, Tools & Systems × Scientific Research"
simpleqa,spider2,0.5823529411764706,0.5823529411764706,Knowledge & Long Context,Data & Analytics,False,Data & Analytics × Knowledge & Long Context
crustbench,spider2,0.5813099439839445,0.5813099439839445,Software Engineering,Data & Analytics,False,Data & Analytics × Software Engineering
omnimath,swebench-verified,0.5813099439839445,0.5813099439839445,Mathematics & Reasoning,Software Engineering,False,Mathematics & Reasoning × Software Engineering
bigcodebench,widesearch,0.5813099439839445,0.5813099439839445,Software Engineering,"Agents, Tools & Systems",False,"Agents, Tools & Systems × Software Engineering"
bixbench,usaco,0.5794117647058824,0.5794117647058824,Scientific Research,Software Engineering,False,Scientific Research × Software Engineering
medagentbench,quixbugs,0.5794117647058824,0.5794117647058824,Professional Domains,Software Engineering,False,Professional Domains × Software Engineering
aime,mmau,0.5794117647058824,0.5794117647058824,Mathematics & Reasoning,Multimodal,False,Mathematics & Reasoning × Multimodal
compilebench,medagentbench,0.5775536765168761,0.5775536765168761,Software Engineering,Professional Domains,False,Professional Domains × Software Engineering
simpleqa,swebench-verified,0.5764705882352941,0.5764705882352941,Knowledge & Long Context,Software Engineering,False,Knowledge & Long Context × Software Engineering
aime,bigcodebench,0.5739515902626288,0.5739515902626288,Mathematics & Reasoning,Software Engineering,False,Mathematics & Reasoning × Software Engineering
lawbench,livecodebench,0.5735294117647058,0.5735294117647058,Professional Domains,Software Engineering,False,Professional Domains × Software Engineering
medagentbench,seal0,0.5735294117647058,0.5735294117647058,Professional Domains,"Agents, Tools & Systems",False,"Agents, Tools & Systems × Professional Domains"
hle,usaco,0.5735294117647058,0.5735294117647058,Knowledge & Long Context,Software Engineering,False,Knowledge & Long Context × Software Engineering
mmau,swebench-verified,0.5735294117647058,0.5735294117647058,Multimodal,Software Engineering,False,Multimodal × Software Engineering
research-code-bench,simpleqa,0.572697625982595,0.572697625982595,Scientific Research,Knowledge & Long Context,False,Knowledge & Long Context × Scientific Research
gaia2,mmau,0.5724799195183656,0.5724799195183656,"Agents, Tools & Systems",Multimodal,False,"Agents, Tools & Systems × Multimodal"
bigcodebench,pixiu,0.5724799195183656,0.5724799195183656,Software Engineering,Professional Domains,False,Professional Domains × Software Engineering
gaia2,pixiu,0.5710082487741025,0.5710082487741025,"Agents, Tools & Systems",Professional Domains,False,"Agents, Tools & Systems × Professional Domains"
medagentbench,sldbench,0.5705882352941176,0.5705882352941176,Professional Domains,Scientific Research,False,Professional Domains × Scientific Research
financeagent_terminal,qcircuitbench,0.5705882352941176,0.5705882352941176,Professional Domains,Scientific Research,False,Professional Domains × Scientific Research
arc-agi-2,strongreject,-0.5684836798505861,0.5684836798505861,Mathematics & Reasoning,Safety & Security,False,Mathematics & Reasoning × Safety & Security
bigcodebench,reasoning-gym,0.5680649072855761,0.5680649072855761,Software Engineering,Mathematics & Reasoning,False,Mathematics & Reasoning × Software Engineering
aider-polyglot,usaco,0.5676470588235294,0.5676470588235294,Software Engineering,Software Engineering,True,Software Engineering
bfcl,gso,0.5676470588235294,0.5676470588235294,"Agents, Tools & Systems",Software Engineering,False,"Agents, Tools & Systems × Software Engineering"
bixbench,strongreject,-0.5676470588235294,0.5676470588235294,Scientific Research,Safety & Security,False,Safety & Security × Scientific Research
lawbench,seal0,0.5647058823529412,0.5647058823529412,Professional Domains,"Agents, Tools & Systems",False,"Agents, Tools & Systems × Professional Domains"
reasoning-gym,swebench-verified,0.5647058823529412,0.5647058823529412,Mathematics & Reasoning,Software Engineering,False,Mathematics & Reasoning × Software Engineering
gaia,spreadsheetbench,0.5647058823529412,0.5647058823529412,"Agents, Tools & Systems",Professional Domains,False,"Agents, Tools & Systems × Professional Domains"
aime,crustbench,0.5636498950527867,0.5636498950527867,Mathematics & Reasoning,Software Engineering,False,Mathematics & Reasoning × Software Engineering
omnimath,qcircuitbench,0.5621782243085236,0.5621782243085236,Mathematics & Reasoning,Scientific Research,False,Mathematics & Reasoning × Scientific Research
algotune,simpleqa,0.5617647058823529,0.5617647058823529,Software Engineering,Knowledge & Long Context,False,Knowledge & Long Context × Software Engineering
bfcl,swe-lancer,0.5617647058823529,0.5617647058823529,"Agents, Tools & Systems",Software Engineering,False,"Agents, Tools & Systems × Software Engineering"
gpqa-diamond,strongreject,-0.5617647058823529,0.5617647058823529,Knowledge & Long Context,Safety & Security,False,Knowledge & Long Context × Safety & Security
gaia,reasoning-gym,0.5588235294117647,0.5588235294117647,"Agents, Tools & Systems",Mathematics & Reasoning,False,"Agents, Tools & Systems × Mathematics & Reasoning"
mmau,pixiu,0.5588235294117647,0.5588235294117647,Multimodal,Professional Domains,False,Multimodal × Professional Domains
simpleqa,swebenchpro,0.5567016346723356,0.5567016346723356,Knowledge & Long Context,Software Engineering,False,Knowledge & Long Context × Software Engineering
kumo,labbench,0.556291541331471,0.556291541331471,Mathematics & Reasoning,Scientific Research,False,Mathematics & Reasoning × Scientific Research
lawbench,sldbench,0.5558823529411765,0.5558823529411765,Professional Domains,Scientific Research,False,Professional Domains × Scientific Research
bfcl,terminal-bench,0.5558823529411765,0.5558823529411765,"Agents, Tools & Systems","Agents, Tools & Systems",True,"Agents, Tools & Systems"
sldbench,swtbench,0.5558823529411765,0.5558823529411765,Scientific Research,Software Engineering,False,Scientific Research × Software Engineering
omnimath,skillsbench,0.5548198705872078,0.5548198705872078,Mathematics & Reasoning,"Agents, Tools & Systems",False,"Agents, Tools & Systems × Mathematics & Reasoning"
omnimath,spider2,0.5548198705872078,0.5548198705872078,Mathematics & Reasoning,Data & Analytics,False,Data & Analytics × Mathematics & Reasoning
mmmlu,seal0,0.5545746842434833,0.5545746842434833,Knowledge & Long Context,"Agents, Tools & Systems",False,"Agents, Tools & Systems × Knowledge & Long Context"
replicationbench,research-code-bench,0.5535093034625596,0.5535093034625596,Scientific Research,Scientific Research,True,Scientific Research
algotune,bfcl,0.5529411764705883,0.5529411764705883,Software Engineering,"Agents, Tools & Systems",False,"Agents, Tools & Systems × Software Engineering"
seal0,swesmith,0.5518765290986815,0.5518765290986815,"Agents, Tools & Systems",Software Engineering,False,"Agents, Tools & Systems × Software Engineering"
livecodebench,swebenchpro,0.5508106120832104,0.5508106120832104,Software Engineering,Software Engineering,True,Software Engineering
bfcl,gpqa-diamond,0.55,0.55,"Agents, Tools & Systems",Knowledge & Long Context,False,"Agents, Tools & Systems × Knowledge & Long Context"
replicationbench,usaco,0.55,0.55,Scientific Research,Software Engineering,False,Scientific Research × Software Engineering
quixbugs,simpleqa,0.55,0.55,Software Engineering,Knowledge & Long Context,False,Knowledge & Long Context × Software Engineering
omnimath,sldbench,0.5489331876101552,0.5489331876101552,Mathematics & Reasoning,Scientific Research,False,Mathematics & Reasoning × Scientific Research
gaia2,qcircuitbench,0.5489331876101552,0.5489331876101552,"Agents, Tools & Systems",Scientific Research,False,"Agents, Tools & Systems × Scientific Research"
codepde,reasoning-gym,0.5482695785851892,0.5482695785851892,Scientific Research,Mathematics & Reasoning,False,Mathematics & Reasoning × Scientific Research
aime,compilebench,0.5480112889712557,0.5480112889712557,Mathematics & Reasoning,Software Engineering,False,Mathematics & Reasoning × Software Engineering
compilebench,strongreject,-0.5480112889712557,0.5480112889712557,Software Engineering,Safety & Security,False,Safety & Security × Software Engineering
aime,swtbench,0.5470588235294118,0.5470588235294118,Mathematics & Reasoning,Software Engineering,False,Mathematics & Reasoning × Software Engineering
aime,qcircuitbench,0.5470588235294118,0.5470588235294118,Mathematics & Reasoning,Scientific Research,False,Mathematics & Reasoning × Scientific Research
mmau,quixbugs,0.5470588235294118,0.5470588235294118,Multimodal,Software Engineering,False,Multimodal × Software Engineering
compilebench,mmau,0.5465341695939747,0.5465341695939747,Software Engineering,Multimodal,False,Multimodal × Software Engineering
compilebench,labbench,0.5465341695939747,0.5465341695939747,Software Engineering,Scientific Research,False,Scientific Research × Software Engineering
omnimath,spreadsheetbench,0.5459898461216289,0.5459898461216289,Mathematics & Reasoning,Professional Domains,False,Mathematics & Reasoning × Professional Domains
arc-agi-2,reasoning-gym,0.5434468338468038,0.5434468338468038,Mathematics & Reasoning,Mathematics & Reasoning,True,Mathematics & Reasoning
gaia,gaia2,0.5430465046331026,0.5430465046331026,"Agents, Tools & Systems","Agents, Tools & Systems",True,"Agents, Tools & Systems"
bfcl,gaia2,0.5415748338888394,0.5415748338888394,"Agents, Tools & Systems","Agents, Tools & Systems",True,"Agents, Tools & Systems"
algotune,strongreject,-0.5411764705882353,0.5411764705882353,Software Engineering,Safety & Security,False,Safety & Security × Software Engineering
strongreject,terminal-bench,-0.5411764705882353,0.5411764705882353,Safety & Security,"Agents, Tools & Systems",False,"Agents, Tools & Systems × Safety & Security"
livecodebench,medagentbench,0.5411764705882353,0.5411764705882353,Software Engineering,Professional Domains,False,Professional Domains × Software Engineering
spider2,strongreject,-0.5411764705882353,0.5411764705882353,Data & Analytics,Safety & Security,False,Data & Analytics × Safety & Security
compilebench,mmmlu,0.5407413341471944,0.5407413341471944,Software Engineering,Knowledge & Long Context,False,Knowledge & Long Context × Software Engineering
kumo,reasoning-gym,0.5401031631445763,0.5401031631445763,Mathematics & Reasoning,Mathematics & Reasoning,True,Mathematics & Reasoning
bigcodebench,hle,0.5401031631445763,0.5401031631445763,Software Engineering,Knowledge & Long Context,False,Knowledge & Long Context × Software Engineering
livecodebench,reasoning-gym,0.538235294117647,0.538235294117647,Software Engineering,Mathematics & Reasoning,False,Mathematics & Reasoning × Software Engineering
gso,seal0,0.538235294117647,0.538235294117647,Software Engineering,"Agents, Tools & Systems",False,"Agents, Tools & Systems × Software Engineering"
seal0,spider2,0.538235294117647,0.538235294117647,"Agents, Tools & Systems",Data & Analytics,False,"Agents, Tools & Systems × Data & Analytics"
crustbench,gaia,0.53715982165605,0.53715982165605,Software Engineering,"Agents, Tools & Systems",False,"Agents, Tools & Systems × Software Engineering"
compilebench,simpleqa,0.5361943339530076,0.5361943339530076,Software Engineering,Knowledge & Long Context,False,Knowledge & Long Context × Software Engineering
deepsynth,strongreject,-0.5352941176470588,0.5352941176470588,"Agents, Tools & Systems",Safety & Security,False,"Agents, Tools & Systems × Safety & Security"
swe-lancer,usaco,0.5352941176470588,0.5352941176470588,Software Engineering,Software Engineering,True,Software Engineering
bigcodebench,gpqa-diamond,0.5327448094232605,0.5327448094232605,Software Engineering,Knowledge & Long Context,False,Knowledge & Long Context × Software Engineering
simpleqa,sldbench,0.5323529411764706,0.5323529411764706,Knowledge & Long Context,Scientific Research,False,Knowledge & Long Context × Scientific Research
arc-agi-2,labbench,0.5316647886685533,0.5316647886685533,Mathematics & Reasoning,Scientific Research,False,Mathematics & Reasoning × Scientific Research
kumo,strongreject,-0.5312731386789974,0.5312731386789974,Mathematics & Reasoning,Safety & Security,False,Mathematics & Reasoning × Safety & Security
bigcodebench,medagentbench,0.5312731386789974,0.5312731386789974,Software Engineering,Professional Domains,False,Professional Domains × Software Engineering
crustbench,sldbench,0.5312731386789974,0.5312731386789974,Software Engineering,Scientific Research,False,Scientific Research × Software Engineering
mmmlu,quixbugs,0.530975761509718,0.530975761509718,Knowledge & Long Context,Software Engineering,False,Knowledge & Long Context × Software Engineering
bigcodebench,codepde,0.5302365649411914,0.5302365649411914,Software Engineering,Scientific Research,False,Scientific Research × Software Engineering
swtbench,usaco,0.5294117647058824,0.5294117647058824,Software Engineering,Software Engineering,True,Software Engineering
replicationbench,sldbench,0.5294117647058824,0.5294117647058824,Scientific Research,Scientific Research,True,Scientific Research
humanevalfix,sldbench,0.5292195252615988,0.5292195252615988,Software Engineering,Scientific Research,False,Scientific Research × Software Engineering
skillsbench,swesmith,0.5283297971904711,0.5283297971904711,"Agents, Tools & Systems",Software Engineering,False,"Agents, Tools & Systems × Software Engineering"
swesmith,widesearch,0.5268581264462079,0.5268581264462079,Software Engineering,"Agents, Tools & Systems",False,"Agents, Tools & Systems × Software Engineering"
mmau,replicationbench,0.5264705882352941,0.5264705882352941,Multimodal,Scientific Research,False,Multimodal × Scientific Research
sldbench,swebench-verified,0.5264705882352941,0.5264705882352941,Scientific Research,Software Engineering,False,Scientific Research × Software Engineering
scicode,spider2,0.5264705882352941,0.5264705882352941,Scientific Research,Data & Analytics,False,Data & Analytics × Scientific Research
qcircuitbench,simpleqa,0.5264705882352941,0.5264705882352941,Scientific Research,Knowledge & Long Context,False,Knowledge & Long Context × Scientific Research
gaia2,strongreject,-0.5253864557019448,0.5253864557019448,"Agents, Tools & Systems",Safety & Security,False,"Agents, Tools & Systems × Safety & Security"
mmmlu,replicationbench,0.5250760308262767,0.5250760308262767,Knowledge & Long Context,Scientific Research,False,Knowledge & Long Context × Scientific Research
gaia,swebench-verified,0.5235294117647059,0.5235294117647059,"Agents, Tools & Systems",Software Engineering,False,"Agents, Tools & Systems × Software Engineering"
aider-polyglot,bfcl,0.5235294117647059,0.5235294117647059,Software Engineering,"Agents, Tools & Systems",False,"Agents, Tools & Systems × Software Engineering"
seal0,spreadsheetbench,0.5235294117647059,0.5235294117647059,"Agents, Tools & Systems",Professional Domains,False,"Agents, Tools & Systems × Professional Domains"
replicationbench,swesmith,0.5224431142134185,0.5224431142134185,Scientific Research,Software Engineering,False,Scientific Research × Software Engineering
compilebench,usaco,0.5214231401801975,0.5214231401801975,Software Engineering,Software Engineering,True,Software Engineering
arc-agi-2,mmau,0.5213554991375842,0.5213554991375842,Mathematics & Reasoning,Multimodal,False,Mathematics & Reasoning × Multimodal
compilebench,research-code-bench,0.5211269037457874,0.5211269037457874,Software Engineering,Scientific Research,False,Scientific Research × Software Engineering
financeagent_terminal,livecodebench,0.5205882352941177,0.5205882352941177,Professional Domains,Software Engineering,False,Professional Domains × Software Engineering
reasoning-gym,replicationbench,0.5205882352941177,0.5205882352941177,Mathematics & Reasoning,Scientific Research,False,Mathematics & Reasoning × Scientific Research
crustbench,simpleqa,0.5194997727248922,0.5194997727248922,Software Engineering,Knowledge & Long Context,False,Knowledge & Long Context × Software Engineering
hle,mmmlu,0.5191763001428354,0.5191763001428354,Knowledge & Long Context,Knowledge & Long Context,True,Knowledge & Long Context
pixiu,swesmith,0.518028101980629,0.518028101980629,Professional Domains,Software Engineering,False,Professional Domains × Software Engineering
crustbench,quixbugs,0.518028101980629,0.518028101980629,Software Engineering,Software Engineering,True,Software Engineering
labbench,pixiu,0.5176470588235295,0.5176470588235295,Scientific Research,Professional Domains,False,Professional Domains × Scientific Research
gso,medagentbench,0.5176470588235295,0.5176470588235295,Software Engineering,Professional Domains,False,Professional Domains × Software Engineering
quixbugs,swesmith,0.5150847604921027,0.5150847604921027,Software Engineering,Software Engineering,True,Software Engineering
gpqa-diamond,usaco,0.5147058823529411,0.5147058823529411,Knowledge & Long Context,Software Engineering,False,Knowledge & Long Context × Software Engineering
bfcl,deepsynth,0.5147058823529411,0.5147058823529411,"Agents, Tools & Systems","Agents, Tools & Systems",True,"Agents, Tools & Systems"
bfcl,omnimath,0.5136130897478396,0.5136130897478396,"Agents, Tools & Systems",Mathematics & Reasoning,False,"Agents, Tools & Systems × Mathematics & Reasoning"
gaia,qcircuitbench,0.5117647058823529,0.5117647058823529,"Agents, Tools & Systems",Scientific Research,False,"Agents, Tools & Systems × Scientific Research"
gso,mmau,0.5088235294117647,0.5088235294117647,Software Engineering,Multimodal,False,Multimodal × Software Engineering
bfcl,bixbench,0.5088235294117647,0.5088235294117647,"Agents, Tools & Systems",Scientific Research,False,"Agents, Tools & Systems × Scientific Research"
financeagent_terminal,mmmlu,0.5073768387759527,0.5073768387759527,Professional Domains,Knowledge & Long Context,False,Knowledge & Long Context × Professional Domains
arc-agi-2,bfcl,0.5066279426647711,0.5066279426647711,Mathematics & Reasoning,"Agents, Tools & Systems",False,"Agents, Tools & Systems × Mathematics & Reasoning"
financeagent_terminal,simpleqa,0.5058823529411764,0.5058823529411764,Professional Domains,Knowledge & Long Context,False,Knowledge & Long Context × Professional Domains
mmau,skillsbench,0.5058823529411764,0.5058823529411764,Multimodal,"Agents, Tools & Systems",False,"Agents, Tools & Systems × Multimodal"
reasoning-gym,seal0,0.5058823529411764,0.5058823529411764,Mathematics & Reasoning,"Agents, Tools & Systems",False,"Agents, Tools & Systems × Mathematics & Reasoning"
mmau,spider2,0.5058823529411764,0.5058823529411764,Multimodal,Data & Analytics,False,Data & Analytics × Multimodal
gaia,research-code-bench,0.5033244599486209,0.5033244599486209,"Agents, Tools & Systems",Scientific Research,False,"Agents, Tools & Systems × Scientific Research"
bfcl,financeagent_terminal,0.5029411764705882,0.5029411764705882,"Agents, Tools & Systems",Professional Domains,False,"Agents, Tools & Systems × Professional Domains"
bfcl,lawbench,0.5029411764705882,0.5029411764705882,"Agents, Tools & Systems",Professional Domains,False,"Agents, Tools & Systems × Professional Domains"
simpleqa,spreadsheetbench,0.5029411764705882,0.5029411764705882,Knowledge & Long Context,Professional Domains,False,Knowledge & Long Context × Professional Domains
sldbench,spider2,0.5029411764705882,0.5029411764705882,Scientific Research,Data & Analytics,False,Data & Analytics × Scientific Research
gaia2,scicode,0.5003680530494712,0.5003680530494712,"Agents, Tools & Systems",Scientific Research,False,"Agents, Tools & Systems × Scientific Research"
livecodebench,sldbench,0.5,0.5,Software Engineering,Scientific Research,False,Scientific Research × Software Engineering
financeagent_terminal,strongreject,-0.4970588235294118,0.4970588235294118,Professional Domains,Safety & Security,False,Professional Domains × Safety & Security
bfcl,medagentbench,0.4970588235294118,0.4970588235294118,"Agents, Tools & Systems",Professional Domains,False,"Agents, Tools & Systems × Professional Domains"
bigcodebench,bixbench,0.4944813700724186,0.4944813700724186,Software Engineering,Scientific Research,False,Scientific Research × Software Engineering
hle,labbench,0.49411764705882355,0.49411764705882355,Knowledge & Long Context,Scientific Research,False,Knowledge & Long Context × Scientific Research
bfcl,hle,0.49411764705882355,0.49411764705882355,"Agents, Tools & Systems",Knowledge & Long Context,False,"Agents, Tools & Systems × Knowledge & Long Context"
gso,scicode,0.49411764705882355,0.49411764705882355,Software Engineering,Scientific Research,False,Scientific Research × Software Engineering
bfcl,swebenchpro,0.4933731418392392,0.4933731418392392,"Agents, Tools & Systems",Software Engineering,False,"Agents, Tools & Systems × Software Engineering"
arc-agi-2,mmmlu,0.4933535662742652,0.4933535662742652,Mathematics & Reasoning,Knowledge & Long Context,False,Knowledge & Long Context × Mathematics & Reasoning
terminal-bench,usaco,0.49117647058823527,0.49117647058823527,"Agents, Tools & Systems",Software Engineering,False,"Agents, Tools & Systems × Software Engineering"
livecodebench,spreadsheetbench,0.49117647058823527,0.49117647058823527,Software Engineering,Professional Domains,False,Professional Domains × Software Engineering
compilebench,gaia,0.4904036332572963,0.4904036332572963,Software Engineering,"Agents, Tools & Systems",False,"Agents, Tools & Systems × Software Engineering"
deepsynth,research-code-bench,0.4885642118562859,0.4885642118562859,"Agents, Tools & Systems",Scientific Research,False,"Agents, Tools & Systems × Scientific Research"
research-code-bench,widesearch,0.4870881870470524,0.4870881870470524,Scientific Research,"Agents, Tools & Systems",False,"Agents, Tools & Systems × Scientific Research"
strongreject,swesmith,-0.4856513456068397,0.4856513456068397,Safety & Security,Software Engineering,False,Safety & Security × Software Engineering
bixbench,research-code-bench,0.48561216223781895,0.48561216223781895,Scientific Research,Scientific Research,True,Scientific Research
labbench,skillsbench,0.4852941176470588,0.4852941176470588,Scientific Research,"Agents, Tools & Systems",False,"Agents, Tools & Systems × Scientific Research"
financeagent_terminal,ineqmath,0.4852941176470588,0.4852941176470588,Professional Domains,Mathematics & Reasoning,False,Mathematics & Reasoning × Professional Domains
mmmlu,omnimath,0.4826580095389249,0.4826580095389249,Knowledge & Long Context,Mathematics & Reasoning,False,Knowledge & Long Context × Mathematics & Reasoning
aime,sldbench,0.4823529411764706,0.4823529411764706,Mathematics & Reasoning,Scientific Research,False,Mathematics & Reasoning × Scientific Research
gso,simpleqa,0.47941176470588237,0.47941176470588237,Software Engineering,Knowledge & Long Context,False,Knowledge & Long Context × Software Engineering
livecodebench,spider2,0.47941176470588237,0.47941176470588237,Software Engineering,Data & Analytics,False,Data & Analytics × Software Engineering
quixbugs,reasoning-gym,0.47941176470588237,0.47941176470588237,Software Engineering,Mathematics & Reasoning,False,Mathematics & Reasoning × Software Engineering
research-code-bench,seal0,0.47823203819165144,0.47823203819165144,Scientific Research,"Agents, Tools & Systems",False,"Agents, Tools & Systems × Scientific Research"
deepsynth,mmmlu,0.4778781853587462,0.4778781853587462,"Agents, Tools & Systems",Knowledge & Long Context,False,"Agents, Tools & Systems × Knowledge & Long Context"
livecodebench,mmmlu,0.4778781853587462,0.4778781853587462,Software Engineering,Knowledge & Long Context,False,Knowledge & Long Context × Software Engineering
aime,mmmlu,0.4778781853587462,0.4778781853587462,Mathematics & Reasoning,Knowledge & Long Context,False,Knowledge & Long Context × Mathematics & Reasoning
strongreject,swtbench,-0.4764705882352941,0.4764705882352941,Safety & Security,Software Engineering,False,Safety & Security × Software Engineering
reasoning-gym,spreadsheetbench,0.4764705882352941,0.4764705882352941,Mathematics & Reasoning,Professional Domains,False,Mathematics & Reasoning × Professional Domains
bixbench,reasoning-gym,0.4764705882352941,0.4764705882352941,Scientific Research,Mathematics & Reasoning,False,Mathematics & Reasoning × Scientific Research
gaia2,seal0,0.47534965039699767,0.47534965039699767,"Agents, Tools & Systems","Agents, Tools & Systems",True,"Agents, Tools & Systems"
omnimath,swtbench,0.47534965039699767,0.47534965039699767,Mathematics & Reasoning,Software Engineering,False,Mathematics & Reasoning × Software Engineering
compilebench,omnimath,0.47450434873018205,0.47450434873018205,Software Engineering,Mathematics & Reasoning,False,Mathematics & Reasoning × Software Engineering
research-code-bench,swebenchpro,0.47450227506958736,0.47450227506958736,Scientific Research,Software Engineering,False,Scientific Research × Software Engineering
bfcl,skillsbench,0.47352941176470587,0.47352941176470587,"Agents, Tools & Systems","Agents, Tools & Systems",True,"Agents, Tools & Systems"
sldbench,strongreject,-0.47352941176470587,0.47352941176470587,Scientific Research,Safety & Security,False,Safety & Security × Scientific Research
labbench,widesearch,0.47352941176470587,0.47352941176470587,Scientific Research,"Agents, Tools & Systems",False,"Agents, Tools & Systems × Scientific Research"
gaia,gso,0.47058823529411764,0.47058823529411764,"Agents, Tools & Systems",Software Engineering,False,"Agents, Tools & Systems × Software Engineering"
mmmlu,swebenchpro,0.4697198625006477,0.4697198625006477,Knowledge & Long Context,Software Engineering,False,Knowledge & Long Context × Software Engineering
scicode,swesmith,0.46946296741994503,0.46946296741994503,Scientific Research,Software Engineering,False,Scientific Research × Software Engineering
lawbench,simpleqa,0.4676470588235294,0.4676470588235294,Professional Domains,Knowledge & Long Context,False,Knowledge & Long Context × Professional Domains
gso,livecodebench,0.4676470588235294,0.4676470588235294,Software Engineering,Software Engineering,True,Software Engineering
livecodebench,mmau,0.4676470588235294,0.4676470588235294,Software Engineering,Multimodal,False,Multimodal × Software Engineering
ineqmath,reasoning-gym,0.4676470588235294,0.4676470588235294,Mathematics & Reasoning,Mathematics & Reasoning,True,Mathematics & Reasoning
ineqmath,swebenchpro,0.4668635401881756,0.4668635401881756,Mathematics & Reasoning,Software Engineering,False,Mathematics & Reasoning × Software Engineering
gaia2,simpleqa,0.4650479551871556,0.4650479551871556,"Agents, Tools & Systems",Knowledge & Long Context,False,"Agents, Tools & Systems × Knowledge & Long Context"
gaia,labbench,0.4647058823529412,0.4647058823529412,"Agents, Tools & Systems",Scientific Research,False,"Agents, Tools & Systems × Scientific Research"
mmau,usaco,0.4647058823529412,0.4647058823529412,Multimodal,Software Engineering,False,Multimodal × Software Engineering
gaia2,research-code-bench,0.4638129545106964,0.4638129545106964,"Agents, Tools & Systems",Scientific Research,False,"Agents, Tools & Systems × Scientific Research"
kumo,usaco,0.46357628444289245,0.46357628444289245,Mathematics & Reasoning,Software Engineering,False,Mathematics & Reasoning × Software Engineering
kumo,mmau,0.46357628444289245,0.46357628444289245,Mathematics & Reasoning,Multimodal,False,Mathematics & Reasoning × Multimodal
aider-polyglot,labbench,0.46176470588235297,0.46176470588235297,Software Engineering,Scientific Research,False,Scientific Research × Software Engineering
sldbench,swesmith,0.46063294295436613,0.46063294295436613,Scientific Research,Software Engineering,False,Scientific Research × Software Engineering
omnimath,usaco,0.459161272210103,0.459161272210103,Mathematics & Reasoning,Software Engineering,False,Mathematics & Reasoning × Software Engineering
research-code-bench,spider2,0.45904371567161606,0.45904371567161606,Scientific Research,Data & Analytics,False,Data & Analytics × Scientific Research
labbench,swe-lancer,0.4588235294117647,0.4588235294117647,Scientific Research,Software Engineering,False,Scientific Research × Software Engineering
simpleqa,swtbench,0.4588235294117647,0.4588235294117647,Knowledge & Long Context,Software Engineering,False,Knowledge & Long Context × Software Engineering
swesmith,swtbench,0.45768960146583987,0.45768960146583987,Software Engineering,Software Engineering,True,Software Engineering
seal0,strongreject,-0.45588235294117646,0.45588235294117646,"Agents, Tools & Systems",Safety & Security,False,"Agents, Tools & Systems × Safety & Security"
scicode,simpleqa,0.45588235294117646,0.45588235294117646,Scientific Research,Knowledge & Long Context,False,Knowledge & Long Context × Scientific Research
gso,omnimath,0.45474625997731355,0.45474625997731355,Software Engineering,Mathematics & Reasoning,False,Mathematics & Reasoning × Software Engineering
bigcodebench,sldbench,0.45474625997731355,0.45474625997731355,Software Engineering,Scientific Research,False,Scientific Research × Software Engineering
bfcl,kumo,0.45474625997731355,0.45474625997731355,"Agents, Tools & Systems",Mathematics & Reasoning,False,"Agents, Tools & Systems × Mathematics & Reasoning"
scicode,usaco,0.45294117647058824,0.45294117647058824,Scientific Research,Software Engineering,False,Scientific Research × Software Engineering
arc-agi-2,usaco,0.4506632280680812,0.4506632280680812,Mathematics & Reasoning,Software Engineering,False,Mathematics & Reasoning × Software Engineering
gaia,mmau,0.45,0.45,"Agents, Tools & Systems",Multimodal,False,"Agents, Tools & Systems × Multimodal"
gpqa-diamond,mmmlu,0.4483795319415397,0.4483795319415397,Knowledge & Long Context,Knowledge & Long Context,True,Knowledge & Long Context
labbench,omnimath,0.4473879062559978,0.4473879062559978,Scientific Research,Mathematics & Reasoning,False,Mathematics & Reasoning × Scientific Research
strongreject,usaco,-0.4470588235294118,0.4470588235294118,Safety & Security,Software Engineering,False,Safety & Security × Software Engineering
lawbench,usaco,0.4470588235294118,0.4470588235294118,Professional Domains,Software Engineering,False,Professional Domains × Software Engineering
compilebench,swesmith,0.44567931819984385,0.44567931819984385,Software Engineering,Software Engineering,True,Software Engineering
arc-agi-2,research-code-bench,0.4449382703923545,0.4449382703923545,Mathematics & Reasoning,Scientific Research,False,Mathematics & Reasoning × Scientific Research
mmmlu,swe-lancer,0.4424798012580984,0.4424798012580984,Knowledge & Long Context,Software Engineering,False,Knowledge & Long Context × Software Engineering
gaia2,omnimath,0.4418262150220913,0.4418262150220913,"Agents, Tools & Systems",Mathematics & Reasoning,False,"Agents, Tools & Systems × Mathematics & Reasoning"
crustbench,omnimath,0.4418262150220913,0.4418262150220913,Software Engineering,Mathematics & Reasoning,False,Mathematics & Reasoning × Software Engineering
bfcl,replicationbench,0.4411764705882353,0.4411764705882353,"Agents, Tools & Systems",Scientific Research,False,"Agents, Tools & Systems × Scientific Research"
qcircuitbench,swesmith,0.44002955253468207,0.44002955253468207,Scientific Research,Software Engineering,False,Scientific Research × Software Engineering
compilebench,reasoning-gym,0.4357502162978988,0.4357502162978988,Software Engineering,Mathematics & Reasoning,False,Mathematics & Reasoning × Software Engineering
aime,strongreject,-0.43529411764705883,0.43529411764705883,Mathematics & Reasoning,Safety & Security,False,Mathematics & Reasoning × Safety & Security
strongreject,swebenchpro,-0.43446291594798675,0.43446291594798675,Safety & Security,Software Engineering,False,Safety & Security × Software Engineering
mmau,omnimath,0.43414286955762943,0.43414286955762943,Multimodal,Mathematics & Reasoning,False,Mathematics & Reasoning × Multimodal
mmau,seal0,0.4323529411764706,0.4323529411764706,Multimodal,"Agents, Tools & Systems",False,"Agents, Tools & Systems × Multimodal"
reasoning-gym,skillsbench,0.4323529411764706,0.4323529411764706,Mathematics & Reasoning,"Agents, Tools & Systems",False,"Agents, Tools & Systems × Mathematics & Reasoning"
labbench,usaco,0.4323529411764706,0.4323529411764706,Scientific Research,Software Engineering,False,Scientific Research × Software Engineering
livecodebench,strongreject,-0.4323529411764706,0.4323529411764706,Software Engineering,Safety & Security,False,Safety & Security × Software Engineering
aime,ineqmath,0.4323529411764706,0.4323529411764706,Mathematics & Reasoning,Mathematics & Reasoning,True,Mathematics & Reasoning
crustbench,swesmith,0.43078055964653905,0.43078055964653905,Software Engineering,Software Engineering,True,Software Engineering
usaco,widesearch,0.4294117647058823,0.4294117647058823,Software Engineering,"Agents, Tools & Systems",False,"Agents, Tools & Systems × Software Engineering"
quixbugs,research-code-bench,0.42804719467771274,0.42804719467771274,Software Engineering,Scientific Research,False,Scientific Research × Software Engineering
bigcodebench,livecodebench,0.4267845158363137,0.4267845158363137,Software Engineering,Software Engineering,True,Software Engineering
kumo,mmmlu,0.42656931118271957,0.42656931118271957,Mathematics & Reasoning,Knowledge & Long Context,False,Knowledge & Long Context × Mathematics & Reasoning
bfcl,bigcodebench,0.4238411743477874,0.4238411743477874,"Agents, Tools & Systems",Software Engineering,False,"Agents, Tools & Systems × Software Engineering"
financeagent_terminal,research-code-bench,0.42361912025001225,0.42361912025001225,Professional Domains,Scientific Research,False,Professional Domains × Scientific Research
bfcl,pixiu,0.4235294117647059,0.4235294117647059,"Agents, Tools & Systems",Professional Domains,False,"Agents, Tools & Systems × Professional Domains"
reasoning-gym,spider2,0.4235294117647059,0.4235294117647059,Mathematics & Reasoning,Data & Analytics,False,Data & Analytics × Mathematics & Reasoning
mmau,swesmith,0.4208978328592611,0.4208978328592611,Multimodal,Software Engineering,False,Multimodal × Software Engineering
ineqmath,omnimath,0.4208978328592611,0.4208978328592611,Mathematics & Reasoning,Mathematics & Reasoning,True,Mathematics & Reasoning
skillsbench,strongreject,-0.42058823529411765,0.42058823529411765,"Agents, Tools & Systems",Safety & Security,False,"Agents, Tools & Systems × Safety & Security"
gaia2,reasoning-gym,0.41795449137073476,0.41795449137073476,"Agents, Tools & Systems",Mathematics & Reasoning,False,"Agents, Tools & Systems × Mathematics & Reasoning"
bfcl,crustbench,0.41795449137073476,0.41795449137073476,"Agents, Tools & Systems",Software Engineering,False,"Agents, Tools & Systems × Software Engineering"
skillsbench,usaco,0.4176470588235294,0.4176470588235294,"Agents, Tools & Systems",Software Engineering,False,"Agents, Tools & Systems × Software Engineering"
reasoning-gym,swesmith,0.41648282062647163,0.41648282062647163,Mathematics & Reasoning,Software Engineering,False,Mathematics & Reasoning × Software Engineering
livecodebench,swesmith,0.4150111498822085,0.4150111498822085,Software Engineering,Software Engineering,True,Software Engineering
kumo,research-code-bench,0.4135911696273726,0.4135911696273726,Mathematics & Reasoning,Scientific Research,False,Mathematics & Reasoning × Scientific Research
omnimath,strongreject,-0.4135394791379453,0.4135394791379453,Mathematics & Reasoning,Safety & Security,False,Mathematics & Reasoning × Safety & Security
humanevalfix,usaco,0.41261183325480577,0.41261183325480577,Software Engineering,Software Engineering,True,Software Engineering
bixbench,mmau,0.4117647058823529,0.4117647058823529,Scientific Research,Multimodal,False,Multimodal × Scientific Research
bfcl,widesearch,0.4088235294117647,0.4088235294117647,"Agents, Tools & Systems","Agents, Tools & Systems",True,"Agents, Tools & Systems"
crustbench,usaco,0.4076527961608927,0.4076527961608927,Software Engineering,Software Engineering,True,Software Engineering
ineqmath,sldbench,0.40294117647058825,0.40294117647058825,Mathematics & Reasoning,Scientific Research,False,Mathematics & Reasoning × Scientific Research
gaia,usaco,0.40294117647058825,0.40294117647058825,"Agents, Tools & Systems",Software Engineering,False,"Agents, Tools & Systems × Software Engineering"
bfcl,scicode,0.40294117647058825,0.40294117647058825,"Agents, Tools & Systems",Scientific Research,False,"Agents, Tools & Systems × Scientific Research"
bigcodebench,seal0,0.3988227716953138,0.3988227716953138,Software Engineering,"Agents, Tools & Systems",False,"Agents, Tools & Systems × Software Engineering"
swebenchpro,usaco,0.397644024765954,0.397644024765954,Software Engineering,Software Engineering,True,Software Engineering
labbench,qcircuitbench,0.3941176470588235,0.3941176470588235,Scientific Research,Scientific Research,True,Scientific Research
bfcl,strongreject,-0.3941176470588235,0.3941176470588235,"Agents, Tools & Systems",Safety & Security,False,"Agents, Tools & Systems × Safety & Security"
deepsynth,labbench,0.3911764705882353,0.3911764705882353,"Agents, Tools & Systems",Scientific Research,False,"Agents, Tools & Systems × Scientific Research"
ineqmath,medagentbench,0.3911764705882353,0.3911764705882353,Mathematics & Reasoning,Professional Domains,False,Mathematics & Reasoning × Professional Domains
deepsynth,usaco,0.3911764705882353,0.3911764705882353,"Agents, Tools & Systems",Software Engineering,False,"Agents, Tools & Systems × Software Engineering"
sldbench,usaco,0.3911764705882353,0.3911764705882353,Scientific Research,Software Engineering,False,Scientific Research × Software Engineering
gaia2,livecodebench,0.3899927472297349,0.3899927472297349,"Agents, Tools & Systems",Software Engineering,False,"Agents, Tools & Systems × Software Engineering"
gso,research-code-bench,0.38671850001917496,0.38671850001917496,Software Engineering,Scientific Research,False,Scientific Research × Software Engineering
mmmlu,spider2,0.3864323597654059,0.3864323597654059,Knowledge & Long Context,Data & Analytics,False,Data & Analytics × Knowledge & Long Context
algotune,usaco,0.38529411764705884,0.38529411764705884,Software Engineering,Software Engineering,True,Software Engineering
simpleqa,usaco,0.38529411764705884,0.38529411764705884,Knowledge & Long Context,Software Engineering,False,Knowledge & Long Context × Software Engineering
scicode,strongreject,-0.38529411764705884,0.38529411764705884,Scientific Research,Safety & Security,False,Safety & Security × Scientific Research
reasoning-gym,sldbench,0.38235294117647056,0.38235294117647056,Mathematics & Reasoning,Scientific Research,False,Mathematics & Reasoning × Scientific Research
replicationbench,strongreject,-0.38235294117647056,0.38235294117647056,Scientific Research,Safety & Security,False,Safety & Security × Scientific Research
algotune,research-code-bench,0.38229042559147447,0.38229042559147447,Software Engineering,Scientific Research,False,Scientific Research × Software Engineering
mmmlu,pixiu,0.3805326290819646,0.3805326290819646,Knowledge & Long Context,Professional Domains,False,Knowledge & Long Context × Professional Domains
strongreject,widesearch,-0.37941176470588234,0.37941176470588234,Safety & Security,"Agents, Tools & Systems",False,"Agents, Tools & Systems × Safety & Security"
gso,reasoning-gym,0.37941176470588234,0.37941176470588234,Software Engineering,Mathematics & Reasoning,False,Mathematics & Reasoning × Software Engineering
mmau,sldbench,0.37941176470588234,0.37941176470588234,Multimodal,Scientific Research,False,Multimodal × Scientific Research
gpqa-diamond,ineqmath,0.37941176470588234,0.37941176470588234,Knowledge & Long Context,Mathematics & Reasoning,False,Knowledge & Long Context × Mathematics & Reasoning
livecodebench,research-code-bench,0.3793383759730075,0.3793383759730075,Software Engineering,Scientific Research,False,Scientific Research × Software Engineering
labbench,quixbugs,0.3735294117647059,0.3735294117647059,Scientific Research,Software Engineering,False,Scientific Research × Software Engineering
bfcl,gaia,0.3735294117647059,0.3735294117647059,"Agents, Tools & Systems","Agents, Tools & Systems",True,"Agents, Tools & Systems"
gaia2,mmmlu,0.3690045944487193,0.3690045944487193,"Agents, Tools & Systems",Knowledge & Long Context,False,"Agents, Tools & Systems × Knowledge & Long Context"
gpqa-diamond,labbench,0.36764705882352944,0.36764705882352944,Knowledge & Long Context,Scientific Research,False,Knowledge & Long Context × Scientific Research
crustbench,research-code-bench,0.361892273423951,0.361892273423951,Software Engineering,Scientific Research,False,Scientific Research × Software Engineering
bfcl,simpleqa,0.36176470588235293,0.36176470588235293,"Agents, Tools & Systems",Knowledge & Long Context,False,"Agents, Tools & Systems × Knowledge & Long Context"
research-code-bench,swe-lancer,0.3616260782622056,0.3616260782622056,Scientific Research,Software Engineering,False,Scientific Research × Software Engineering
algotune,mmmlu,0.35988357168992,0.35988357168992,Software Engineering,Knowledge & Long Context,False,Knowledge & Long Context × Software Engineering
bigcodebench,strongreject,-0.3576159908559456,0.3576159908559456,Software Engineering,Safety & Security,False,Safety & Security × Software Engineering
aider-polyglot,mmmlu,0.35398384100647867,0.35398384100647867,Software Engineering,Knowledge & Long Context,False,Knowledge & Long Context × Software Engineering
mmmlu,swtbench,0.35398384100647867,0.35398384100647867,Knowledge & Long Context,Software Engineering,False,Knowledge & Long Context × Software Engineering
bfcl,reasoning-gym,0.35294117647058826,0.35294117647058826,"Agents, Tools & Systems",Mathematics & Reasoning,False,"Agents, Tools & Systems × Mathematics & Reasoning"
swebench-verified,usaco,0.35294117647058826,0.35294117647058826,Software Engineering,Software Engineering,True,Software Engineering
crustbench,labbench,0.34731429564610355,0.34731429564610355,Software Engineering,Scientific Research,False,Scientific Research × Software Engineering
research-code-bench,spreadsheetbench,0.3439137805514037,0.3439137805514037,Scientific Research,Professional Domains,False,Professional Domains × Scientific Research
mmmlu,terminal-bench,0.3421843796395961,0.3421843796395961,Knowledge & Long Context,"Agents, Tools & Systems",False,"Agents, Tools & Systems × Knowledge & Long Context"
codepde,mmmlu,-0.34146350789916213,0.34146350789916213,Scientific Research,Knowledge & Long Context,False,Knowledge & Long Context × Scientific Research
labbench,terminal-bench,0.3411764705882353,0.3411764705882353,Scientific Research,"Agents, Tools & Systems",False,"Agents, Tools & Systems × Scientific Research"
research-code-bench,terminal-bench,0.3394857061237032,0.3394857061237032,Scientific Research,"Agents, Tools & Systems",False,"Agents, Tools & Systems × Scientific Research"
mmmlu,sldbench,0.33628464895615473,0.33628464895615473,Knowledge & Long Context,Scientific Research,False,Knowledge & Long Context × Scientific Research
hle,research-code-bench,0.3350576316960027,0.3350576316960027,Knowledge & Long Context,Scientific Research,False,Knowledge & Long Context × Scientific Research
aime,usaco,0.3323529411764706,0.3323529411764706,Mathematics & Reasoning,Software Engineering,False,Mathematics & Reasoning × Software Engineering
bfcl,livecodebench,0.3323529411764706,0.3323529411764706,"Agents, Tools & Systems",Software Engineering,False,"Agents, Tools & Systems × Software Engineering"
algotune,ineqmath,0.3323529411764706,0.3323529411764706,Software Engineering,Mathematics & Reasoning,False,Mathematics & Reasoning × Software Engineering
medagentbench,usaco,0.3323529411764706,0.3323529411764706,Professional Domains,Software Engineering,False,Professional Domains × Software Engineering
bfcl,quixbugs,0.3323529411764706,0.3323529411764706,"Agents, Tools & Systems",Software Engineering,False,"Agents, Tools & Systems × Software Engineering"
aime,research-code-bench,0.33062955726830223,0.33062955726830223,Mathematics & Reasoning,Scientific Research,False,Mathematics & Reasoning × Scientific Research
aime,labbench,0.32941176470588235,0.32941176470588235,Mathematics & Reasoning,Scientific Research,False,Mathematics & Reasoning × Scientific Research
aider-polyglot,research-code-bench,0.3276775076498353,0.3276775076498353,Software Engineering,Scientific Research,False,Scientific Research × Software Engineering
labbench,swtbench,0.3264705882352941,0.3264705882352941,Scientific Research,Software Engineering,False,Scientific Research × Software Engineering
financeagent_terminal,usaco,0.3264705882352941,0.3264705882352941,Professional Domains,Software Engineering,False,Professional Domains × Software Engineering
codepde,simpleqa,-0.3212977637945464,0.3212977637945464,Scientific Research,Knowledge & Long Context,False,Knowledge & Long Context × Scientific Research
mmau,strongreject,-0.3205882352941177,0.3205882352941177,Multimodal,Safety & Security,False,Multimodal × Safety & Security
labbench,medagentbench,0.3205882352941177,0.3205882352941177,Scientific Research,Professional Domains,False,Professional Domains × Scientific Research
ineqmath,simpleqa,0.3205882352941177,0.3205882352941177,Mathematics & Reasoning,Knowledge & Long Context,False,Knowledge & Long Context × Mathematics & Reasoning
medagentbench,strongreject,-0.3176470588235294,0.3176470588235294,Professional Domains,Safety & Security,False,Professional Domains × Safety & Security
reasoning-gym,strongreject,-0.3176470588235294,0.3176470588235294,Mathematics & Reasoning,Safety & Security,False,Mathematics & Reasoning × Safety & Security
research-code-bench,swtbench,0.3143932843667338,0.3143932843667338,Scientific Research,Software Engineering,False,Scientific Research × Software Engineering
gso,mmmlu,0.3126857262223895,0.3126857262223895,Software Engineering,Knowledge & Long Context,False,Knowledge & Long Context × Software Engineering
bigcodebench,gaia,0.31199419778378795,0.31199419778378795,Software Engineering,"Agents, Tools & Systems",False,"Agents, Tools & Systems × Software Engineering"
labbench,scicode,0.31176470588235294,0.31176470588235294,Scientific Research,Scientific Research,True,Scientific Research
codepde,swebenchpro,0.3107011916235438,0.3107011916235438,Scientific Research,Software Engineering,False,Scientific Research × Software Engineering
bfcl,qcircuitbench,0.3088235294117647,0.3088235294117647,"Agents, Tools & Systems",Scientific Research,False,"Agents, Tools & Systems × Scientific Research"
bigcodebench,omnimath,0.3085419734904271,0.3085419734904271,Software Engineering,Mathematics & Reasoning,False,Mathematics & Reasoning × Software Engineering
deepsynth,ineqmath,0.3,0.3,"Agents, Tools & Systems",Mathematics & Reasoning,False,"Agents, Tools & Systems × Mathematics & Reasoning"
ineqmath,widesearch,0.3,0.3,Mathematics & Reasoning,"Agents, Tools & Systems",False,"Agents, Tools & Systems × Mathematics & Reasoning"
mmmlu,spreadsheetbench,0.29498653417206555,0.29498653417206555,Knowledge & Long Context,Professional Domains,False,Knowledge & Long Context × Professional Domains
bfcl,sldbench,0.29411764705882354,0.29411764705882354,"Agents, Tools & Systems",Scientific Research,False,"Agents, Tools & Systems × Scientific Research"
ineqmath,mmau,0.2911764705882353,0.2911764705882353,Mathematics & Reasoning,Multimodal,False,Mathematics & Reasoning × Multimodal
reasoning-gym,simpleqa,0.2911764705882353,0.2911764705882353,Mathematics & Reasoning,Knowledge & Long Context,False,Knowledge & Long Context × Mathematics & Reasoning
bigcodebench,research-code-bench,0.2895138187391608,0.2895138187391608,Software Engineering,Scientific Research,False,Scientific Research × Software Engineering
medagentbench,mmmlu,0.28908680348862426,0.28908680348862426,Professional Domains,Knowledge & Long Context,False,Knowledge & Long Context × Professional Domains
ineqmath,seal0,0.28823529411764703,0.28823529411764703,Mathematics & Reasoning,"Agents, Tools & Systems",False,"Agents, Tools & Systems × Mathematics & Reasoning"
codepde,swtbench,0.2859255329180826,0.2859255329180826,Scientific Research,Software Engineering,False,Scientific Research × Software Engineering
bfcl,mmau,0.2823529411764706,0.2823529411764706,"Agents, Tools & Systems",Multimodal,False,"Agents, Tools & Systems × Multimodal"
ineqmath,terminal-bench,0.2823529411764706,0.2823529411764706,Mathematics & Reasoning,"Agents, Tools & Systems",False,"Agents, Tools & Systems × Mathematics & Reasoning"
codepde,labbench,-0.27560863224578064,0.27560863224578064,Scientific Research,Scientific Research,True,Scientific Research
labbench,swebench-verified,0.2735294117647059,0.2735294117647059,Scientific Research,Software Engineering,False,Scientific Research × Software Engineering
research-code-bench,swebench-verified,0.273064589708196,0.273064589708196,Scientific Research,Software Engineering,False,Scientific Research × Software Engineering
research-code-bench,sldbench,0.2627324160435616,0.2627324160435616,Scientific Research,Scientific Research,True,Scientific Research
ineqmath,usaco,0.26176470588235295,0.26176470588235295,Mathematics & Reasoning,Software Engineering,False,Mathematics & Reasoning × Software Engineering
ineqmath,scicode,0.25588235294117645,0.25588235294117645,Mathematics & Reasoning,Scientific Research,False,Mathematics & Reasoning × Scientific Research
bfcl,seal0,0.2529411764705882,0.2529411764705882,"Agents, Tools & Systems","Agents, Tools & Systems",True,"Agents, Tools & Systems"
hle,ineqmath,0.2529411764705882,0.2529411764705882,Knowledge & Long Context,Mathematics & Reasoning,False,Knowledge & Long Context × Mathematics & Reasoning
humanevalfix,research-code-bench,0.25208351649955246,0.25208351649955246,Software Engineering,Scientific Research,False,Scientific Research × Software Engineering
mmmlu,scicode,0.2507385540462557,0.2507385540462557,Knowledge & Long Context,Scientific Research,False,Knowledge & Long Context × Scientific Research
ineqmath,mmmlu,0.2507385540462557,0.2507385540462557,Mathematics & Reasoning,Knowledge & Long Context,False,Knowledge & Long Context × Mathematics & Reasoning
codepde,scicode,0.25055330204161874,0.25055330204161874,Scientific Research,Scientific Research,True,Scientific Research
omnimath,research-code-bench,0.2496318130965213,0.2496318130965213,Mathematics & Reasoning,Scientific Research,False,Mathematics & Reasoning × Scientific Research
codepde,lawbench,0.24907945908843274,0.24907945908843274,Scientific Research,Professional Domains,False,Professional Domains × Scientific Research
humanevalfix,labbench,0.24816508811702087,0.24816508811702087,Software Engineering,Scientific Research,False,Scientific Research × Software Engineering
humanevalfix,mmmlu,0.24739883456076792,0.24739883456076792,Software Engineering,Knowledge & Long Context,False,Knowledge & Long Context × Software Engineering
ineqmath,quixbugs,0.24705882352941178,0.24705882352941178,Mathematics & Reasoning,Software Engineering,False,Mathematics & Reasoning × Software Engineering
simpleqa,strongreject,-0.24411764705882352,0.24411764705882352,Knowledge & Long Context,Safety & Security,False,Knowledge & Long Context × Safety & Security
bfcl,compilebench,0.23929333911952408,0.23929333911952408,"Agents, Tools & Systems",Software Engineering,False,"Agents, Tools & Systems × Software Engineering"
mmmlu,usaco,0.2389390926793731,0.2389390926793731,Knowledge & Long Context,Software Engineering,False,Knowledge & Long Context × Software Engineering
labbench,swebenchpro,0.2385864148595724,0.2385864148595724,Scientific Research,Software Engineering,False,Scientific Research × Software Engineering
gaia2,ineqmath,0.23693898982636727,0.23693898982636727,"Agents, Tools & Systems",Mathematics & Reasoning,False,"Agents, Tools & Systems × Mathematics & Reasoning"
pixiu,research-code-bench,0.23616396947735874,0.23616396947735874,Professional Domains,Scientific Research,False,Professional Domains × Scientific Research
crustbench,strongreject,-0.2354673190821041,0.2354673190821041,Software Engineering,Safety & Security,False,Safety & Security × Software Engineering
gaia,strongreject,-0.2323529411764706,0.2323529411764706,"Agents, Tools & Systems",Safety & Security,False,"Agents, Tools & Systems × Safety & Security"
algotune,labbench,0.2323529411764706,0.2323529411764706,Software Engineering,Scientific Research,False,Scientific Research × Software Engineering
research-code-bench,swesmith,0.23042936593525043,0.23042936593525043,Scientific Research,Software Engineering,False,Scientific Research × Software Engineering
bigcodebench,simpleqa,0.2295806361050515,0.2295806361050515,Software Engineering,Knowledge & Long Context,False,Knowledge & Long Context × Software Engineering
mmmlu,qcircuitbench,0.2271396313124905,0.2271396313124905,Knowledge & Long Context,Scientific Research,False,Knowledge & Long Context × Scientific Research
codepde,research-code-bench,-0.22707125436716433,0.22707125436716433,Scientific Research,Scientific Research,True,Scientific Research
ineqmath,skillsbench,0.22647058823529412,0.22647058823529412,Mathematics & Reasoning,"Agents, Tools & Systems",False,"Agents, Tools & Systems × Mathematics & Reasoning"
gso,ineqmath,0.22647058823529412,0.22647058823529412,Software Engineering,Mathematics & Reasoning,False,Mathematics & Reasoning × Software Engineering
labbench,sldbench,0.21764705882352942,0.21764705882352942,Scientific Research,Scientific Research,True,Scientific Research
codepde,gaia2,0.21755185905097563,0.21755185905097563,Scientific Research,"Agents, Tools & Systems",False,"Agents, Tools & Systems × Scientific Research"
medagentbench,research-code-bench,0.21549962214808985,0.21549962214808985,Professional Domains,Scientific Research,False,Professional Domains × Scientific Research
lawbench,mmmlu,0.21534016994560787,0.21534016994560787,Professional Domains,Knowledge & Long Context,False,Knowledge & Long Context × Professional Domains
labbench,lawbench,0.21470588235294116,0.21470588235294116,Scientific Research,Professional Domains,False,Professional Domains × Scientific Research
mmmlu,swebench-verified,0.21239030460388722,0.21239030460388722,Knowledge & Long Context,Software Engineering,False,Knowledge & Long Context × Software Engineering
gso,usaco,0.2088235294117647,0.2088235294117647,Software Engineering,Software Engineering,True,Software Engineering
codepde,spreadsheetbench,0.20486417049285296,0.20486417049285296,Scientific Research,Professional Domains,False,Professional Domains × Scientific Research
ineqmath,spreadsheetbench,0.20294117647058824,0.20294117647058824,Mathematics & Reasoning,Professional Domains,False,Mathematics & Reasoning × Professional Domains
codepde,ineqmath,0.20191648458648098,0.20191648458648098,Scientific Research,Mathematics & Reasoning,False,Mathematics & Reasoning × Scientific Research
codepde,seal0,-0.20191648458648098,0.20191648458648098,Scientific Research,"Agents, Tools & Systems",False,"Agents, Tools & Systems × Scientific Research"
algotune,codepde,0.200442641633295,0.200442641633295,Software Engineering,Scientific Research,False,Scientific Research × Software Engineering
bfcl,swtbench,0.2,0.2,"Agents, Tools & Systems",Software Engineering,False,"Agents, Tools & Systems × Software Engineering"
bfcl,ineqmath,0.2,0.2,"Agents, Tools & Systems",Mathematics & Reasoning,False,"Agents, Tools & Systems × Mathematics & Reasoning"
spreadsheetbench,usaco,0.19705882352941176,0.19705882352941176,Professional Domains,Software Engineering,False,Professional Domains × Software Engineering
ineqmath,swesmith,0.18984552600994645,0.18984552600994645,Mathematics & Reasoning,Software Engineering,False,Mathematics & Reasoning × Software Engineering
ineqmath,swtbench,0.18823529411764706,0.18823529411764706,Mathematics & Reasoning,Software Engineering,False,Mathematics & Reasoning × Software Engineering
crustbench,mmmlu,0.18450229722435965,0.18450229722435965,Software Engineering,Knowledge & Long Context,False,Knowledge & Long Context × Software Engineering
codepde,gso,0.18423036914824908,0.18423036914824908,Scientific Research,Software Engineering,False,Scientific Research × Software Engineering
codepde,medagentbench,0.18423036914824908,0.18423036914824908,Scientific Research,Professional Domains,False,Professional Domains × Scientific Research
crustbench,ineqmath,0.18395884303289384,0.18395884303289384,Software Engineering,Mathematics & Reasoning,False,Mathematics & Reasoning × Software Engineering
gpqa-diamond,research-code-bench,0.18302707634495302,0.18302707634495302,Knowledge & Long Context,Scientific Research,False,Knowledge & Long Context × Scientific Research
bixbench,codepde,-0.1798088402886911,0.1798088402886911,Scientific Research,Scientific Research,True,Scientific Research
labbench,spider2,0.17941176470588235,0.17941176470588235,Scientific Research,Data & Analytics,False,Data & Analytics × Scientific Research
financeagent_terminal,labbench,0.17941176470588235,0.17941176470588235,Professional Domains,Scientific Research,False,Professional Domains × Scientific Research
codepde,crustbench,0.17846627081469865,0.17846627081469865,Scientific Research,Software Engineering,False,Scientific Research × Software Engineering
humanevalfix,ineqmath,0.17790147883087642,0.17790147883087642,Software Engineering,Mathematics & Reasoning,False,Mathematics & Reasoning × Software Engineering
codepde,financeagent_terminal,0.17391346847594713,0.17391346847594713,Scientific Research,Professional Domains,False,Professional Domains × Scientific Research
ineqmath,lawbench,0.17352941176470588,0.17352941176470588,Mathematics & Reasoning,Professional Domains,False,Mathematics & Reasoning × Professional Domains
codepde,usaco,0.17243962552276113,0.17243962552276113,Scientific Research,Software Engineering,False,Scientific Research × Software Engineering
codepde,humanevalfix,0.15881758365281687,0.15881758365281687,Scientific Research,Software Engineering,False,Scientific Research × Software Engineering
research-code-bench,strongreject,0.15350658016028318,0.15350658016028318,Scientific Research,Safety & Security,False,Safety & Security × Scientific Research
spider2,usaco,0.15294117647058825,0.15294117647058825,Data & Analytics,Software Engineering,False,Data & Analytics × Software Engineering
bixbench,ineqmath,0.15294117647058825,0.15294117647058825,Scientific Research,Mathematics & Reasoning,False,Mathematics & Reasoning × Scientific Research
bigcodebench,usaco,0.15011041591484137,0.15011041591484137,Software Engineering,Software Engineering,True,Software Engineering
ineqmath,spider2,0.15,0.15,Mathematics & Reasoning,Data & Analytics,False,Data & Analytics × Mathematics & Reasoning
codepde,quixbugs,0.1414889235058553,0.1414889235058553,Scientific Research,Software Engineering,False,Scientific Research × Software Engineering
mmau,simpleqa,0.1411764705882353,0.1411764705882353,Multimodal,Knowledge & Long Context,False,Knowledge & Long Context × Multimodal
mmmlu,swesmith,0.13874572751271846,0.13874572751271846,Knowledge & Long Context,Software Engineering,False,Knowledge & Long Context × Software Engineering
codepde,omnimath,-0.13790575472044897,0.13790575472044897,Scientific Research,Mathematics & Reasoning,False,Mathematics & Reasoning × Scientific Research
ineqmath,swe-lancer,0.13529411764705881,0.13529411764705881,Mathematics & Reasoning,Software Engineering,False,Mathematics & Reasoning × Software Engineering
codepde,gaia,-0.12969817988036736,0.12969817988036736,Scientific Research,"Agents, Tools & Systems",False,"Agents, Tools & Systems × Scientific Research"
bfcl,codepde,0.12822433692718135,0.12822433692718135,"Agents, Tools & Systems",Scientific Research,False,"Agents, Tools & Systems × Scientific Research"
gaia2,usaco,0.12656368400663096,0.12656368400663096,"Agents, Tools & Systems",Software Engineering,False,"Agents, Tools & Systems × Software Engineering"
ineqmath,livecodebench,0.12058823529411765,0.12058823529411765,Mathematics & Reasoning,Software Engineering,False,Mathematics & Reasoning × Software Engineering
ineqmath,kumo,0.11773365954105205,0.11773365954105205,Mathematics & Reasoning,Mathematics & Reasoning,True,Mathematics & Reasoning
reasoning-gym,research-code-bench,-0.11512993512021238,0.11512993512021238,Mathematics & Reasoning,Scientific Research,False,Mathematics & Reasoning × Scientific Research
codepde,terminal-bench,0.11495975034850742,0.11495975034850742,Scientific Research,"Agents, Tools & Systems",False,"Agents, Tools & Systems × Scientific Research"
bfcl,mmmlu,0.11209488298538492,0.11209488298538492,"Agents, Tools & Systems",Knowledge & Long Context,False,"Agents, Tools & Systems × Knowledge & Long Context"
codepde,qcircuitbench,0.11053822148894944,0.11053822148894944,Scientific Research,Scientific Research,True,Scientific Research
mmmlu,strongreject,-0.10914501764366426,0.10914501764366426,Knowledge & Long Context,Safety & Security,False,Knowledge & Long Context × Safety & Security
codepde,widesearch,0.10611669262939147,0.10611669262939147,Scientific Research,"Agents, Tools & Systems",False,"Agents, Tools & Systems × Scientific Research"
labbench,reasoning-gym,0.10588235294117647,0.10588235294117647,Scientific Research,Mathematics & Reasoning,False,Mathematics & Reasoning × Scientific Research
qcircuitbench,research-code-bench,0.09594161260017699,0.09594161260017699,Scientific Research,Scientific Research,True,Scientific Research
research-code-bench,scicode,0.0944655877909435,0.0944655877909435,Scientific Research,Scientific Research,True,Scientific Research
bfcl,usaco,0.09411764705882353,0.09411764705882353,"Agents, Tools & Systems",Software Engineering,False,"Agents, Tools & Systems × Software Engineering"
gso,labbench,0.09411764705882353,0.09411764705882353,Software Engineering,Scientific Research,False,Scientific Research × Software Engineering
aime,codepde,0.09285210605071753,0.09285210605071753,Mathematics & Reasoning,Scientific Research,False,Mathematics & Reasoning × Scientific Research
ineqmath,research-code-bench,0.09151353817247651,0.09151353817247651,Mathematics & Reasoning,Scientific Research,False,Mathematics & Reasoning × Scientific Research
lawbench,research-code-bench,0.08856148855400953,0.08856148855400953,Professional Domains,Scientific Research,False,Professional Domains × Scientific Research
codepde,strongreject,0.08843057719115956,0.08843057719115956,Scientific Research,Safety & Security,False,Safety & Security × Scientific Research
codepde,compilebench,0.08808311872200535,0.08808311872200535,Scientific Research,Software Engineering,False,Scientific Research × Software Engineering
ineqmath,replicationbench,0.08235294117647059,0.08235294117647059,Mathematics & Reasoning,Scientific Research,False,Mathematics & Reasoning × Scientific Research
codepde,spider2,0.0795875194720436,0.0795875194720436,Scientific Research,Data & Analytics,False,Data & Analytics × Scientific Research
codepde,swebench-verified,0.0781136765188576,0.0781136765188576,Scientific Research,Software Engineering,False,Scientific Research × Software Engineering
codepde,hle,-0.07663983356567161,0.07663983356567161,Scientific Research,Knowledge & Long Context,False,Knowledge & Long Context × Scientific Research
arc-agi-2,ineqmath,0.07363778236406555,0.07363778236406555,Mathematics & Reasoning,Mathematics & Reasoning,True,Mathematics & Reasoning
gaia2,labbench,0.07358353721315754,0.07358353721315754,"Agents, Tools & Systems",Scientific Research,False,"Agents, Tools & Systems × Scientific Research"
aider-polyglot,ineqmath,0.07058823529411765,0.07058823529411765,Software Engineering,Mathematics & Reasoning,False,Mathematics & Reasoning × Software Engineering
codepde,swe-lancer,0.06779677584655566,0.06779677584655566,Scientific Research,Software Engineering,False,Scientific Research × Software Engineering
labbench,spreadsheetbench,0.06764705882352941,0.06764705882352941,Scientific Research,Professional Domains,False,Professional Domains × Scientific Research
codepde,livecodebench,-0.06632293289336967,0.06632293289336967,Scientific Research,Software Engineering,False,Scientific Research × Software Engineering
codepde,skillsbench,0.06632293289336967,0.06632293289336967,Scientific Research,"Agents, Tools & Systems",False,"Agents, Tools & Systems × Scientific Research"
codepde,kumo,-0.06489682575079951,0.06489682575079951,Scientific Research,Mathematics & Reasoning,False,Mathematics & Reasoning × Scientific Research
ineqmath,labbench,-0.06470588235294118,0.06470588235294118,Mathematics & Reasoning,Scientific Research,False,Mathematics & Reasoning × Scientific Research
labbench,strongreject,0.061764705882352944,0.061764705882352944,Scientific Research,Safety & Security,False,Safety & Security × Scientific Research
labbench,swesmith,0.057395159026262875,0.057395159026262875,Scientific Research,Software Engineering,False,Scientific Research × Software Engineering
compilebench,ineqmath,-0.05613053633667849,0.05613053633667849,Software Engineering,Mathematics & Reasoning,False,Mathematics & Reasoning × Software Engineering
bigcodebench,mmmlu,0.056088698356205335,0.056088698356205335,Software Engineering,Knowledge & Long Context,False,Knowledge & Long Context × Software Engineering
bigcodebench,labbench,0.052980146793473425,0.052980146793473425,Software Engineering,Scientific Research,False,Scientific Research × Software Engineering
swesmith,usaco,0.05150847604921027,0.05150847604921027,Software Engineering,Software Engineering,True,Software Engineering
arc-agi-2,codepde,-0.04797049276848064,0.04797049276848064,Mathematics & Reasoning,Scientific Research,False,Mathematics & Reasoning × Scientific Research
aider-polyglot,codepde,0.04568913154876577,0.04568913154876577,Software Engineering,Scientific Research,False,Scientific Research × Software Engineering
codepde,pixiu,-0.04274144564239379,0.04274144564239379,Scientific Research,Professional Domains,False,Professional Domains × Scientific Research
ineqmath,pixiu,0.041176470588235294,0.041176470588235294,Mathematics & Reasoning,Professional Domains,False,Mathematics & Reasoning × Professional Domains
ineqmath,qcircuitbench,0.03823529411764706,0.03823529411764706,Mathematics & Reasoning,Scientific Research,False,Mathematics & Reasoning × Scientific Research
codepde,gpqa-diamond,0.03537223087646382,0.03537223087646382,Scientific Research,Knowledge & Long Context,False,Knowledge & Long Context × Scientific Research
research-code-bench,usaco,-0.03394857061237032,0.03394857061237032,Scientific Research,Software Engineering,False,Scientific Research × Software Engineering
codepde,replicationbench,-0.03389838792327783,0.03389838792327783,Scientific Research,Scientific Research,True,Scientific Research
bfcl,research-code-bench,0.02804447137543635,0.02804447137543635,"Agents, Tools & Systems",Scientific Research,False,"Agents, Tools & Systems × Scientific Research"
codepde,swesmith,0.023598845727563458,0.023598845727563458,Scientific Research,Software Engineering,False,Scientific Research × Software Engineering
mmau,mmmlu,0.02064905739204459,0.02064905739204459,Multimodal,Knowledge & Long Context,False,Knowledge & Long Context × Multimodal
mmau,research-code-bench,0.019188322520035397,0.019188322520035397,Multimodal,Scientific Research,False,Multimodal × Scientific Research
bigcodebench,ineqmath,0.019131719675420957,0.019131719675420957,Software Engineering,Mathematics & Reasoning,False,Mathematics & Reasoning × Software Engineering
mmmlu,reasoning-gym,0.005899730683441311,0.005899730683441311,Knowledge & Long Context,Mathematics & Reasoning,False,Knowledge & Long Context × Mathematics & Reasoning
codepde,sldbench,0.004421528859557978,0.004421528859557978,Scientific Research,Scientific Research,True,Scientific Research
codepde,deepsynth,-0.004421528859557978,0.004421528859557978,Scientific Research,"Agents, Tools & Systems",False,"Agents, Tools & Systems × Scientific Research"
ineqmath,swebench-verified,-0.0029411764705882353,0.0029411764705882353,Mathematics & Reasoning,Software Engineering,False,Mathematics & Reasoning × Software Engineering
ineqmath,strongreject,0.0029411764705882353,0.0029411764705882353,Mathematics & Reasoning,Safety & Security,False,Mathematics & Reasoning × Safety & Security
labbench,mmau,0.0029411764705882353,0.0029411764705882353,Scientific Research,Multimodal,False,Multimodal × Scientific Research
bfcl,labbench,0.0,0.0,"Agents, Tools & Systems",Scientific Research,False,"Agents, Tools & Systems × Scientific Research"
